[     318ms] [INFO] %cDownload the React DevTools for a better development experience: https://react.dev/link/react-devtools font-weight:bold @ http://sjm.localhost:3000/_next/static/chunks/217dd_next_dist_9c560571._.js:2297
[     355ms] [LOG] [HMR] connected @ http://sjm.localhost:3000/_next/static/chunks/217dd_next_dist_9c560571._.js:2297
[     503ms] [LOG] [Fast Refresh] rebuilding @ http://sjm.localhost:3000/_next/static/chunks/217dd_next_dist_9c560571._.js:2297
[    1081ms] [LOG] [Fast Refresh] done in 718ms @ http://sjm.localhost:3000/_next/static/chunks/217dd_next_dist_9c560571._.js:2297
[   60965ms] [LOG] [Fast Refresh] rebuilding @ http://sjm.localhost:3000/_next/static/chunks/217dd_next_dist_9c560571._.js:2297
[   61614ms] [LOG] [Fast Refresh] done in 760ms @ http://sjm.localhost:3000/_next/static/chunks/217dd_next_dist_9c560571._.js:2297
[   65692ms] [LOG] Login API Response: {data: Object, status: 200, statusText: OK, headers: AxiosHeaders, config: Object} @ http://sjm.localhost:3000/_next/static/chunks/217dd_next_dist_9c560571._.js:2297
[   65941ms] [INFO] %cDownload the React DevTools for a better development experience: https://react.dev/link/react-devtools font-weight:bold @ http://sjm.localhost:3000/_next/static/chunks/217dd_next_dist_9c560571._.js:2297
[   65976ms] [LOG] [HMR] connected @ http://sjm.localhost:3000/_next/static/chunks/217dd_next_dist_9c560571._.js:2297
[   66096ms] [LOG] Detected Host: sjm.localhost:3000 http://sjm.localhost:3000/dashboardportal @ http://sjm.localhost:3000/_next/static/chunks/217dd_next_dist_9c560571._.js:2297
[   66096ms] [LOG] Detected Host: sjm.localhost:3000 http://sjm.localhost:3000/dashboardportal @ http://sjm.localhost:3000/_next/static/chunks/217dd_next_dist_9c560571._.js:2297
[   66120ms] [LOG] Detected Host: sjm.localhost:3000 http://sjm.localhost:3000/dashboardportal @ http://sjm.localhost:3000/_next/static/chunks/217dd_next_dist_9c560571._.js:2297
[   66121ms] [LOG] Detected Host: sjm.localhost:3000 http://sjm.localhost:3000/dashboardportal @ http://sjm.localhost:3000/_next/static/chunks/217dd_next_dist_9c560571._.js:2297
[   66129ms] [LOG] Detected Host: sjm.localhost:3000 http://sjm.localhost:3000/dashboardportal @ http://sjm.localhost:3000/_next/static/chunks/217dd_next_dist_9c560571._.js:2297
[   66130ms] [LOG] Detected Host: sjm.localhost:3000 http://sjm.localhost:3000/dashboardportal @ http://sjm.localhost:3000/_next/static/chunks/217dd_next_dist_9c560571._.js:2297
[   66144ms] [LOG] Detected Host: sjm.localhost:3000 http://sjm.localhost:3000/dashboardportal @ http://sjm.localhost:3000/_next/static/chunks/217dd_next_dist_9c560571._.js:2297
[   66145ms] [LOG] Detected Host: sjm.localhost:3000 http://sjm.localhost:3000/dashboardportal @ http://sjm.localhost:3000/_next/static/chunks/217dd_next_dist_9c560571._.js:2297
[   74841ms] [LOG] Detected Host: sjm.localhost:3000 http://sjm.localhost:3000/dashboardportal @ http://sjm.localhost:3000/_next/static/chunks/217dd_next_dist_9c560571._.js:2297
[   74842ms] [LOG] Detected Host: sjm.localhost:3000 http://sjm.localhost:3000/dashboardportal @ http://sjm.localhost:3000/_next/static/chunks/217dd_next_dist_9c560571._.js:2297
[   74847ms] [LOG] Detected Host: sjm.localhost:3000 http://sjm.localhost:3000/dashboardportal @ http://sjm.localhost:3000/_next/static/chunks/217dd_next_dist_9c560571._.js:2297
[   74847ms] [LOG] Detected Host: sjm.localhost:3000 http://sjm.localhost:3000/dashboardportal @ http://sjm.localhost:3000/_next/static/chunks/217dd_next_dist_9c560571._.js:2297
[   74852ms] [LOG] Detected Host: sjm.localhost:3000 http://sjm.localhost:3000/dashboardportal @ http://sjm.localhost:3000/_next/static/chunks/217dd_next_dist_9c560571._.js:2297
[   74855ms] [LOG] Detected Host: sjm.localhost:3000 http://sjm.localhost:3000/dashboardportal @ http://sjm.localhost:3000/_next/static/chunks/217dd_next_dist_9c560571._.js:2297
[  306120ms] [LOG] [Fast Refresh] rebuilding @ http://sjm.localhost:3000/_next/static/chunks/217dd_next_dist_9c560571._.js:2297
[  306868ms] [LOG] [Fast Refresh] done in 863ms @ http://sjm.localhost:3000/_next/static/chunks/217dd_next_dist_9c560571._.js:2297
[  344987ms] [LOG] [Fast Refresh] rebuilding @ http://sjm.localhost:3000/_next/static/chunks/217dd_next_dist_9c560571._.js:2297
[  351307ms] [LOG] [Fast Refresh] done in 6427ms @ http://sjm.localhost:3000/_next/static/chunks/217dd_next_dist_9c560571._.js:2297
[  351525ms] [INFO] %cDownload the React DevTools for a better development experience: https://react.dev/link/react-devtools font-weight:bold @ http://sjm.localhost:3000/_next/static/chunks/217dd_next_dist_9c560571._.js:2297
[  351568ms] [LOG] [HMR] connected @ http://sjm.localhost:3000/_next/static/chunks/217dd_next_dist_9c560571._.js:2297
[  351785ms] [LOG] Detected Host: sjm.localhost:3000 http://sjm.localhost:3000/dashboardportal/masters/projectMaster @ http://sjm.localhost:3000/_next/static/chunks/217dd_next_dist_9c560571._.js:2297
[  351786ms] [LOG] Detected Host: sjm.localhost:3000 http://sjm.localhost:3000/dashboardportal/masters/projectMaster @ http://sjm.localhost:3000/_next/static/chunks/217dd_next_dist_9c560571._.js:2297
[  351809ms] [LOG] Detected Host: sjm.localhost:3000 http://sjm.localhost:3000/dashboardportal/masters/projectMaster @ http://sjm.localhost:3000/_next/static/chunks/217dd_next_dist_9c560571._.js:2297
[  351810ms] [LOG] Detected Host: sjm.localhost:3000 http://sjm.localhost:3000/dashboardportal/masters/projectMaster @ http://sjm.localhost:3000/_next/static/chunks/217dd_next_dist_9c560571._.js:2297
[  351841ms] [LOG] Detected Host: sjm.localhost:3000 http://sjm.localhost:3000/dashboardportal/masters/projectMaster @ http://sjm.localhost:3000/_next/static/chunks/217dd_next_dist_9c560571._.js:2297
[  351841ms] [LOG] Detected Host: sjm.localhost:3000 http://sjm.localhost:3000/dashboardportal/masters/projectMaster @ http://sjm.localhost:3000/_next/static/chunks/217dd_next_dist_9c560571._.js:2297
[  351863ms] [LOG] Detected Host: sjm.localhost:3000 http://sjm.localhost:3000/dashboardportal/masters/projectMaster @ http://sjm.localhost:3000/_next/static/chunks/217dd_next_dist_9c560571._.js:2297
[  351864ms] [LOG] Detected Host: sjm.localhost:3000 http://sjm.localhost:3000/dashboardportal/masters/projectMaster @ http://sjm.localhost:3000/_next/static/chunks/217dd_next_dist_9c560571._.js:2297
[  351883ms] [LOG] Detected Host: sjm.localhost:3000 http://sjm.localhost:3000/dashboardportal/masters/projectMaster @ http://sjm.localhost:3000/_next/static/chunks/217dd_next_dist_9c560571._.js:2297
[  351883ms] [LOG] Detected Host: sjm.localhost:3000 http://sjm.localhost:3000/dashboardportal/masters/projectMaster @ http://sjm.localhost:3000/_next/static/chunks/217dd_next_dist_9c560571._.js:2297
[  351906ms] [LOG] Detected Host: sjm.localhost:3000 http://sjm.localhost:3000/dashboardportal/masters/projectMaster @ http://sjm.localhost:3000/_next/static/chunks/217dd_next_dist_9c560571._.js:2297
[  351907ms] [LOG] Detected Host: sjm.localhost:3000 http://sjm.localhost:3000/dashboardportal/masters/projectMaster @ http://sjm.localhost:3000/_next/static/chunks/217dd_next_dist_9c560571._.js:2297
[  351921ms] [LOG] [Fast Refresh] rebuilding @ http://sjm.localhost:3000/_next/static/chunks/217dd_next_dist_9c560571._.js:2297
[  351930ms] [LOG] Detected Host: sjm.localhost:3000 http://sjm.localhost:3000/dashboardportal/masters/projectMaster @ http://sjm.localhost:3000/_next/static/chunks/217dd_next_dist_9c560571._.js:2297
[  351931ms] [LOG] Detected Host: sjm.localhost:3000 http://sjm.localhost:3000/dashboardportal/masters/projectMaster @ http://sjm.localhost:3000/_next/static/chunks/217dd_next_dist_9c560571._.js:2297
[  351950ms] [LOG] Detected Host: sjm.localhost:3000 http://sjm.localhost:3000/dashboardportal/masters/projectMaster @ http://sjm.localhost:3000/_next/static/chunks/217dd_next_dist_9c560571._.js:2297
[  351950ms] [LOG] Detected Host: sjm.localhost:3000 http://sjm.localhost:3000/dashboardportal/masters/projectMaster @ http://sjm.localhost:3000/_next/static/chunks/217dd_next_dist_9c560571._.js:2297
[  351979ms] [LOG] Detected Host: sjm.localhost:3000 http://sjm.localhost:3000/dashboardportal/masters/projectMaster @ http://sjm.localhost:3000/_next/static/chunks/217dd_next_dist_9c560571._.js:2297
[  351979ms] [LOG] Detected Host: sjm.localhost:3000 http://sjm.localhost:3000/dashboardportal/masters/projectMaster @ http://sjm.localhost:3000/_next/static/chunks/217dd_next_dist_9c560571._.js:2297
[  351997ms] [LOG] Detected Host: sjm.localhost:3000 http://sjm.localhost:3000/dashboardportal/masters/projectMaster @ http://sjm.localhost:3000/_next/static/chunks/217dd_next_dist_9c560571._.js:2297
[  351998ms] [LOG] Detected Host: sjm.localhost:3000 http://sjm.localhost:3000/dashboardportal/masters/projectMaster @ http://sjm.localhost:3000/_next/static/chunks/217dd_next_dist_9c560571._.js:2297
[  352079ms] [LOG] [Fast Refresh] done in 264ms @ http://sjm.localhost:3000/_next/static/chunks/217dd_next_dist_9c560571._.js:2297
[  352157ms] [LOG] Detected Host: sjm.localhost:3000 http://sjm.localhost:3000/dashboardportal/masters/projectMaster @ http://sjm.localhost:3000/_next/static/chunks/217dd_next_dist_9c560571._.js:2297
[  352164ms] [LOG] Detected Host: sjm.localhost:3000 http://sjm.localhost:3000/dashboardportal/masters/projectMaster @ http://sjm.localhost:3000/_next/static/chunks/217dd_next_dist_9c560571._.js:2297
[  352339ms] [LOG] Detected Host: sjm.localhost:3000 http://sjm.localhost:3000/dashboardportal/masters/projectMaster @ http://sjm.localhost:3000/_next/static/chunks/217dd_next_dist_9c560571._.js:2297
[  352344ms] [LOG] Detected Host: sjm.localhost:3000 http://sjm.localhost:3000/dashboardportal/masters/projectMaster @ http://sjm.localhost:3000/_next/static/chunks/217dd_next_dist_9c560571._.js:2297
[  352472ms] [LOG] Detected Host: sjm.localhost:3000 http://sjm.localhost:3000/dashboardportal/masters/projectMaster @ http://sjm.localhost:3000/_next/static/chunks/217dd_next_dist_9c560571._.js:2297
[  352479ms] [LOG] Detected Host: sjm.localhost:3000 http://sjm.localhost:3000/dashboardportal/masters/projectMaster @ http://sjm.localhost:3000/_next/static/chunks/217dd_next_dist_9c560571._.js:2297
[  352653ms] [LOG] Detected Host: sjm.localhost:3000 http://sjm.localhost:3000/dashboardportal/masters/projectMaster @ http://sjm.localhost:3000/_next/static/chunks/217dd_next_dist_9c560571._.js:2297
[  352661ms] [LOG] Detected Host: sjm.localhost:3000 http://sjm.localhost:3000/dashboardportal/masters/projectMaster @ http://sjm.localhost:3000/_next/static/chunks/217dd_next_dist_9c560571._.js:2297
[  352919ms] [LOG] Detected Host: sjm.localhost:3000 http://sjm.localhost:3000/dashboardportal/masters/projectMaster @ http://sjm.localhost:3000/_next/static/chunks/217dd_next_dist_9c560571._.js:2297
[  352922ms] [LOG] Detected Host: sjm.localhost:3000 http://sjm.localhost:3000/dashboardportal/masters/projectMaster @ http://sjm.localhost:3000/_next/static/chunks/217dd_next_dist_9c560571._.js:2297
[  353068ms] [ERROR] Failed to load resource: the server responded with a status of 404 (Not Found) @ http://sjm.localhost:3000/dashboardportal/accounting:0
[  353210ms] [INFO] %cDownload the React DevTools for a better development experience: https://react.dev/link/react-devtools font-weight:bold @ http://sjm.localhost:3000/_next/static/chunks/217dd_next_dist_9c560571._.js:2297
[  353232ms] [LOG] [HMR] connected @ http://sjm.localhost:3000/_next/static/chunks/217dd_next_dist_9c560571._.js:2297
[  353385ms] [LOG] [Fast Refresh] rebuilding @ http://sjm.localhost:3000/_next/static/chunks/217dd_next_dist_9c560571._.js:2297
[  353498ms] [LOG] [Fast Refresh] done in 216ms @ http://sjm.localhost:3000/_next/static/chunks/217dd_next_dist_9c560571._.js:2297
[  353666ms] [LOG] [Fast Refresh] rebuilding @ http://sjm.localhost:3000/_next/static/chunks/217dd_next_dist_9c560571._.js:2297
[  355907ms] [INFO] %cDownload the React DevTools for a better development experience: https://react.dev/link/react-devtools font-weight:bold @ http://sjm.localhost:3000/_next/static/chunks/217dd_next_dist_9c560571._.js:2297
[  355942ms] [LOG] [HMR] connected @ http://sjm.localhost:3000/_next/static/chunks/217dd_next_dist_9c560571._.js:2297
[  356126ms] [LOG] Detected Host: sjm.localhost:3000 http://sjm.localhost:3000/dashboardportal/accounting/accountDeterminations @ http://sjm.localhost:3000/_next/static/chunks/217dd_next_dist_9c560571._.js:2297
[  356127ms] [LOG] Detected Host: sjm.localhost:3000 http://sjm.localhost:3000/dashboardportal/accounting/accountDeterminations @ http://sjm.localhost:3000/_next/static/chunks/217dd_next_dist_9c560571._.js:2297
[  356150ms] [LOG] Detected Host: sjm.localhost:3000 http://sjm.localhost:3000/dashboardportal/accounting/accountDeterminations @ http://sjm.localhost:3000/_next/static/chunks/217dd_next_dist_9c560571._.js:2297
[  356150ms] [LOG] Detected Host: sjm.localhost:3000 http://sjm.localhost:3000/dashboardportal/accounting/accountDeterminations @ http://sjm.localhost:3000/_next/static/chunks/217dd_next_dist_9c560571._.js:2297
[  356173ms] [LOG] Detected Host: sjm.localhost:3000 http://sjm.localhost:3000/dashboardportal/accounting/accountDeterminations @ http://sjm.localhost:3000/_next/static/chunks/217dd_next_dist_9c560571._.js:2297
[  356174ms] [LOG] Detected Host: sjm.localhost:3000 http://sjm.localhost:3000/dashboardportal/accounting/accountDeterminations @ http://sjm.localhost:3000/_next/static/chunks/217dd_next_dist_9c560571._.js:2297
[  356197ms] [LOG] Detected Host: sjm.localhost:3000 http://sjm.localhost:3000/dashboardportal/accounting/accountDeterminations @ http://sjm.localhost:3000/_next/static/chunks/217dd_next_dist_9c560571._.js:2297
[  356198ms] [LOG] Detected Host: sjm.localhost:3000 http://sjm.localhost:3000/dashboardportal/accounting/accountDeterminations @ http://sjm.localhost:3000/_next/static/chunks/217dd_next_dist_9c560571._.js:2297
[  356220ms] [LOG] Detected Host: sjm.localhost:3000 http://sjm.localhost:3000/dashboardportal/accounting/accountDeterminations @ http://sjm.localhost:3000/_next/static/chunks/217dd_next_dist_9c560571._.js:2297
[  356221ms] [LOG] Detected Host: sjm.localhost:3000 http://sjm.localhost:3000/dashboardportal/accounting/accountDeterminations @ http://sjm.localhost:3000/_next/static/chunks/217dd_next_dist_9c560571._.js:2297
[  356252ms] [LOG] Detected Host: sjm.localhost:3000 http://sjm.localhost:3000/dashboardportal/accounting/accountDeterminations @ http://sjm.localhost:3000/_next/static/chunks/217dd_next_dist_9c560571._.js:2297
[  356253ms] [LOG] Detected Host: sjm.localhost:3000 http://sjm.localhost:3000/dashboardportal/accounting/accountDeterminations @ http://sjm.localhost:3000/_next/static/chunks/217dd_next_dist_9c560571._.js:2297
[  356262ms] [LOG] [Fast Refresh] rebuilding @ http://sjm.localhost:3000/_next/static/chunks/217dd_next_dist_9c560571._.js:2297
[  356273ms] [LOG] Detected Host: sjm.localhost:3000 http://sjm.localhost:3000/dashboardportal/accounting/accountDeterminations @ http://sjm.localhost:3000/_next/static/chunks/217dd_next_dist_9c560571._.js:2297
[  356274ms] [LOG] Detected Host: sjm.localhost:3000 http://sjm.localhost:3000/dashboardportal/accounting/accountDeterminations @ http://sjm.localhost:3000/_next/static/chunks/217dd_next_dist_9c560571._.js:2297
[  356295ms] [LOG] Detected Host: sjm.localhost:3000 http://sjm.localhost:3000/dashboardportal/accounting/accountDeterminations @ http://sjm.localhost:3000/_next/static/chunks/217dd_next_dist_9c560571._.js:2297
[  356295ms] [LOG] Detected Host: sjm.localhost:3000 http://sjm.localhost:3000/dashboardportal/accounting/accountDeterminations @ http://sjm.localhost:3000/_next/static/chunks/217dd_next_dist_9c560571._.js:2297
[  356358ms] [LOG] [Fast Refresh] done in 197ms @ http://sjm.localhost:3000/_next/static/chunks/217dd_next_dist_9c560571._.js:2297
[  356386ms] [LOG] Detected Host: sjm.localhost:3000 http://sjm.localhost:3000/dashboardportal/accounting/accountDeterminations @ http://sjm.localhost:3000/_next/static/chunks/217dd_next_dist_9c560571._.js:2297
[  356391ms] [LOG] Detected Host: sjm.localhost:3000 http://sjm.localhost:3000/dashboardportal/accounting/accountDeterminations @ http://sjm.localhost:3000/_next/static/chunks/217dd_next_dist_9c560571._.js:2297
[  356476ms] [LOG] Detected Host: sjm.localhost:3000 http://sjm.localhost:3000/dashboardportal/accounting/accountDeterminations @ http://sjm.localhost:3000/_next/static/chunks/217dd_next_dist_9c560571._.js:2297
[  356481ms] [LOG] Detected Host: sjm.localhost:3000 http://sjm.localhost:3000/dashboardportal/accounting/accountDeterminations @ http://sjm.localhost:3000/_next/static/chunks/217dd_next_dist_9c560571._.js:2297
[  356606ms] [LOG] Detected Host: sjm.localhost:3000 http://sjm.localhost:3000/dashboardportal/accounting/accountDeterminations @ http://sjm.localhost:3000/_next/static/chunks/217dd_next_dist_9c560571._.js:2297
[  356610ms] [LOG] Detected Host: sjm.localhost:3000 http://sjm.localhost:3000/dashboardportal/accounting/accountDeterminations @ http://sjm.localhost:3000/_next/static/chunks/217dd_next_dist_9c560571._.js:2297
[  356691ms] [LOG] Detected Host: sjm.localhost:3000 http://sjm.localhost:3000/dashboardportal/accounting/accountDeterminations @ http://sjm.localhost:3000/_next/static/chunks/217dd_next_dist_9c560571._.js:2297
[  356695ms] [LOG] Detected Host: sjm.localhost:3000 http://sjm.localhost:3000/dashboardportal/accounting/accountDeterminations @ http://sjm.localhost:3000/_next/static/chunks/217dd_next_dist_9c560571._.js:2297
[  356890ms] [LOG] Detected Host: sjm.localhost:3000 http://sjm.localhost:3000/dashboardportal/accounting/accountDeterminations @ http://sjm.localhost:3000/_next/static/chunks/217dd_next_dist_9c560571._.js:2297
[  356892ms] [LOG] Detected Host: sjm.localhost:3000 http://sjm.localhost:3000/dashboardportal/accounting/accountDeterminations @ http://sjm.localhost:3000/_next/static/chunks/217dd_next_dist_9c560571._.js:2297
[  357135ms] [LOG] [Fast Refresh] rebuilding @ http://sjm.localhost:3000/_next/static/chunks/217dd_next_dist_9c560571._.js:2297
[  359369ms] [LOG] [Fast Refresh] done in 2348ms @ http://sjm.localhost:3000/_next/static/chunks/217dd_next_dist_9c560571._.js:2297
[  359619ms] [INFO] %cDownload the React DevTools for a better development experience: https://react.dev/link/react-devtools font-weight:bold @ http://sjm.localhost:3000/_next/static/chunks/217dd_next_dist_9c560571._.js:2297
[  359652ms] [LOG] [HMR] connected @ http://sjm.localhost:3000/_next/static/chunks/217dd_next_dist_9c560571._.js:2297
[  359791ms] [LOG] Detected Host: sjm.localhost:3000 http://sjm.localhost:3000/dashboardportal/accounting/financialYears @ http://sjm.localhost:3000/_next/static/chunks/217dd_next_dist_9c560571._.js:2297
[  359791ms] [LOG] Detected Host: sjm.localhost:3000 http://sjm.localhost:3000/dashboardportal/accounting/financialYears @ http://sjm.localhost:3000/_next/static/chunks/217dd_next_dist_9c560571._.js:2297
[  359818ms] [LOG] Detected Host: sjm.localhost:3000 http://sjm.localhost:3000/dashboardportal/accounting/financialYears @ http://sjm.localhost:3000/_next/static/chunks/217dd_next_dist_9c560571._.js:2297
[  359819ms] [LOG] Detected Host: sjm.localhost:3000 http://sjm.localhost:3000/dashboardportal/accounting/financialYears @ http://sjm.localhost:3000/_next/static/chunks/217dd_next_dist_9c560571._.js:2297
[  359846ms] [LOG] Detected Host: sjm.localhost:3000 http://sjm.localhost:3000/dashboardportal/accounting/financialYears @ http://sjm.localhost:3000/_next/static/chunks/217dd_next_dist_9c560571._.js:2297
[  359847ms] [LOG] Detected Host: sjm.localhost:3000 http://sjm.localhost:3000/dashboardportal/accounting/financialYears @ http://sjm.localhost:3000/_next/static/chunks/217dd_next_dist_9c560571._.js:2297
[  359875ms] [LOG] Detected Host: sjm.localhost:3000 http://sjm.localhost:3000/dashboardportal/accounting/financialYears @ http://sjm.localhost:3000/_next/static/chunks/217dd_next_dist_9c560571._.js:2297
[  359876ms] [LOG] Detected Host: sjm.localhost:3000 http://sjm.localhost:3000/dashboardportal/accounting/financialYears @ http://sjm.localhost:3000/_next/static/chunks/217dd_next_dist_9c560571._.js:2297
[  359902ms] [LOG] Detected Host: sjm.localhost:3000 http://sjm.localhost:3000/dashboardportal/accounting/financialYears @ http://sjm.localhost:3000/_next/static/chunks/217dd_next_dist_9c560571._.js:2297
[  359903ms] [LOG] Detected Host: sjm.localhost:3000 http://sjm.localhost:3000/dashboardportal/accounting/financialYears @ http://sjm.localhost:3000/_next/static/chunks/217dd_next_dist_9c560571._.js:2297
[  359923ms] [LOG] Detected Host: sjm.localhost:3000 http://sjm.localhost:3000/dashboardportal/accounting/financialYears @ http://sjm.localhost:3000/_next/static/chunks/217dd_next_dist_9c560571._.js:2297
[  359923ms] [LOG] Detected Host: sjm.localhost:3000 http://sjm.localhost:3000/dashboardportal/accounting/financialYears @ http://sjm.localhost:3000/_next/static/chunks/217dd_next_dist_9c560571._.js:2297
[  359931ms] [LOG] [Fast Refresh] rebuilding @ http://sjm.localhost:3000/_next/static/chunks/217dd_next_dist_9c560571._.js:2297
[  359946ms] [LOG] Detected Host: sjm.localhost:3000 http://sjm.localhost:3000/dashboardportal/accounting/financialYears @ http://sjm.localhost:3000/_next/static/chunks/217dd_next_dist_9c560571._.js:2297
[  359947ms] [LOG] Detected Host: sjm.localhost:3000 http://sjm.localhost:3000/dashboardportal/accounting/financialYears @ http://sjm.localhost:3000/_next/static/chunks/217dd_next_dist_9c560571._.js:2297
[  359966ms] [LOG] Detected Host: sjm.localhost:3000 http://sjm.localhost:3000/dashboardportal/accounting/financialYears @ http://sjm.localhost:3000/_next/static/chunks/217dd_next_dist_9c560571._.js:2297
[  359967ms] [LOG] Detected Host: sjm.localhost:3000 http://sjm.localhost:3000/dashboardportal/accounting/financialYears @ http://sjm.localhost:3000/_next/static/chunks/217dd_next_dist_9c560571._.js:2297
[  360006ms] [LOG] Detected Host: sjm.localhost:3000 http://sjm.localhost:3000/dashboardportal/accounting/financialYears @ http://sjm.localhost:3000/_next/static/chunks/217dd_next_dist_9c560571._.js:2297
[  360006ms] [LOG] Detected Host: sjm.localhost:3000 http://sjm.localhost:3000/dashboardportal/accounting/financialYears @ http://sjm.localhost:3000/_next/static/chunks/217dd_next_dist_9c560571._.js:2297
[  360026ms] [LOG] Detected Host: sjm.localhost:3000 http://sjm.localhost:3000/dashboardportal/accounting/financialYears @ http://sjm.localhost:3000/_next/static/chunks/217dd_next_dist_9c560571._.js:2297
[  360027ms] [LOG] Detected Host: sjm.localhost:3000 http://sjm.localhost:3000/dashboardportal/accounting/financialYears @ http://sjm.localhost:3000/_next/static/chunks/217dd_next_dist_9c560571._.js:2297
[  360084ms] [LOG] [Fast Refresh] done in 263ms @ http://sjm.localhost:3000/_next/static/chunks/217dd_next_dist_9c560571._.js:2297
[  360123ms] [LOG] Detected Host: sjm.localhost:3000 http://sjm.localhost:3000/dashboardportal/accounting/financialYears @ http://sjm.localhost:3000/_next/static/chunks/217dd_next_dist_9c560571._.js:2297
[  360129ms] [LOG] Detected Host: sjm.localhost:3000 http://sjm.localhost:3000/dashboardportal/accounting/financialYears @ http://sjm.localhost:3000/_next/static/chunks/217dd_next_dist_9c560571._.js:2297
[  360232ms] [LOG] Detected Host: sjm.localhost:3000 http://sjm.localhost:3000/dashboardportal/accounting/financialYears @ http://sjm.localhost:3000/_next/static/chunks/217dd_next_dist_9c560571._.js:2297
[  360236ms] [LOG] Detected Host: sjm.localhost:3000 http://sjm.localhost:3000/dashboardportal/accounting/financialYears @ http://sjm.localhost:3000/_next/static/chunks/217dd_next_dist_9c560571._.js:2297
[  360351ms] [LOG] Detected Host: sjm.localhost:3000 http://sjm.localhost:3000/dashboardportal/accounting/financialYears @ http://sjm.localhost:3000/_next/static/chunks/217dd_next_dist_9c560571._.js:2297
[  360355ms] [LOG] Detected Host: sjm.localhost:3000 http://sjm.localhost:3000/dashboardportal/accounting/financialYears @ http://sjm.localhost:3000/_next/static/chunks/217dd_next_dist_9c560571._.js:2297
[  360441ms] [LOG] Detected Host: sjm.localhost:3000 http://sjm.localhost:3000/dashboardportal/accounting/financialYears @ http://sjm.localhost:3000/_next/static/chunks/217dd_next_dist_9c560571._.js:2297
[  360445ms] [LOG] Detected Host: sjm.localhost:3000 http://sjm.localhost:3000/dashboardportal/accounting/financialYears @ http://sjm.localhost:3000/_next/static/chunks/217dd_next_dist_9c560571._.js:2297
[  360623ms] [LOG] Detected Host: sjm.localhost:3000 http://sjm.localhost:3000/dashboardportal/accounting/financialYears @ http://sjm.localhost:3000/_next/static/chunks/217dd_next_dist_9c560571._.js:2297
[  360624ms] [LOG] Detected Host: sjm.localhost:3000 http://sjm.localhost:3000/dashboardportal/accounting/financialYears @ http://sjm.localhost:3000/_next/static/chunks/217dd_next_dist_9c560571._.js:2297
[  360862ms] [LOG] [Fast Refresh] rebuilding @ http://sjm.localhost:3000/_next/static/chunks/217dd_next_dist_9c560571._.js:2297
[  362243ms] [LOG] [Fast Refresh] done in 1487ms @ http://sjm.localhost:3000/_next/static/chunks/217dd_next_dist_9c560571._.js:2297
[  362462ms] [INFO] %cDownload the React DevTools for a better development experience: https://react.dev/link/react-devtools font-weight:bold @ http://sjm.localhost:3000/_next/static/chunks/217dd_next_dist_9c560571._.js:2297
[  362500ms] [LOG] [HMR] connected @ http://sjm.localhost:3000/_next/static/chunks/217dd_next_dist_9c560571._.js:2297
[  362709ms] [LOG] Detected Host: sjm.localhost:3000 http://sjm.localhost:3000/dashboardportal/accounting/ledgerGroups @ http://sjm.localhost:3000/_next/static/chunks/217dd_next_dist_9c560571._.js:2297
[  362709ms] [LOG] Detected Host: sjm.localhost:3000 http://sjm.localhost:3000/dashboardportal/accounting/ledgerGroups @ http://sjm.localhost:3000/_next/static/chunks/217dd_next_dist_9c560571._.js:2297
[  362736ms] [LOG] Detected Host: sjm.localhost:3000 http://sjm.localhost:3000/dashboardportal/accounting/ledgerGroups @ http://sjm.localhost:3000/_next/static/chunks/217dd_next_dist_9c560571._.js:2297
[  362737ms] [LOG] Detected Host: sjm.localhost:3000 http://sjm.localhost:3000/dashboardportal/accounting/ledgerGroups @ http://sjm.localhost:3000/_next/static/chunks/217dd_next_dist_9c560571._.js:2297
[  362762ms] [LOG] Detected Host: sjm.localhost:3000 http://sjm.localhost:3000/dashboardportal/accounting/ledgerGroups @ http://sjm.localhost:3000/_next/static/chunks/217dd_next_dist_9c560571._.js:2297
[  362763ms] [LOG] Detected Host: sjm.localhost:3000 http://sjm.localhost:3000/dashboardportal/accounting/ledgerGroups @ http://sjm.localhost:3000/_next/static/chunks/217dd_next_dist_9c560571._.js:2297
[  362785ms] [LOG] Detected Host: sjm.localhost:3000 http://sjm.localhost:3000/dashboardportal/accounting/ledgerGroups @ http://sjm.localhost:3000/_next/static/chunks/217dd_next_dist_9c560571._.js:2297
[  362786ms] [LOG] Detected Host: sjm.localhost:3000 http://sjm.localhost:3000/dashboardportal/accounting/ledgerGroups @ http://sjm.localhost:3000/_next/static/chunks/217dd_next_dist_9c560571._.js:2297
[  362838ms] [LOG] Detected Host: sjm.localhost:3000 http://sjm.localhost:3000/dashboardportal/accounting/ledgerGroups @ http://sjm.localhost:3000/_next/static/chunks/217dd_next_dist_9c560571._.js:2297
[  362839ms] [LOG] Detected Host: sjm.localhost:3000 http://sjm.localhost:3000/dashboardportal/accounting/ledgerGroups @ http://sjm.localhost:3000/_next/static/chunks/217dd_next_dist_9c560571._.js:2297
[  362847ms] [LOG] [Fast Refresh] rebuilding @ http://sjm.localhost:3000/_next/static/chunks/217dd_next_dist_9c560571._.js:2297
[  362858ms] [LOG] Detected Host: sjm.localhost:3000 http://sjm.localhost:3000/dashboardportal/accounting/ledgerGroups @ http://sjm.localhost:3000/_next/static/chunks/217dd_next_dist_9c560571._.js:2297
[  362859ms] [LOG] Detected Host: sjm.localhost:3000 http://sjm.localhost:3000/dashboardportal/accounting/ledgerGroups @ http://sjm.localhost:3000/_next/static/chunks/217dd_next_dist_9c560571._.js:2297
[  362859ms] [LOG] [Fast Refresh] done in 115ms @ http://sjm.localhost:3000/_next/static/chunks/217dd_next_dist_9c560571._.js:2297
[  362886ms] [LOG] Detected Host: sjm.localhost:3000 http://sjm.localhost:3000/dashboardportal/accounting/ledgerGroups @ http://sjm.localhost:3000/_next/static/chunks/217dd_next_dist_9c560571._.js:2297
[  362887ms] [LOG] Detected Host: sjm.localhost:3000 http://sjm.localhost:3000/dashboardportal/accounting/ledgerGroups @ http://sjm.localhost:3000/_next/static/chunks/217dd_next_dist_9c560571._.js:2297
[  362908ms] [LOG] Detected Host: sjm.localhost:3000 http://sjm.localhost:3000/dashboardportal/accounting/ledgerGroups @ http://sjm.localhost:3000/_next/static/chunks/217dd_next_dist_9c560571._.js:2297
[  362909ms] [LOG] Detected Host: sjm.localhost:3000 http://sjm.localhost:3000/dashboardportal/accounting/ledgerGroups @ http://sjm.localhost:3000/_next/static/chunks/217dd_next_dist_9c560571._.js:2297
[  362930ms] [LOG] Detected Host: sjm.localhost:3000 http://sjm.localhost:3000/dashboardportal/accounting/ledgerGroups @ http://sjm.localhost:3000/_next/static/chunks/217dd_next_dist_9c560571._.js:2297
[  362931ms] [LOG] Detected Host: sjm.localhost:3000 http://sjm.localhost:3000/dashboardportal/accounting/ledgerGroups @ http://sjm.localhost:3000/_next/static/chunks/217dd_next_dist_9c560571._.js:2297
[  363015ms] [LOG] Detected Host: sjm.localhost:3000 http://sjm.localhost:3000/dashboardportal/accounting/ledgerGroups @ http://sjm.localhost:3000/_next/static/chunks/217dd_next_dist_9c560571._.js:2297
[  363020ms] [LOG] Detected Host: sjm.localhost:3000 http://sjm.localhost:3000/dashboardportal/accounting/ledgerGroups @ http://sjm.localhost:3000/_next/static/chunks/217dd_next_dist_9c560571._.js:2297
[  363108ms] [LOG] Detected Host: sjm.localhost:3000 http://sjm.localhost:3000/dashboardportal/accounting/ledgerGroups @ http://sjm.localhost:3000/_next/static/chunks/217dd_next_dist_9c560571._.js:2297
[  363114ms] [LOG] Detected Host: sjm.localhost:3000 http://sjm.localhost:3000/dashboardportal/accounting/ledgerGroups @ http://sjm.localhost:3000/_next/static/chunks/217dd_next_dist_9c560571._.js:2297
[  363243ms] [LOG] Detected Host: sjm.localhost:3000 http://sjm.localhost:3000/dashboardportal/accounting/ledgerGroups @ http://sjm.localhost:3000/_next/static/chunks/217dd_next_dist_9c560571._.js:2297
[  363250ms] [LOG] Detected Host: sjm.localhost:3000 http://sjm.localhost:3000/dashboardportal/accounting/ledgerGroups @ http://sjm.localhost:3000/_next/static/chunks/217dd_next_dist_9c560571._.js:2297
[  363353ms] [LOG] Detected Host: sjm.localhost:3000 http://sjm.localhost:3000/dashboardportal/accounting/ledgerGroups @ http://sjm.localhost:3000/_next/static/chunks/217dd_next_dist_9c560571._.js:2297
[  363357ms] [LOG] Detected Host: sjm.localhost:3000 http://sjm.localhost:3000/dashboardportal/accounting/ledgerGroups @ http://sjm.localhost:3000/_next/static/chunks/217dd_next_dist_9c560571._.js:2297
[  363487ms] [LOG] Detected Host: sjm.localhost:3000 http://sjm.localhost:3000/dashboardportal/accounting/ledgerGroups @ http://sjm.localhost:3000/_next/static/chunks/217dd_next_dist_9c560571._.js:2297
[  363489ms] [LOG] Detected Host: sjm.localhost:3000 http://sjm.localhost:3000/dashboardportal/accounting/ledgerGroups @ http://sjm.localhost:3000/_next/static/chunks/217dd_next_dist_9c560571._.js:2297
[  363742ms] [LOG] [Fast Refresh] rebuilding @ http://sjm.localhost:3000/_next/static/chunks/217dd_next_dist_9c560571._.js:2297
[  365494ms] [LOG] [Fast Refresh] done in 1858ms @ http://sjm.localhost:3000/_next/static/chunks/217dd_next_dist_9c560571._.js:2297
[  365748ms] [INFO] %cDownload the React DevTools for a better development experience: https://react.dev/link/react-devtools font-weight:bold @ http://sjm.localhost:3000/_next/static/chunks/217dd_next_dist_9c560571._.js:2297
[  365780ms] [LOG] [HMR] connected @ http://sjm.localhost:3000/_next/static/chunks/217dd_next_dist_9c560571._.js:2297
[  365975ms] [LOG] Detected Host: sjm.localhost:3000 http://sjm.localhost:3000/dashboardportal/accounting/ledgers @ http://sjm.localhost:3000/_next/static/chunks/217dd_next_dist_9c560571._.js:2297
[  365976ms] [LOG] Detected Host: sjm.localhost:3000 http://sjm.localhost:3000/dashboardportal/accounting/ledgers @ http://sjm.localhost:3000/_next/static/chunks/217dd_next_dist_9c560571._.js:2297
[  366005ms] [LOG] Detected Host: sjm.localhost:3000 http://sjm.localhost:3000/dashboardportal/accounting/ledgers @ http://sjm.localhost:3000/_next/static/chunks/217dd_next_dist_9c560571._.js:2297
[  366006ms] [LOG] Detected Host: sjm.localhost:3000 http://sjm.localhost:3000/dashboardportal/accounting/ledgers @ http://sjm.localhost:3000/_next/static/chunks/217dd_next_dist_9c560571._.js:2297
[  366045ms] [LOG] Detected Host: sjm.localhost:3000 http://sjm.localhost:3000/dashboardportal/accounting/ledgers @ http://sjm.localhost:3000/_next/static/chunks/217dd_next_dist_9c560571._.js:2297
[  366046ms] [LOG] Detected Host: sjm.localhost:3000 http://sjm.localhost:3000/dashboardportal/accounting/ledgers @ http://sjm.localhost:3000/_next/static/chunks/217dd_next_dist_9c560571._.js:2297
[  366067ms] [LOG] Detected Host: sjm.localhost:3000 http://sjm.localhost:3000/dashboardportal/accounting/ledgers @ http://sjm.localhost:3000/_next/static/chunks/217dd_next_dist_9c560571._.js:2297
[  366068ms] [LOG] Detected Host: sjm.localhost:3000 http://sjm.localhost:3000/dashboardportal/accounting/ledgers @ http://sjm.localhost:3000/_next/static/chunks/217dd_next_dist_9c560571._.js:2297
[  366093ms] [LOG] Detected Host: sjm.localhost:3000 http://sjm.localhost:3000/dashboardportal/accounting/ledgers @ http://sjm.localhost:3000/_next/static/chunks/217dd_next_dist_9c560571._.js:2297
[  366095ms] [LOG] Detected Host: sjm.localhost:3000 http://sjm.localhost:3000/dashboardportal/accounting/ledgers @ http://sjm.localhost:3000/_next/static/chunks/217dd_next_dist_9c560571._.js:2297
[  366122ms] [LOG] Detected Host: sjm.localhost:3000 http://sjm.localhost:3000/dashboardportal/accounting/ledgers @ http://sjm.localhost:3000/_next/static/chunks/217dd_next_dist_9c560571._.js:2297
[  366123ms] [LOG] Detected Host: sjm.localhost:3000 http://sjm.localhost:3000/dashboardportal/accounting/ledgers @ http://sjm.localhost:3000/_next/static/chunks/217dd_next_dist_9c560571._.js:2297
[  366147ms] [LOG] Detected Host: sjm.localhost:3000 http://sjm.localhost:3000/dashboardportal/accounting/ledgers @ http://sjm.localhost:3000/_next/static/chunks/217dd_next_dist_9c560571._.js:2297
[  366148ms] [LOG] Detected Host: sjm.localhost:3000 http://sjm.localhost:3000/dashboardportal/accounting/ledgers @ http://sjm.localhost:3000/_next/static/chunks/217dd_next_dist_9c560571._.js:2297
[  366170ms] [LOG] Detected Host: sjm.localhost:3000 http://sjm.localhost:3000/dashboardportal/accounting/ledgers @ http://sjm.localhost:3000/_next/static/chunks/217dd_next_dist_9c560571._.js:2297
[  366170ms] [LOG] Detected Host: sjm.localhost:3000 http://sjm.localhost:3000/dashboardportal/accounting/ledgers @ http://sjm.localhost:3000/_next/static/chunks/217dd_next_dist_9c560571._.js:2297
[  366225ms] [LOG] Detected Host: sjm.localhost:3000 http://sjm.localhost:3000/dashboardportal/accounting/ledgers @ http://sjm.localhost:3000/_next/static/chunks/217dd_next_dist_9c560571._.js:2297
[  366226ms] [LOG] Detected Host: sjm.localhost:3000 http://sjm.localhost:3000/dashboardportal/accounting/ledgers @ http://sjm.localhost:3000/_next/static/chunks/217dd_next_dist_9c560571._.js:2297
[  366296ms] [LOG] Detected Host: sjm.localhost:3000 http://sjm.localhost:3000/dashboardportal/accounting/ledgers @ http://sjm.localhost:3000/_next/static/chunks/217dd_next_dist_9c560571._.js:2297
[  366302ms] [LOG] Detected Host: sjm.localhost:3000 http://sjm.localhost:3000/dashboardportal/accounting/ledgers @ http://sjm.localhost:3000/_next/static/chunks/217dd_next_dist_9c560571._.js:2297
[  366364ms] [WARNING] MUI X: The page size `15` is not present in the `pageSizeOptions`.
Add it to show the pagination select. @ http://sjm.localhost:3000/_next/static/chunks/217dd_next_dist_9c560571._.js:2297
[  366380ms] [LOG] Detected Host: sjm.localhost:3000 http://sjm.localhost:3000/dashboardportal/accounting/ledgers @ http://sjm.localhost:3000/_next/static/chunks/217dd_next_dist_9c560571._.js:2297
[  366384ms] [LOG] Detected Host: sjm.localhost:3000 http://sjm.localhost:3000/dashboardportal/accounting/ledgers @ http://sjm.localhost:3000/_next/static/chunks/217dd_next_dist_9c560571._.js:2297
[  366438ms] [WARNING] MUI X: The page size `15` is not present in the `pageSizeOptions`.
Add it to show the pagination select. @ http://sjm.localhost:3000/_next/static/chunks/217dd_next_dist_9c560571._.js:2297
[  366497ms] [LOG] Detected Host: sjm.localhost:3000 http://sjm.localhost:3000/dashboardportal/accounting/ledgers @ http://sjm.localhost:3000/_next/static/chunks/217dd_next_dist_9c560571._.js:2297
[  366501ms] [LOG] Detected Host: sjm.localhost:3000 http://sjm.localhost:3000/dashboardportal/accounting/ledgers @ http://sjm.localhost:3000/_next/static/chunks/217dd_next_dist_9c560571._.js:2297
[  366710ms] [LOG] Detected Host: sjm.localhost:3000 http://sjm.localhost:3000/dashboardportal/accounting/ledgers @ http://sjm.localhost:3000/_next/static/chunks/217dd_next_dist_9c560571._.js:2297
[  366711ms] [LOG] Detected Host: sjm.localhost:3000 http://sjm.localhost:3000/dashboardportal/accounting/ledgers @ http://sjm.localhost:3000/_next/static/chunks/217dd_next_dist_9c560571._.js:2297
[  366855ms] [LOG] Detected Host: sjm.localhost:3000 http://sjm.localhost:3000/dashboardportal/accounting/ledgers @ http://sjm.localhost:3000/_next/static/chunks/217dd_next_dist_9c560571._.js:2297
[  366858ms] [LOG] Detected Host: sjm.localhost:3000 http://sjm.localhost:3000/dashboardportal/accounting/ledgers @ http://sjm.localhost:3000/_next/static/chunks/217dd_next_dist_9c560571._.js:2297
[  366979ms] [ERROR] Failed to load resource: the server responded with a status of 404 (Not Found) @ http://sjm.localhost:3000/dashboardportal/accounting/reports:0
[  367132ms] [INFO] %cDownload the React DevTools for a better development experience: https://react.dev/link/react-devtools font-weight:bold @ http://sjm.localhost:3000/_next/static/chunks/217dd_next_dist_9c560571._.js:2297
[  367154ms] [LOG] [HMR] connected @ http://sjm.localhost:3000/_next/static/chunks/217dd_next_dist_9c560571._.js:2297
[  367313ms] [LOG] [Fast Refresh] rebuilding @ http://sjm.localhost:3000/_next/static/chunks/217dd_next_dist_9c560571._.js:2297
[  370169ms] [INFO] %cDownload the React DevTools for a better development experience: https://react.dev/link/react-devtools font-weight:bold @ http://sjm.localhost:3000/_next/static/chunks/217dd_next_dist_9c560571._.js:2297
[  370208ms] [LOG] [HMR] connected @ http://sjm.localhost:3000/_next/static/chunks/217dd_next_dist_9c560571._.js:2297
[  370400ms] [LOG] Detected Host: sjm.localhost:3000 http://sjm.localhost:3000/dashboardportal/accounting/reports/ageingAnalysis @ http://sjm.localhost:3000/_next/static/chunks/217dd_next_dist_9c560571._.js:2297
[  370400ms] [LOG] Detected Host: sjm.localhost:3000 http://sjm.localhost:3000/dashboardportal/accounting/reports/ageingAnalysis @ http://sjm.localhost:3000/_next/static/chunks/217dd_next_dist_9c560571._.js:2297
[  370427ms] [LOG] Detected Host: sjm.localhost:3000 http://sjm.localhost:3000/dashboardportal/accounting/reports/ageingAnalysis @ http://sjm.localhost:3000/_next/static/chunks/217dd_next_dist_9c560571._.js:2297
[  370428ms] [LOG] Detected Host: sjm.localhost:3000 http://sjm.localhost:3000/dashboardportal/accounting/reports/ageingAnalysis @ http://sjm.localhost:3000/_next/static/chunks/217dd_next_dist_9c560571._.js:2297
[  370455ms] [LOG] Detected Host: sjm.localhost:3000 http://sjm.localhost:3000/dashboardportal/accounting/reports/ageingAnalysis @ http://sjm.localhost:3000/_next/static/chunks/217dd_next_dist_9c560571._.js:2297
[  370455ms] [LOG] Detected Host: sjm.localhost:3000 http://sjm.localhost:3000/dashboardportal/accounting/reports/ageingAnalysis @ http://sjm.localhost:3000/_next/static/chunks/217dd_next_dist_9c560571._.js:2297
[  370478ms] [LOG] Detected Host: sjm.localhost:3000 http://sjm.localhost:3000/dashboardportal/accounting/reports/ageingAnalysis @ http://sjm.localhost:3000/_next/static/chunks/217dd_next_dist_9c560571._.js:2297
[  370479ms] [LOG] Detected Host: sjm.localhost:3000 http://sjm.localhost:3000/dashboardportal/accounting/reports/ageingAnalysis @ http://sjm.localhost:3000/_next/static/chunks/217dd_next_dist_9c560571._.js:2297
[  370501ms] [LOG] Detected Host: sjm.localhost:3000 http://sjm.localhost:3000/dashboardportal/accounting/reports/ageingAnalysis @ http://sjm.localhost:3000/_next/static/chunks/217dd_next_dist_9c560571._.js:2297
[  370502ms] [LOG] Detected Host: sjm.localhost:3000 http://sjm.localhost:3000/dashboardportal/accounting/reports/ageingAnalysis @ http://sjm.localhost:3000/_next/static/chunks/217dd_next_dist_9c560571._.js:2297
[  370527ms] [LOG] Detected Host: sjm.localhost:3000 http://sjm.localhost:3000/dashboardportal/accounting/reports/ageingAnalysis @ http://sjm.localhost:3000/_next/static/chunks/217dd_next_dist_9c560571._.js:2297
[  370528ms] [LOG] Detected Host: sjm.localhost:3000 http://sjm.localhost:3000/dashboardportal/accounting/reports/ageingAnalysis @ http://sjm.localhost:3000/_next/static/chunks/217dd_next_dist_9c560571._.js:2297
[  370551ms] [LOG] Detected Host: sjm.localhost:3000 http://sjm.localhost:3000/dashboardportal/accounting/reports/ageingAnalysis @ http://sjm.localhost:3000/_next/static/chunks/217dd_next_dist_9c560571._.js:2297
[  370552ms] [LOG] Detected Host: sjm.localhost:3000 http://sjm.localhost:3000/dashboardportal/accounting/reports/ageingAnalysis @ http://sjm.localhost:3000/_next/static/chunks/217dd_next_dist_9c560571._.js:2297
[  370662ms] [LOG] Detected Host: sjm.localhost:3000 http://sjm.localhost:3000/dashboardportal/accounting/reports/ageingAnalysis @ http://sjm.localhost:3000/_next/static/chunks/217dd_next_dist_9c560571._.js:2297
[  370666ms] [LOG] Detected Host: sjm.localhost:3000 http://sjm.localhost:3000/dashboardportal/accounting/reports/ageingAnalysis @ http://sjm.localhost:3000/_next/static/chunks/217dd_next_dist_9c560571._.js:2297
[  370720ms] [LOG] Detected Host: sjm.localhost:3000 http://sjm.localhost:3000/dashboardportal/accounting/reports/ageingAnalysis @ http://sjm.localhost:3000/_next/static/chunks/217dd_next_dist_9c560571._.js:2297
[  370725ms] [LOG] Detected Host: sjm.localhost:3000 http://sjm.localhost:3000/dashboardportal/accounting/reports/ageingAnalysis @ http://sjm.localhost:3000/_next/static/chunks/217dd_next_dist_9c560571._.js:2297
[  370787ms] [LOG] Detected Host: sjm.localhost:3000 http://sjm.localhost:3000/dashboardportal/accounting/reports/ageingAnalysis @ http://sjm.localhost:3000/_next/static/chunks/217dd_next_dist_9c560571._.js:2297
[  370793ms] [LOG] Detected Host: sjm.localhost:3000 http://sjm.localhost:3000/dashboardportal/accounting/reports/ageingAnalysis @ http://sjm.localhost:3000/_next/static/chunks/217dd_next_dist_9c560571._.js:2297
[  370867ms] [LOG] Detected Host: sjm.localhost:3000 http://sjm.localhost:3000/dashboardportal/accounting/reports/ageingAnalysis @ http://sjm.localhost:3000/_next/static/chunks/217dd_next_dist_9c560571._.js:2297
[  370870ms] [LOG] Detected Host: sjm.localhost:3000 http://sjm.localhost:3000/dashboardportal/accounting/reports/ageingAnalysis @ http://sjm.localhost:3000/_next/static/chunks/217dd_next_dist_9c560571._.js:2297
[  370901ms] [LOG] [Fast Refresh] rebuilding @ http://sjm.localhost:3000/_next/static/chunks/217dd_next_dist_9c560571._.js:2297
[  370910ms] [LOG] Detected Host: sjm.localhost:3000 http://sjm.localhost:3000/dashboardportal/accounting/reports/ageingAnalysis @ http://sjm.localhost:3000/_next/static/chunks/217dd_next_dist_9c560571._.js:2297
[  370913ms] [LOG] Detected Host: sjm.localhost:3000 http://sjm.localhost:3000/dashboardportal/accounting/reports/ageingAnalysis @ http://sjm.localhost:3000/_next/static/chunks/217dd_next_dist_9c560571._.js:2297
[  372169ms] [LOG] [Fast Refresh] done in 1576ms @ http://sjm.localhost:3000/_next/static/chunks/217dd_next_dist_9c560571._.js:2297
[  372348ms] [INFO] %cDownload the React DevTools for a better development experience: https://react.dev/link/react-devtools font-weight:bold @ http://sjm.localhost:3000/_next/static/chunks/217dd_next_dist_9c560571._.js:2297
[  372380ms] [LOG] [HMR] connected @ http://sjm.localhost:3000/_next/static/chunks/217dd_next_dist_9c560571._.js:2297
[  372495ms] [LOG] Detected Host: sjm.localhost:3000 http://sjm.localhost:3000/dashboardportal/accounting/reports/balanceSheet @ http://sjm.localhost:3000/_next/static/chunks/217dd_next_dist_9c560571._.js:2297
[  372496ms] [LOG] Detected Host: sjm.localhost:3000 http://sjm.localhost:3000/dashboardportal/accounting/reports/balanceSheet @ http://sjm.localhost:3000/_next/static/chunks/217dd_next_dist_9c560571._.js:2297
[  372558ms] [ERROR] A tree hydrated but some attributes of the server rendered HTML didn't match the client properties. This won't be patched up. This can happen if a SSR-ed Client Component used:

- A server/client branch `if (typeof window !== 'undefined')`.
- Variable input such as `Date.now()` or `Math.random()` which changes each time it's called.
- Date formatting in a user's locale which doesn't match the server.
- External changing data without sending a snapshot of it along with the HTML.
- Invalid HTML tag nesting.

It can also happen if the client has a browser extension installed which messes with the HTML before React loaded.

%s%s https://react.dev/link/hydration-mismatch 

  ...
    <Styled(div) as="div" ref={null} className="MuiBox-root" theme={{...}} sx={{p:3}}>
      <Insertion>
      <div className="MuiBox-roo...">
        <Typography>
        <Paper sx={{p:2,mb:2,display:"...", ...}}>
          <MuiPaper-root as="div" ownerState={{...}} className="MuiPaper-r..." ref={null} ...>
            <Insertion>
            <div className="MuiPaper-r..." style={{...}}>
              <TextField label="As On Date" type="date" size="small" value="" onChange={function onChange} ...>
                <MuiTextField-root disabled={false} error={false} fullWidth={false} required={false} color="primary" ...>
                  <Insertion>
                  <FormControl disabled={false} error={false} fullWidth={false} required={false} color="primary" ...>
                    <MuiFormControl-root as="div" ownerState={{disabled:false, ...}} className="MuiFormCon..." ref={null}>
                      <Insertion>
                      <div className="MuiFormCon...">
                        <InputLabel htmlFor="_R_359bn5r..." id="_R_359bn5r..." shrink={true} ref={null} ...>
                          <MuiInputLabel-root data-shrink={true} ref={null} className="MuiInputLa..." ...>
                            <Insertion>
                            <FormLabel data-shrink={true} className="MuiInputLa..." htmlFor="_R_359bn5r..." ...>
                              <MuiFormLabel-root as="label" ownerState={{...}} className="MuiFormLab..." ref={null} ...>
                                <Insertion>
                                <label
                                  className="MuiFormLabel-root MuiInputLabel-root MuiInputLabel-formControl MuiInputLa..."
                                  data-shrink={true}
+                                 htmlFor="_R_359bn5ritpesitpllb_"
-                                 htmlFor="_R_cl5esnebn5riitpllb_"
+                                 id="_R_359bn5ritpesitpllb_-label"
-                                 id="_R_cl5esnebn5riitpllb_-label"
                                >
                        ...
                          <MuiOutlinedInput-root ref={null} onClick={function handleClick} ...>
                            <Insertion>
                            <div onClick={function handleClick} className="MuiInputBa...">
                              <MuiOutlinedInput-input aria-invalid={false} aria-describedby={undefined} ...>
                                <Insertion>
                                <input
                                  aria-invalid={false}
                                  aria-describedby={undefined}
                                  autoComplete={undefined}
                                  autoFocus={false}
                                  defaultValue={undefined}
                                  disabled={false}
+                                 id="_R_359bn5ritpesitpllb_"
-                                 id="_R_cl5esnebn5riitpllb_"
                                  onAnimationStart={function handleAutoFill}
                                  name={undefined}
                                  placeholder={undefined}
                                  readOnly={undefined}
                                  required={false}
                                  rows={undefined}
                                  value=""
                                  onKeyDown={undefined}
                                  onKeyUp={undefined}
                                  type="date"
                                  className="MuiInputBase-input MuiOutlinedInput-input MuiInputBase-inputSizeSmall mui..."
                                  onBlur={function handleBlur}
                                  onChange={function handleChange}
                                  onFocus={function handleFocus}
                                  ref={function useForkRef.useMemo}
                                >
                              ...
              <TextField label="Branch ID" type="number" size="small" value="" onChange={function onChange} ...>
                <MuiTextField-root disabled={false} error={false} fullWidth={false} required={false} color="primary" ...>
                  <Insertion>
                  <FormControl disabled={false} error={false} fullWidth={false} required={false} color="primary" ...>
                    <MuiFormControl-root as="div" ownerState={{disabled:false, ...}} className="MuiFormCon..." ref={null}>
                      <Insertion>
                      <div className="MuiFormCon...">
                        <InputLabel htmlFor="_R_559bn5r..." id="_R_559bn5r..." ref={null} ...>
                          <MuiInputLabel-root data-shrink={false} ref={null} className="MuiInputLa..." ...>
                            <Insertion>
                            <FormLabel data-shrink={false} className="MuiInputLa..." htmlFor="_R_559bn5r..." ...>
                              <MuiFormLabel-root as="label" ownerState={{...}} className="MuiFormLab..." ref={null} ...>
                                <Insertion>
                                <label
                                  className="MuiFormLabel-root MuiInputLabel-root MuiInputLabel-formControl MuiInputLa..."
                                  data-shrink={false}
+                                 htmlFor="_R_559bn5ritpesitpllb_"
-                                 htmlFor="_R_kl5esnebn5riitpllb_"
+                                 id="_R_559bn5ritpesitpllb_-label"
-                                 id="_R_kl5esnebn5riitpllb_-label"
                                >
                        ...
                          <MuiOutlinedInput-root ref={null} onClick={function handleClick} ...>
                            <Insertion>
                            <div onClick={function handleClick} className="MuiInputBa...">
                              <MuiOutlinedInput-input aria-invalid={false} aria-describedby={undefined} ...>
                                <Insertion>
                                <input
                                  aria-invalid={false}
                                  aria-describedby={undefined}
                                  autoComplete={undefined}
                                  autoFocus={false}
                                  defaultValue={undefined}
                                  disabled={false}
+                                 id="_R_559bn5ritpesitpllb_"
-                                 id="_R_kl5esnebn5riitpllb_"
                                  onAnimationStart={function handleAutoFill}
                                  name={undefined}
                                  placeholder={undefined}
                                  readOnly={undefined}
                                  required={false}
                                  rows={undefined}
                                  value=""
                                  onKeyDown={undefined}
                                  onKeyUp={undefined}
                                  type="number"
                                  className="MuiInputBase-input MuiOutlinedInput-input MuiInputBase-inputSizeSmall mui..."
                                  onBlur={function handleBlur}
                                  onChange={function handleChange}
                                  onFocus={function handleFocus}
                                  ref={function useForkRef.useMemo}
                                >
                              ...
              ...
        ...
 @ http://sjm.localhost:3000/_next/static/chunks/217dd_next_dist_9c560571._.js:3127
[  372568ms] [LOG] Detected Host: sjm.localhost:3000 http://sjm.localhost:3000/dashboardportal/accounting/reports/balanceSheet @ http://sjm.localhost:3000/_next/static/chunks/217dd_next_dist_9c560571._.js:2297
[  372574ms] [LOG] Detected Host: sjm.localhost:3000 http://sjm.localhost:3000/dashboardportal/accounting/reports/balanceSheet @ http://sjm.localhost:3000/_next/static/chunks/217dd_next_dist_9c560571._.js:2297
[  372622ms] [LOG] Detected Host: sjm.localhost:3000 http://sjm.localhost:3000/dashboardportal/accounting/reports/balanceSheet @ http://sjm.localhost:3000/_next/static/chunks/217dd_next_dist_9c560571._.js:2297
[  372628ms] [LOG] Detected Host: sjm.localhost:3000 http://sjm.localhost:3000/dashboardportal/accounting/reports/balanceSheet @ http://sjm.localhost:3000/_next/static/chunks/217dd_next_dist_9c560571._.js:2297
[  372672ms] [LOG] Detected Host: sjm.localhost:3000 http://sjm.localhost:3000/dashboardportal/accounting/reports/balanceSheet @ http://sjm.localhost:3000/_next/static/chunks/217dd_next_dist_9c560571._.js:2297
[  372677ms] [LOG] Detected Host: sjm.localhost:3000 http://sjm.localhost:3000/dashboardportal/accounting/reports/balanceSheet @ http://sjm.localhost:3000/_next/static/chunks/217dd_next_dist_9c560571._.js:2297
[  372730ms] [LOG] Detected Host: sjm.localhost:3000 http://sjm.localhost:3000/dashboardportal/accounting/reports/balanceSheet @ http://sjm.localhost:3000/_next/static/chunks/217dd_next_dist_9c560571._.js:2297
[  372733ms] [LOG] Detected Host: sjm.localhost:3000 http://sjm.localhost:3000/dashboardportal/accounting/reports/balanceSheet @ http://sjm.localhost:3000/_next/static/chunks/217dd_next_dist_9c560571._.js:2297
[  372760ms] [LOG] [Fast Refresh] rebuilding @ http://sjm.localhost:3000/_next/static/chunks/217dd_next_dist_9c560571._.js:2297
[  372779ms] [LOG] Detected Host: sjm.localhost:3000 http://sjm.localhost:3000/dashboardportal/accounting/reports/balanceSheet @ http://sjm.localhost:3000/_next/static/chunks/217dd_next_dist_9c560571._.js:2297
[  372783ms] [LOG] Detected Host: sjm.localhost:3000 http://sjm.localhost:3000/dashboardportal/accounting/reports/balanceSheet @ http://sjm.localhost:3000/_next/static/chunks/217dd_next_dist_9c560571._.js:2297
[  372868ms] [LOG] [Fast Refresh] done in 400ms @ http://sjm.localhost:3000/_next/static/chunks/217dd_next_dist_9c560571._.js:2297
[  372976ms] [LOG] [Fast Refresh] rebuilding @ http://sjm.localhost:3000/_next/static/chunks/217dd_next_dist_9c560571._.js:2297
[  375003ms] [LOG] [Fast Refresh] done in 2129ms @ http://sjm.localhost:3000/_next/static/chunks/217dd_next_dist_9c560571._.js:2297
[  375233ms] [INFO] %cDownload the React DevTools for a better development experience: https://react.dev/link/react-devtools font-weight:bold @ http://sjm.localhost:3000/_next/static/chunks/217dd_next_dist_9c560571._.js:2297
[  375272ms] [LOG] [HMR] connected @ http://sjm.localhost:3000/_next/static/chunks/217dd_next_dist_9c560571._.js:2297
[  375463ms] [LOG] Detected Host: sjm.localhost:3000 http://sjm.localhost:3000/dashboardportal/accounting/reports/cashBook @ http://sjm.localhost:3000/_next/static/chunks/217dd_next_dist_9c560571._.js:2297
[  375464ms] [LOG] Detected Host: sjm.localhost:3000 http://sjm.localhost:3000/dashboardportal/accounting/reports/cashBook @ http://sjm.localhost:3000/_next/static/chunks/217dd_next_dist_9c560571._.js:2297
[  375488ms] [LOG] Detected Host: sjm.localhost:3000 http://sjm.localhost:3000/dashboardportal/accounting/reports/cashBook @ http://sjm.localhost:3000/_next/static/chunks/217dd_next_dist_9c560571._.js:2297
[  375489ms] [LOG] Detected Host: sjm.localhost:3000 http://sjm.localhost:3000/dashboardportal/accounting/reports/cashBook @ http://sjm.localhost:3000/_next/static/chunks/217dd_next_dist_9c560571._.js:2297
[  375513ms] [LOG] Detected Host: sjm.localhost:3000 http://sjm.localhost:3000/dashboardportal/accounting/reports/cashBook @ http://sjm.localhost:3000/_next/static/chunks/217dd_next_dist_9c560571._.js:2297
[  375514ms] [LOG] Detected Host: sjm.localhost:3000 http://sjm.localhost:3000/dashboardportal/accounting/reports/cashBook @ http://sjm.localhost:3000/_next/static/chunks/217dd_next_dist_9c560571._.js:2297
[  375540ms] [LOG] Detected Host: sjm.localhost:3000 http://sjm.localhost:3000/dashboardportal/accounting/reports/cashBook @ http://sjm.localhost:3000/_next/static/chunks/217dd_next_dist_9c560571._.js:2297
[  375541ms] [LOG] Detected Host: sjm.localhost:3000 http://sjm.localhost:3000/dashboardportal/accounting/reports/cashBook @ http://sjm.localhost:3000/_next/static/chunks/217dd_next_dist_9c560571._.js:2297
[  375566ms] [LOG] Detected Host: sjm.localhost:3000 http://sjm.localhost:3000/dashboardportal/accounting/reports/cashBook @ http://sjm.localhost:3000/_next/static/chunks/217dd_next_dist_9c560571._.js:2297
[  375567ms] [LOG] Detected Host: sjm.localhost:3000 http://sjm.localhost:3000/dashboardportal/accounting/reports/cashBook @ http://sjm.localhost:3000/_next/static/chunks/217dd_next_dist_9c560571._.js:2297
[  375590ms] [LOG] Detected Host: sjm.localhost:3000 http://sjm.localhost:3000/dashboardportal/accounting/reports/cashBook @ http://sjm.localhost:3000/_next/static/chunks/217dd_next_dist_9c560571._.js:2297
[  375591ms] [LOG] Detected Host: sjm.localhost:3000 http://sjm.localhost:3000/dashboardportal/accounting/reports/cashBook @ http://sjm.localhost:3000/_next/static/chunks/217dd_next_dist_9c560571._.js:2297
[  375598ms] [LOG] [Fast Refresh] rebuilding @ http://sjm.localhost:3000/_next/static/chunks/217dd_next_dist_9c560571._.js:2297
[  375616ms] [LOG] Detected Host: sjm.localhost:3000 http://sjm.localhost:3000/dashboardportal/accounting/reports/cashBook @ http://sjm.localhost:3000/_next/static/chunks/217dd_next_dist_9c560571._.js:2297
[  375616ms] [LOG] Detected Host: sjm.localhost:3000 http://sjm.localhost:3000/dashboardportal/accounting/reports/cashBook @ http://sjm.localhost:3000/_next/static/chunks/217dd_next_dist_9c560571._.js:2297
[  375637ms] [LOG] Detected Host: sjm.localhost:3000 http://sjm.localhost:3000/dashboardportal/accounting/reports/cashBook @ http://sjm.localhost:3000/_next/static/chunks/217dd_next_dist_9c560571._.js:2297
[  375639ms] [LOG] Detected Host: sjm.localhost:3000 http://sjm.localhost:3000/dashboardportal/accounting/reports/cashBook @ http://sjm.localhost:3000/_next/static/chunks/217dd_next_dist_9c560571._.js:2297
[  375664ms] [LOG] Detected Host: sjm.localhost:3000 http://sjm.localhost:3000/dashboardportal/accounting/reports/cashBook @ http://sjm.localhost:3000/_next/static/chunks/217dd_next_dist_9c560571._.js:2297
[  375664ms] [LOG] Detected Host: sjm.localhost:3000 http://sjm.localhost:3000/dashboardportal/accounting/reports/cashBook @ http://sjm.localhost:3000/_next/static/chunks/217dd_next_dist_9c560571._.js:2297
[  375683ms] [LOG] Detected Host: sjm.localhost:3000 http://sjm.localhost:3000/dashboardportal/accounting/reports/cashBook @ http://sjm.localhost:3000/_next/static/chunks/217dd_next_dist_9c560571._.js:2297
[  375684ms] [LOG] Detected Host: sjm.localhost:3000 http://sjm.localhost:3000/dashboardportal/accounting/reports/cashBook @ http://sjm.localhost:3000/_next/static/chunks/217dd_next_dist_9c560571._.js:2297
[  375707ms] [LOG] Detected Host: sjm.localhost:3000 http://sjm.localhost:3000/dashboardportal/accounting/reports/cashBook @ http://sjm.localhost:3000/_next/static/chunks/217dd_next_dist_9c560571._.js:2297
[  375707ms] [LOG] Detected Host: sjm.localhost:3000 http://sjm.localhost:3000/dashboardportal/accounting/reports/cashBook @ http://sjm.localhost:3000/_next/static/chunks/217dd_next_dist_9c560571._.js:2297
[  375779ms] [LOG] [Fast Refresh] done in 289ms @ http://sjm.localhost:3000/_next/static/chunks/217dd_next_dist_9c560571._.js:2297
[  375830ms] [LOG] Detected Host: sjm.localhost:3000 http://sjm.localhost:3000/dashboardportal/accounting/reports/cashBook @ http://sjm.localhost:3000/_next/static/chunks/217dd_next_dist_9c560571._.js:2297
[  375836ms] [LOG] Detected Host: sjm.localhost:3000 http://sjm.localhost:3000/dashboardportal/accounting/reports/cashBook @ http://sjm.localhost:3000/_next/static/chunks/217dd_next_dist_9c560571._.js:2297
[  375953ms] [LOG] Detected Host: sjm.localhost:3000 http://sjm.localhost:3000/dashboardportal/accounting/reports/cashBook @ http://sjm.localhost:3000/_next/static/chunks/217dd_next_dist_9c560571._.js:2297
[  375959ms] [LOG] Detected Host: sjm.localhost:3000 http://sjm.localhost:3000/dashboardportal/accounting/reports/cashBook @ http://sjm.localhost:3000/_next/static/chunks/217dd_next_dist_9c560571._.js:2297
[  376074ms] [ERROR] Can't perform a React state update on a component that hasn't mounted yet. This indicates that you have a side-effect in your render function that asynchronously tries to update the component. Move this work to useEffect instead. @ http://sjm.localhost:3000/_next/static/chunks/217dd_next_dist_9c560571._.js:3127
[  376076ms] [ERROR] Can't perform a React state update on a component that hasn't mounted yet. This indicates that you have a side-effect in your render function that asynchronously tries to update the component. Move this work to useEffect instead. @ http://sjm.localhost:3000/_next/static/chunks/217dd_next_dist_9c560571._.js:3127
[  376078ms] [ERROR] Can't perform a React state update on a component that hasn't mounted yet. This indicates that you have a side-effect in your render function that asynchronously tries to update the component. Move this work to useEffect instead. @ http://sjm.localhost:3000/_next/static/chunks/217dd_next_dist_9c560571._.js:3127
[  376080ms] [ERROR] Can't perform a React state update on a component that hasn't mounted yet. This indicates that you have a side-effect in your render function that asynchronously tries to update the component. Move this work to useEffect instead. @ http://sjm.localhost:3000/_next/static/chunks/217dd_next_dist_9c560571._.js:3127
[  376081ms] [ERROR] Can't perform a React state update on a component that hasn't mounted yet. This indicates that you have a side-effect in your render function that asynchronously tries to update the component. Move this work to useEffect instead. @ http://sjm.localhost:3000/_next/static/chunks/217dd_next_dist_9c560571._.js:3127
[  376082ms] [ERROR] Can't perform a React state update on a component that hasn't mounted yet. This indicates that you have a side-effect in your render function that asynchronously tries to update the component. Move this work to useEffect instead. @ http://sjm.localhost:3000/_next/static/chunks/217dd_next_dist_9c560571._.js:3127
[  376084ms] [ERROR] Can't perform a React state update on a component that hasn't mounted yet. This indicates that you have a side-effect in your render function that asynchronously tries to update the component. Move this work to useEffect instead. @ http://sjm.localhost:3000/_next/static/chunks/217dd_next_dist_9c560571._.js:3127
[  376097ms] [LOG] Detected Host: sjm.localhost:3000 http://sjm.localhost:3000/dashboardportal/accounting/reports/cashBook @ http://sjm.localhost:3000/_next/static/chunks/217dd_next_dist_9c560571._.js:2297
[  376101ms] [LOG] Detected Host: sjm.localhost:3000 http://sjm.localhost:3000/dashboardportal/accounting/reports/cashBook @ http://sjm.localhost:3000/_next/static/chunks/217dd_next_dist_9c560571._.js:2297
[  376219ms] [LOG] Detected Host: sjm.localhost:3000 http://sjm.localhost:3000/dashboardportal/accounting/reports/cashBook @ http://sjm.localhost:3000/_next/static/chunks/217dd_next_dist_9c560571._.js:2297
[  376219ms] [LOG] Detected Host: sjm.localhost:3000 http://sjm.localhost:3000/dashboardportal/accounting/reports/cashBook @ http://sjm.localhost:3000/_next/static/chunks/217dd_next_dist_9c560571._.js:2297
[  376306ms] [LOG] Detected Host: sjm.localhost:3000 http://sjm.localhost:3000/dashboardportal/accounting/reports/cashBook @ http://sjm.localhost:3000/_next/static/chunks/217dd_next_dist_9c560571._.js:2297
[  376309ms] [LOG] Detected Host: sjm.localhost:3000 http://sjm.localhost:3000/dashboardportal/accounting/reports/cashBook @ http://sjm.localhost:3000/_next/static/chunks/217dd_next_dist_9c560571._.js:2297
[  376583ms] [LOG] [Fast Refresh] rebuilding @ http://sjm.localhost:3000/_next/static/chunks/217dd_next_dist_9c560571._.js:2297
[  377916ms] [LOG] [Fast Refresh] done in 1465ms @ http://sjm.localhost:3000/_next/static/chunks/217dd_next_dist_9c560571._.js:2297
[  378162ms] [INFO] %cDownload the React DevTools for a better development experience: https://react.dev/link/react-devtools font-weight:bold @ http://sjm.localhost:3000/_next/static/chunks/217dd_next_dist_9c560571._.js:2297
[  378201ms] [LOG] [HMR] connected @ http://sjm.localhost:3000/_next/static/chunks/217dd_next_dist_9c560571._.js:2297
[  378347ms] [LOG] Detected Host: sjm.localhost:3000 http://sjm.localhost:3000/dashboardportal/accounting/reports/dayBook @ http://sjm.localhost:3000/_next/static/chunks/217dd_next_dist_9c560571._.js:2297
[  378348ms] [LOG] Detected Host: sjm.localhost:3000 http://sjm.localhost:3000/dashboardportal/accounting/reports/dayBook @ http://sjm.localhost:3000/_next/static/chunks/217dd_next_dist_9c560571._.js:2297
[  378382ms] [LOG] Detected Host: sjm.localhost:3000 http://sjm.localhost:3000/dashboardportal/accounting/reports/dayBook @ http://sjm.localhost:3000/_next/static/chunks/217dd_next_dist_9c560571._.js:2297
[  378383ms] [LOG] Detected Host: sjm.localhost:3000 http://sjm.localhost:3000/dashboardportal/accounting/reports/dayBook @ http://sjm.localhost:3000/_next/static/chunks/217dd_next_dist_9c560571._.js:2297
[  378410ms] [LOG] Detected Host: sjm.localhost:3000 http://sjm.localhost:3000/dashboardportal/accounting/reports/dayBook @ http://sjm.localhost:3000/_next/static/chunks/217dd_next_dist_9c560571._.js:2297
[  378410ms] [LOG] Detected Host: sjm.localhost:3000 http://sjm.localhost:3000/dashboardportal/accounting/reports/dayBook @ http://sjm.localhost:3000/_next/static/chunks/217dd_next_dist_9c560571._.js:2297
[  378437ms] [LOG] Detected Host: sjm.localhost:3000 http://sjm.localhost:3000/dashboardportal/accounting/reports/dayBook @ http://sjm.localhost:3000/_next/static/chunks/217dd_next_dist_9c560571._.js:2297
[  378438ms] [LOG] Detected Host: sjm.localhost:3000 http://sjm.localhost:3000/dashboardportal/accounting/reports/dayBook @ http://sjm.localhost:3000/_next/static/chunks/217dd_next_dist_9c560571._.js:2297
[  378460ms] [LOG] Detected Host: sjm.localhost:3000 http://sjm.localhost:3000/dashboardportal/accounting/reports/dayBook @ http://sjm.localhost:3000/_next/static/chunks/217dd_next_dist_9c560571._.js:2297
[  378461ms] [LOG] Detected Host: sjm.localhost:3000 http://sjm.localhost:3000/dashboardportal/accounting/reports/dayBook @ http://sjm.localhost:3000/_next/static/chunks/217dd_next_dist_9c560571._.js:2297
[  378494ms] [LOG] Detected Host: sjm.localhost:3000 http://sjm.localhost:3000/dashboardportal/accounting/reports/dayBook @ http://sjm.localhost:3000/_next/static/chunks/217dd_next_dist_9c560571._.js:2297
[  378494ms] [LOG] Detected Host: sjm.localhost:3000 http://sjm.localhost:3000/dashboardportal/accounting/reports/dayBook @ http://sjm.localhost:3000/_next/static/chunks/217dd_next_dist_9c560571._.js:2297
[  378627ms] [LOG] Detected Host: sjm.localhost:3000 http://sjm.localhost:3000/dashboardportal/accounting/reports/dayBook @ http://sjm.localhost:3000/_next/static/chunks/217dd_next_dist_9c560571._.js:2297
[  378633ms] [LOG] Detected Host: sjm.localhost:3000 http://sjm.localhost:3000/dashboardportal/accounting/reports/dayBook @ http://sjm.localhost:3000/_next/static/chunks/217dd_next_dist_9c560571._.js:2297
[  378730ms] [LOG] Detected Host: sjm.localhost:3000 http://sjm.localhost:3000/dashboardportal/accounting/reports/dayBook @ http://sjm.localhost:3000/_next/static/chunks/217dd_next_dist_9c560571._.js:2297
[  378737ms] [LOG] Detected Host: sjm.localhost:3000 http://sjm.localhost:3000/dashboardportal/accounting/reports/dayBook @ http://sjm.localhost:3000/_next/static/chunks/217dd_next_dist_9c560571._.js:2297
[  378849ms] [ERROR] Can't perform a React state update on a component that hasn't mounted yet. This indicates that you have a side-effect in your render function that asynchronously tries to update the component. Move this work to useEffect instead. @ http://sjm.localhost:3000/_next/static/chunks/217dd_next_dist_9c560571._.js:3127
[  378850ms] [ERROR] Can't perform a React state update on a component that hasn't mounted yet. This indicates that you have a side-effect in your render function that asynchronously tries to update the component. Move this work to useEffect instead. @ http://sjm.localhost:3000/_next/static/chunks/217dd_next_dist_9c560571._.js:3127
[  378852ms] [ERROR] Can't perform a React state update on a component that hasn't mounted yet. This indicates that you have a side-effect in your render function that asynchronously tries to update the component. Move this work to useEffect instead. @ http://sjm.localhost:3000/_next/static/chunks/217dd_next_dist_9c560571._.js:3127
[  378853ms] [ERROR] Can't perform a React state update on a component that hasn't mounted yet. This indicates that you have a side-effect in your render function that asynchronously tries to update the component. Move this work to useEffect instead. @ http://sjm.localhost:3000/_next/static/chunks/217dd_next_dist_9c560571._.js:3127
[  378855ms] [ERROR] Can't perform a React state update on a component that hasn't mounted yet. This indicates that you have a side-effect in your render function that asynchronously tries to update the component. Move this work to useEffect instead. @ http://sjm.localhost:3000/_next/static/chunks/217dd_next_dist_9c560571._.js:3127
[  378856ms] [ERROR] Can't perform a React state update on a component that hasn't mounted yet. This indicates that you have a side-effect in your render function that asynchronously tries to update the component. Move this work to useEffect instead. @ http://sjm.localhost:3000/_next/static/chunks/217dd_next_dist_9c560571._.js:3127
[  378858ms] [ERROR] Can't perform a React state update on a component that hasn't mounted yet. This indicates that you have a side-effect in your render function that asynchronously tries to update the component. Move this work to useEffect instead. @ http://sjm.localhost:3000/_next/static/chunks/217dd_next_dist_9c560571._.js:3127
[  378875ms] [LOG] Detected Host: sjm.localhost:3000 http://sjm.localhost:3000/dashboardportal/accounting/reports/dayBook @ http://sjm.localhost:3000/_next/static/chunks/217dd_next_dist_9c560571._.js:2297
[  378880ms] [LOG] Detected Host: sjm.localhost:3000 http://sjm.localhost:3000/dashboardportal/accounting/reports/dayBook @ http://sjm.localhost:3000/_next/static/chunks/217dd_next_dist_9c560571._.js:2297
[  379078ms] [LOG] Detected Host: sjm.localhost:3000 http://sjm.localhost:3000/dashboardportal/accounting/reports/dayBook @ http://sjm.localhost:3000/_next/static/chunks/217dd_next_dist_9c560571._.js:2297
[  379082ms] [LOG] Detected Host: sjm.localhost:3000 http://sjm.localhost:3000/dashboardportal/accounting/reports/dayBook @ http://sjm.localhost:3000/_next/static/chunks/217dd_next_dist_9c560571._.js:2297
[  379195ms] [ERROR] Failed to load resource: the server responded with a status of 404 (Not Found) @ http://192.168.0.133:8000/api/accounting/voucher_types?co_id=1:0
[  379203ms] [ERROR] Failed to load resource: the server responded with a status of 404 (Not Found) @ http://192.168.0.133:8000/api/accounting/voucher_types?co_id=1:0
[  379213ms] [LOG] Detected Host: sjm.localhost:3000 http://sjm.localhost:3000/dashboardportal/accounting/reports/dayBook @ http://sjm.localhost:3000/_next/static/chunks/217dd_next_dist_9c560571._.js:2297
[  379215ms] [LOG] Detected Host: sjm.localhost:3000 http://sjm.localhost:3000/dashboardportal/accounting/reports/dayBook @ http://sjm.localhost:3000/_next/static/chunks/217dd_next_dist_9c560571._.js:2297
[  379336ms] [ERROR] Failed to load resource: the server responded with a status of 404 (Not Found) @ http://192.168.0.133:8000/api/accounting/voucher_types?co_id=1:0
[  379492ms] [LOG] [Fast Refresh] rebuilding @ http://sjm.localhost:3000/_next/static/chunks/217dd_next_dist_9c560571._.js:2297
[  380895ms] [LOG] [Fast Refresh] done in 1511ms @ http://sjm.localhost:3000/_next/static/chunks/217dd_next_dist_9c560571._.js:2297
[  381194ms] [INFO] %cDownload the React DevTools for a better development experience: https://react.dev/link/react-devtools font-weight:bold @ http://sjm.localhost:3000/_next/static/chunks/217dd_next_dist_9c560571._.js:2297
[  381236ms] [LOG] [HMR] connected @ http://sjm.localhost:3000/_next/static/chunks/217dd_next_dist_9c560571._.js:2297
[  381376ms] [LOG] Detected Host: sjm.localhost:3000 http://sjm.localhost:3000/dashboardportal/accounting/reports/ledgerReport @ http://sjm.localhost:3000/_next/static/chunks/217dd_next_dist_9c560571._.js:2297
[  381377ms] [LOG] Detected Host: sjm.localhost:3000 http://sjm.localhost:3000/dashboardportal/accounting/reports/ledgerReport @ http://sjm.localhost:3000/_next/static/chunks/217dd_next_dist_9c560571._.js:2297
[  381409ms] [LOG] Detected Host: sjm.localhost:3000 http://sjm.localhost:3000/dashboardportal/accounting/reports/ledgerReport @ http://sjm.localhost:3000/_next/static/chunks/217dd_next_dist_9c560571._.js:2297
[  381409ms] [LOG] Detected Host: sjm.localhost:3000 http://sjm.localhost:3000/dashboardportal/accounting/reports/ledgerReport @ http://sjm.localhost:3000/_next/static/chunks/217dd_next_dist_9c560571._.js:2297
[  381436ms] [LOG] Detected Host: sjm.localhost:3000 http://sjm.localhost:3000/dashboardportal/accounting/reports/ledgerReport @ http://sjm.localhost:3000/_next/static/chunks/217dd_next_dist_9c560571._.js:2297
[  381437ms] [LOG] Detected Host: sjm.localhost:3000 http://sjm.localhost:3000/dashboardportal/accounting/reports/ledgerReport @ http://sjm.localhost:3000/_next/static/chunks/217dd_next_dist_9c560571._.js:2297
[  381468ms] [LOG] Detected Host: sjm.localhost:3000 http://sjm.localhost:3000/dashboardportal/accounting/reports/ledgerReport @ http://sjm.localhost:3000/_next/static/chunks/217dd_next_dist_9c560571._.js:2297
[  381469ms] [LOG] Detected Host: sjm.localhost:3000 http://sjm.localhost:3000/dashboardportal/accounting/reports/ledgerReport @ http://sjm.localhost:3000/_next/static/chunks/217dd_next_dist_9c560571._.js:2297
[  381496ms] [LOG] Detected Host: sjm.localhost:3000 http://sjm.localhost:3000/dashboardportal/accounting/reports/ledgerReport @ http://sjm.localhost:3000/_next/static/chunks/217dd_next_dist_9c560571._.js:2297
[  381497ms] [LOG] Detected Host: sjm.localhost:3000 http://sjm.localhost:3000/dashboardportal/accounting/reports/ledgerReport @ http://sjm.localhost:3000/_next/static/chunks/217dd_next_dist_9c560571._.js:2297
[  381524ms] [LOG] Detected Host: sjm.localhost:3000 http://sjm.localhost:3000/dashboardportal/accounting/reports/ledgerReport @ http://sjm.localhost:3000/_next/static/chunks/217dd_next_dist_9c560571._.js:2297
[  381524ms] [LOG] Detected Host: sjm.localhost:3000 http://sjm.localhost:3000/dashboardportal/accounting/reports/ledgerReport @ http://sjm.localhost:3000/_next/static/chunks/217dd_next_dist_9c560571._.js:2297
[  381556ms] [LOG] Detected Host: sjm.localhost:3000 http://sjm.localhost:3000/dashboardportal/accounting/reports/ledgerReport @ http://sjm.localhost:3000/_next/static/chunks/217dd_next_dist_9c560571._.js:2297
[  381557ms] [LOG] Detected Host: sjm.localhost:3000 http://sjm.localhost:3000/dashboardportal/accounting/reports/ledgerReport @ http://sjm.localhost:3000/_next/static/chunks/217dd_next_dist_9c560571._.js:2297
[  381562ms] [LOG] [Fast Refresh] rebuilding @ http://sjm.localhost:3000/_next/static/chunks/217dd_next_dist_9c560571._.js:2297
[  381582ms] [LOG] Detected Host: sjm.localhost:3000 http://sjm.localhost:3000/dashboardportal/accounting/reports/ledgerReport @ http://sjm.localhost:3000/_next/static/chunks/217dd_next_dist_9c560571._.js:2297
[  381583ms] [LOG] Detected Host: sjm.localhost:3000 http://sjm.localhost:3000/dashboardportal/accounting/reports/ledgerReport @ http://sjm.localhost:3000/_next/static/chunks/217dd_next_dist_9c560571._.js:2297
[  381613ms] [LOG] [Fast Refresh] done in 159ms @ http://sjm.localhost:3000/_next/static/chunks/217dd_next_dist_9c560571._.js:2297
[  381717ms] [LOG] Detected Host: sjm.localhost:3000 http://sjm.localhost:3000/dashboardportal/accounting/reports/ledgerReport @ http://sjm.localhost:3000/_next/static/chunks/217dd_next_dist_9c560571._.js:2297
[  381727ms] [LOG] Detected Host: sjm.localhost:3000 http://sjm.localhost:3000/dashboardportal/accounting/reports/ledgerReport @ http://sjm.localhost:3000/_next/static/chunks/217dd_next_dist_9c560571._.js:2297
[  381864ms] [LOG] Detected Host: sjm.localhost:3000 http://sjm.localhost:3000/dashboardportal/accounting/reports/ledgerReport @ http://sjm.localhost:3000/_next/static/chunks/217dd_next_dist_9c560571._.js:2297
[  381873ms] [LOG] Detected Host: sjm.localhost:3000 http://sjm.localhost:3000/dashboardportal/accounting/reports/ledgerReport @ http://sjm.localhost:3000/_next/static/chunks/217dd_next_dist_9c560571._.js:2297
[  382039ms] [ERROR] Can't perform a React state update on a component that hasn't mounted yet. This indicates that you have a side-effect in your render function that asynchronously tries to update the component. Move this work to useEffect instead. @ http://sjm.localhost:3000/_next/static/chunks/217dd_next_dist_9c560571._.js:3127
[  382041ms] [ERROR] Can't perform a React state update on a component that hasn't mounted yet. This indicates that you have a side-effect in your render function that asynchronously tries to update the component. Move this work to useEffect instead. @ http://sjm.localhost:3000/_next/static/chunks/217dd_next_dist_9c560571._.js:3127
[  382042ms] [ERROR] Can't perform a React state update on a component that hasn't mounted yet. This indicates that you have a side-effect in your render function that asynchronously tries to update the component. Move this work to useEffect instead. @ http://sjm.localhost:3000/_next/static/chunks/217dd_next_dist_9c560571._.js:3127
[  382044ms] [ERROR] Can't perform a React state update on a component that hasn't mounted yet. This indicates that you have a side-effect in your render function that asynchronously tries to update the component. Move this work to useEffect instead. @ http://sjm.localhost:3000/_next/static/chunks/217dd_next_dist_9c560571._.js:3127
[  382046ms] [ERROR] Can't perform a React state update on a component that hasn't mounted yet. This indicates that you have a side-effect in your render function that asynchronously tries to update the component. Move this work to useEffect instead. @ http://sjm.localhost:3000/_next/static/chunks/217dd_next_dist_9c560571._.js:3127
[  382048ms] [ERROR] Can't perform a React state update on a component that hasn't mounted yet. This indicates that you have a side-effect in your render function that asynchronously tries to update the component. Move this work to useEffect instead. @ http://sjm.localhost:3000/_next/static/chunks/217dd_next_dist_9c560571._.js:3127
[  382050ms] [ERROR] Can't perform a React state update on a component that hasn't mounted yet. This indicates that you have a side-effect in your render function that asynchronously tries to update the component. Move this work to useEffect instead. @ http://sjm.localhost:3000/_next/static/chunks/217dd_next_dist_9c560571._.js:3127
[  382073ms] [LOG] Detected Host: sjm.localhost:3000 http://sjm.localhost:3000/dashboardportal/accounting/reports/ledgerReport @ http://sjm.localhost:3000/_next/static/chunks/217dd_next_dist_9c560571._.js:2297
[  382080ms] [LOG] Detected Host: sjm.localhost:3000 http://sjm.localhost:3000/dashboardportal/accounting/reports/ledgerReport @ http://sjm.localhost:3000/_next/static/chunks/217dd_next_dist_9c560571._.js:2297
[  382311ms] [LOG] Detected Host: sjm.localhost:3000 http://sjm.localhost:3000/dashboardportal/accounting/reports/ledgerReport @ http://sjm.localhost:3000/_next/static/chunks/217dd_next_dist_9c560571._.js:2297
[  382316ms] [LOG] Detected Host: sjm.localhost:3000 http://sjm.localhost:3000/dashboardportal/accounting/reports/ledgerReport @ http://sjm.localhost:3000/_next/static/chunks/217dd_next_dist_9c560571._.js:2297
[  382591ms] [ERROR] Failed to load resource: the server responded with a status of 404 (Not Found) @ http://192.168.0.133:8000/api/accounting/ledgers?co_id=1&limit=50:0
[  382601ms] [ERROR] Failed to load resource: the server responded with a status of 404 (Not Found) @ http://192.168.0.133:8000/api/accounting/ledgers?co_id=1&limit=50:0
[  382614ms] [LOG] Detected Host: sjm.localhost:3000 http://sjm.localhost:3000/dashboardportal/accounting/reports/ledgerReport @ http://sjm.localhost:3000/_next/static/chunks/217dd_next_dist_9c560571._.js:2297
[  382616ms] [LOG] Detected Host: sjm.localhost:3000 http://sjm.localhost:3000/dashboardportal/accounting/reports/ledgerReport @ http://sjm.localhost:3000/_next/static/chunks/217dd_next_dist_9c560571._.js:2297
[  382758ms] [ERROR] Failed to load resource: the server responded with a status of 404 (Not Found) @ http://192.168.0.133:8000/api/accounting/ledgers?co_id=1&limit=50:0
[  382910ms] [LOG] [Fast Refresh] rebuilding @ http://sjm.localhost:3000/_next/static/chunks/217dd_next_dist_9c560571._.js:2297
[  386136ms] [LOG] [Fast Refresh] done in 3328ms @ http://sjm.localhost:3000/_next/static/chunks/217dd_next_dist_9c560571._.js:2297
[  386405ms] [INFO] %cDownload the React DevTools for a better development experience: https://react.dev/link/react-devtools font-weight:bold @ http://sjm.localhost:3000/_next/static/chunks/217dd_next_dist_9c560571._.js:2297
[  386444ms] [LOG] [HMR] connected @ http://sjm.localhost:3000/_next/static/chunks/217dd_next_dist_9c560571._.js:2297
[  386670ms] [LOG] Detected Host: sjm.localhost:3000 http://sjm.localhost:3000/dashboardportal/accounting/reports/partyOutstanding @ http://sjm.localhost:3000/_next/static/chunks/217dd_next_dist_9c560571._.js:2297
[  386671ms] [LOG] Detected Host: sjm.localhost:3000 http://sjm.localhost:3000/dashboardportal/accounting/reports/partyOutstanding @ http://sjm.localhost:3000/_next/static/chunks/217dd_next_dist_9c560571._.js:2297
[  386702ms] [LOG] Detected Host: sjm.localhost:3000 http://sjm.localhost:3000/dashboardportal/accounting/reports/partyOutstanding @ http://sjm.localhost:3000/_next/static/chunks/217dd_next_dist_9c560571._.js:2297
[  386703ms] [LOG] Detected Host: sjm.localhost:3000 http://sjm.localhost:3000/dashboardportal/accounting/reports/partyOutstanding @ http://sjm.localhost:3000/_next/static/chunks/217dd_next_dist_9c560571._.js:2297
[  386729ms] [LOG] Detected Host: sjm.localhost:3000 http://sjm.localhost:3000/dashboardportal/accounting/reports/partyOutstanding @ http://sjm.localhost:3000/_next/static/chunks/217dd_next_dist_9c560571._.js:2297
[  386729ms] [LOG] Detected Host: sjm.localhost:3000 http://sjm.localhost:3000/dashboardportal/accounting/reports/partyOutstanding @ http://sjm.localhost:3000/_next/static/chunks/217dd_next_dist_9c560571._.js:2297
[  386752ms] [LOG] Detected Host: sjm.localhost:3000 http://sjm.localhost:3000/dashboardportal/accounting/reports/partyOutstanding @ http://sjm.localhost:3000/_next/static/chunks/217dd_next_dist_9c560571._.js:2297
[  386753ms] [LOG] Detected Host: sjm.localhost:3000 http://sjm.localhost:3000/dashboardportal/accounting/reports/partyOutstanding @ http://sjm.localhost:3000/_next/static/chunks/217dd_next_dist_9c560571._.js:2297
[  386782ms] [LOG] Detected Host: sjm.localhost:3000 http://sjm.localhost:3000/dashboardportal/accounting/reports/partyOutstanding @ http://sjm.localhost:3000/_next/static/chunks/217dd_next_dist_9c560571._.js:2297
[  386783ms] [LOG] Detected Host: sjm.localhost:3000 http://sjm.localhost:3000/dashboardportal/accounting/reports/partyOutstanding @ http://sjm.localhost:3000/_next/static/chunks/217dd_next_dist_9c560571._.js:2297
[  386807ms] [LOG] Detected Host: sjm.localhost:3000 http://sjm.localhost:3000/dashboardportal/accounting/reports/partyOutstanding @ http://sjm.localhost:3000/_next/static/chunks/217dd_next_dist_9c560571._.js:2297
[  386808ms] [LOG] Detected Host: sjm.localhost:3000 http://sjm.localhost:3000/dashboardportal/accounting/reports/partyOutstanding @ http://sjm.localhost:3000/_next/static/chunks/217dd_next_dist_9c560571._.js:2297
[  386812ms] [LOG] [Fast Refresh] rebuilding @ http://sjm.localhost:3000/_next/static/chunks/217dd_next_dist_9c560571._.js:2297
[  386830ms] [LOG] Detected Host: sjm.localhost:3000 http://sjm.localhost:3000/dashboardportal/accounting/reports/partyOutstanding @ http://sjm.localhost:3000/_next/static/chunks/217dd_next_dist_9c560571._.js:2297
[  386831ms] [LOG] Detected Host: sjm.localhost:3000 http://sjm.localhost:3000/dashboardportal/accounting/reports/partyOutstanding @ http://sjm.localhost:3000/_next/static/chunks/217dd_next_dist_9c560571._.js:2297
[  386862ms] [LOG] Detected Host: sjm.localhost:3000 http://sjm.localhost:3000/dashboardportal/accounting/reports/partyOutstanding @ http://sjm.localhost:3000/_next/static/chunks/217dd_next_dist_9c560571._.js:2297
[  386863ms] [LOG] Detected Host: sjm.localhost:3000 http://sjm.localhost:3000/dashboardportal/accounting/reports/partyOutstanding @ http://sjm.localhost:3000/_next/static/chunks/217dd_next_dist_9c560571._.js:2297
[  386920ms] [LOG] [Fast Refresh] done in 214ms @ http://sjm.localhost:3000/_next/static/chunks/217dd_next_dist_9c560571._.js:2297
[  386996ms] [LOG] Detected Host: sjm.localhost:3000 http://sjm.localhost:3000/dashboardportal/accounting/reports/partyOutstanding @ http://sjm.localhost:3000/_next/static/chunks/217dd_next_dist_9c560571._.js:2297
[  387004ms] [LOG] Detected Host: sjm.localhost:3000 http://sjm.localhost:3000/dashboardportal/accounting/reports/partyOutstanding @ http://sjm.localhost:3000/_next/static/chunks/217dd_next_dist_9c560571._.js:2297
[  387054ms] [LOG] Detected Host: sjm.localhost:3000 http://sjm.localhost:3000/dashboardportal/accounting/reports/partyOutstanding @ http://sjm.localhost:3000/_next/static/chunks/217dd_next_dist_9c560571._.js:2297
[  387058ms] [LOG] Detected Host: sjm.localhost:3000 http://sjm.localhost:3000/dashboardportal/accounting/reports/partyOutstanding @ http://sjm.localhost:3000/_next/static/chunks/217dd_next_dist_9c560571._.js:2297
[  387129ms] [LOG] Detected Host: sjm.localhost:3000 http://sjm.localhost:3000/dashboardportal/accounting/reports/partyOutstanding @ http://sjm.localhost:3000/_next/static/chunks/217dd_next_dist_9c560571._.js:2297
[  387137ms] [LOG] Detected Host: sjm.localhost:3000 http://sjm.localhost:3000/dashboardportal/accounting/reports/partyOutstanding @ http://sjm.localhost:3000/_next/static/chunks/217dd_next_dist_9c560571._.js:2297
[  387196ms] [ERROR] Failed to load resource: the server responded with a status of 404 (Not Found) @ http://192.168.0.133:8000/api/accounting/reports/party_outstanding?co_id=1&party_type=DEBTOR:0
[  387197ms] [ERROR] Failed to load resource: the server responded with a status of 404 (Not Found) @ http://192.168.0.133:8000/api/accounting/reports/party_outstanding?co_id=1&party_type=DEBTOR:0
[  387200ms] [LOG] Detected Host: sjm.localhost:3000 http://sjm.localhost:3000/dashboardportal/accounting/reports/partyOutstanding @ http://sjm.localhost:3000/_next/static/chunks/217dd_next_dist_9c560571._.js:2297
[  387203ms] [LOG] Detected Host: sjm.localhost:3000 http://sjm.localhost:3000/dashboardportal/accounting/reports/partyOutstanding @ http://sjm.localhost:3000/_next/static/chunks/217dd_next_dist_9c560571._.js:2297
[  387353ms] [LOG] Detected Host: sjm.localhost:3000 http://sjm.localhost:3000/dashboardportal/accounting/reports/partyOutstanding @ http://sjm.localhost:3000/_next/static/chunks/217dd_next_dist_9c560571._.js:2297
[  387359ms] [LOG] Detected Host: sjm.localhost:3000 http://sjm.localhost:3000/dashboardportal/accounting/reports/partyOutstanding @ http://sjm.localhost:3000/_next/static/chunks/217dd_next_dist_9c560571._.js:2297
[  387413ms] [LOG] [Fast Refresh] rebuilding @ http://sjm.localhost:3000/_next/static/chunks/217dd_next_dist_9c560571._.js:2297
[  387427ms] [ERROR] Failed to load resource: the server responded with a status of 404 (Not Found) @ http://192.168.0.133:8000/api/accounting/reports/party_outstanding?co_id=1&party_type=DEBTOR:0
[  388504ms] [LOG] [Fast Refresh] done in 1577ms @ http://sjm.localhost:3000/_next/static/chunks/217dd_next_dist_9c560571._.js:2297
[  388706ms] [INFO] %cDownload the React DevTools for a better development experience: https://react.dev/link/react-devtools font-weight:bold @ http://sjm.localhost:3000/_next/static/chunks/217dd_next_dist_9c560571._.js:2297
[  388749ms] [LOG] [HMR] connected @ http://sjm.localhost:3000/_next/static/chunks/217dd_next_dist_9c560571._.js:2297
[  389036ms] [LOG] Detected Host: sjm.localhost:3000 http://sjm.localhost:3000/dashboardportal/accounting/reports/profitLoss @ http://sjm.localhost:3000/_next/static/chunks/217dd_next_dist_9c560571._.js:2297
[  389037ms] [LOG] Detected Host: sjm.localhost:3000 http://sjm.localhost:3000/dashboardportal/accounting/reports/profitLoss @ http://sjm.localhost:3000/_next/static/chunks/217dd_next_dist_9c560571._.js:2297
[  389088ms] [ERROR] A tree hydrated but some attributes of the server rendered HTML didn't match the client properties. This won't be patched up. This can happen if a SSR-ed Client Component used:

- A server/client branch `if (typeof window !== 'undefined')`.
- Variable input such as `Date.now()` or `Math.random()` which changes each time it's called.
- Date formatting in a user's locale which doesn't match the server.
- External changing data without sending a snapshot of it along with the HTML.
- Invalid HTML tag nesting.

It can also happen if the client has a browser extension installed which messes with the HTML before React loaded.

%s%s https://react.dev/link/hydration-mismatch 

  ...
    <Styled(div) as="div" ref={null} className="MuiBox-root" theme={{...}} sx={{p:3}}>
      <Insertion>
      <div className="MuiBox-roo...">
        <Typography>
        <Paper sx={{p:2,mb:2,display:"...", ...}}>
          <MuiPaper-root as="div" ownerState={{...}} className="MuiPaper-r..." ref={null} ...>
            <Insertion>
            <div className="MuiPaper-r..." style={{...}}>
              <TextField label="From Date" type="date" size="small" value="" onChange={function onChange} ...>
                <MuiTextField-root disabled={false} error={false} fullWidth={false} required={false} color="primary" ...>
                  <Insertion>
                  <FormControl disabled={false} error={false} fullWidth={false} required={false} color="primary" ...>
                    <MuiFormControl-root as="div" ownerState={{disabled:false, ...}} className="MuiFormCon..." ref={null}>
                      <Insertion>
                      <div className="MuiFormCon...">
                        <InputLabel htmlFor="_R_359bn5r..." id="_R_359bn5r..." shrink={true} ref={null} ...>
                          <MuiInputLabel-root data-shrink={true} ref={null} className="MuiInputLa..." ...>
                            <Insertion>
                            <FormLabel data-shrink={true} className="MuiInputLa..." htmlFor="_R_359bn5r..." ...>
                              <MuiFormLabel-root as="label" ownerState={{...}} className="MuiFormLab..." ref={null} ...>
                                <Insertion>
                                <label
                                  className="MuiFormLabel-root MuiInputLabel-root MuiInputLabel-formControl MuiInputLa..."
                                  data-shrink={true}
+                                 htmlFor="_R_359bn5ritpesitpllb_"
-                                 htmlFor="_R_cl5esnebn5riitpllb_"
+                                 id="_R_359bn5ritpesitpllb_-label"
-                                 id="_R_cl5esnebn5riitpllb_-label"
                                >
                        ...
                          <MuiOutlinedInput-root ref={null} onClick={function handleClick} ...>
                            <Insertion>
                            <div onClick={function handleClick} className="MuiInputBa...">
                              <MuiOutlinedInput-input aria-invalid={false} aria-describedby={undefined} ...>
                                <Insertion>
                                <input
                                  aria-invalid={false}
                                  aria-describedby={undefined}
                                  autoComplete={undefined}
                                  autoFocus={false}
                                  defaultValue={undefined}
                                  disabled={false}
+                                 id="_R_359bn5ritpesitpllb_"
-                                 id="_R_cl5esnebn5riitpllb_"
                                  onAnimationStart={function handleAutoFill}
                                  name={undefined}
                                  placeholder={undefined}
                                  readOnly={undefined}
                                  required={false}
                                  rows={undefined}
                                  value=""
                                  onKeyDown={undefined}
                                  onKeyUp={undefined}
                                  type="date"
                                  className="MuiInputBase-input MuiOutlinedInput-input MuiInputBase-inputSizeSmall mui..."
                                  onBlur={function handleBlur}
                                  onChange={function handleChange}
                                  onFocus={function handleFocus}
                                  ref={function useForkRef.useMemo}
                                >
                              ...
              <TextField label="To Date" type="date" size="small" value="" onChange={function onChange} slotProps={{...}}>
                <MuiTextField-root disabled={false} error={false} fullWidth={false} required={false} color="primary" ...>
                  <Insertion>
                  <FormControl disabled={false} error={false} fullWidth={false} required={false} color="primary" ...>
                    <MuiFormControl-root as="div" ownerState={{disabled:false, ...}} className="MuiFormCon..." ref={null}>
                      <Insertion>
                      <div className="MuiFormCon...">
                        <InputLabel htmlFor="_R_559bn5r..." id="_R_559bn5r..." shrink={true} ref={null} ...>
                          <MuiInputLabel-root data-shrink={true} ref={null} className="MuiInputLa..." ...>
                            <Insertion>
                            <FormLabel data-shrink={true} className="MuiInputLa..." htmlFor="_R_559bn5r..." ...>
                              <MuiFormLabel-root as="label" ownerState={{...}} className="MuiFormLab..." ref={null} ...>
                                <Insertion>
                                <label
                                  className="MuiFormLabel-root MuiInputLabel-root MuiInputLabel-formControl MuiInputLa..."
                                  data-shrink={true}
+                                 htmlFor="_R_559bn5ritpesitpllb_"
-                                 htmlFor="_R_kl5esnebn5riitpllb_"
+                                 id="_R_559bn5ritpesitpllb_-label"
-                                 id="_R_kl5esnebn5riitpllb_-label"
                                >
                        ...
                          <MuiOutlinedInput-root ref={null} onClick={function handleClick} ...>
                            <Insertion>
                            <div onClick={function handleClick} className="MuiInputBa...">
                              <MuiOutlinedInput-input aria-invalid={false} aria-describedby={undefined} ...>
                                <Insertion>
                                <input
                                  aria-invalid={false}
                                  aria-describedby={undefined}
                                  autoComplete={undefined}
                                  autoFocus={false}
                                  defaultValue={undefined}
                                  disabled={false}
+                                 id="_R_559bn5ritpesitpllb_"
-                                 id="_R_kl5esnebn5riitpllb_"
                                  onAnimationStart={function handleAutoFill}
                                  name={undefined}
                                  placeholder={undefined}
                                  readOnly={undefined}
                                  required={false}
                                  rows={undefined}
                                  value=""
                                  onKeyDown={undefined}
                                  onKeyUp={undefined}
                                  type="date"
                                  className="MuiInputBase-input MuiOutlinedInput-input MuiInputBase-inputSizeSmall mui..."
                                  onBlur={function handleBlur}
                                  onChange={function handleChange}
                                  onFocus={function handleFocus}
                                  ref={function useForkRef.useMemo}
                                >
                              ...
              <TextField label="Branch ID" type="number" size="small" value="" onChange={function onChange} ...>
                <MuiTextField-root disabled={false} error={false} fullWidth={false} required={false} color="primary" ...>
                  <Insertion>
                  <FormControl disabled={false} error={false} fullWidth={false} required={false} color="primary" ...>
                    <MuiFormControl-root as="div" ownerState={{disabled:false, ...}} className="MuiFormCon..." ref={null}>
                      <Insertion>
                      <div className="MuiFormCon...">
                        <InputLabel htmlFor="_R_759bn5r..." id="_R_759bn5r..." ref={null} ...>
                          <MuiInputLabel-root data-shrink={false} ref={null} className="MuiInputLa..." ...>
                            <Insertion>
                            <FormLabel data-shrink={false} className="MuiInputLa..." htmlFor="_R_759bn5r..." ...>
                              <MuiFormLabel-root as="label" ownerState={{...}} className="MuiFormLab..." ref={null} ...>
                                <Insertion>
                                <label
                                  className="MuiFormLabel-root MuiInputLabel-root MuiInputLabel-formControl MuiInputLa..."
                                  data-shrink={false}
+                                 htmlFor="_R_759bn5ritpesitpllb_"
-                                 htmlFor="_R_sl5esnebn5riitpllb_"
+                                 id="_R_759bn5ritpesitpllb_-label"
-                                 id="_R_sl5esnebn5riitpllb_-label"
                                >
                        ...
                          <MuiOutlinedInput-root ref={null} onClick={function handleClick} ...>
                            <Insertion>
                            <div onClick={function handleClick} className="MuiInputBa...">
                              <MuiOutlinedInput-input aria-invalid={false} aria-describedby={undefined} ...>
                                <Insertion>
                                <input
                                  aria-invalid={false}
                                  aria-describedby={undefined}
                                  autoComplete={undefined}
                                  autoFocus={false}
                                  defaultValue={undefined}
                                  disabled={false}
+                                 id="_R_759bn5ritpesitpllb_"
-                                 id="_R_sl5esnebn5riitpllb_"
                                  onAnimationStart={function handleAutoFill}
                                  name={undefined}
                                  placeholder={undefined}
                                  readOnly={undefined}
                                  required={false}
                                  rows={undefined}
                                  value=""
                                  onKeyDown={undefined}
                                  onKeyUp={undefined}
                                  type="number"
                                  className="MuiInputBase-input MuiOutlinedInput-input MuiInputBase-inputSizeSmall mui..."
                                  onBlur={function handleBlur}
                                  onChange={function handleChange}
                                  onFocus={function handleFocus}
                                  ref={function useForkRef.useMemo}
                                >
                              ...
              ...
        ...
 @ http://sjm.localhost:3000/_next/static/chunks/217dd_next_dist_9c560571._.js:3127
[  389097ms] [LOG] Detected Host: sjm.localhost:3000 http://sjm.localhost:3000/dashboardportal/accounting/reports/profitLoss @ http://sjm.localhost:3000/_next/static/chunks/217dd_next_dist_9c560571._.js:2297
[  389103ms] [LOG] Detected Host: sjm.localhost:3000 http://sjm.localhost:3000/dashboardportal/accounting/reports/profitLoss @ http://sjm.localhost:3000/_next/static/chunks/217dd_next_dist_9c560571._.js:2297
[  389156ms] [LOG] Detected Host: sjm.localhost:3000 http://sjm.localhost:3000/dashboardportal/accounting/reports/profitLoss @ http://sjm.localhost:3000/_next/static/chunks/217dd_next_dist_9c560571._.js:2297
[  389162ms] [LOG] Detected Host: sjm.localhost:3000 http://sjm.localhost:3000/dashboardportal/accounting/reports/profitLoss @ http://sjm.localhost:3000/_next/static/chunks/217dd_next_dist_9c560571._.js:2297
[  389218ms] [LOG] Detected Host: sjm.localhost:3000 http://sjm.localhost:3000/dashboardportal/accounting/reports/profitLoss @ http://sjm.localhost:3000/_next/static/chunks/217dd_next_dist_9c560571._.js:2297
[  389223ms] [LOG] Detected Host: sjm.localhost:3000 http://sjm.localhost:3000/dashboardportal/accounting/reports/profitLoss @ http://sjm.localhost:3000/_next/static/chunks/217dd_next_dist_9c560571._.js:2297
[  389298ms] [LOG] Detected Host: sjm.localhost:3000 http://sjm.localhost:3000/dashboardportal/accounting/reports/profitLoss @ http://sjm.localhost:3000/_next/static/chunks/217dd_next_dist_9c560571._.js:2297
[  389301ms] [LOG] Detected Host: sjm.localhost:3000 http://sjm.localhost:3000/dashboardportal/accounting/reports/profitLoss @ http://sjm.localhost:3000/_next/static/chunks/217dd_next_dist_9c560571._.js:2297
[  389332ms] [LOG] [Fast Refresh] rebuilding @ http://sjm.localhost:3000/_next/static/chunks/217dd_next_dist_9c560571._.js:2297
[  389339ms] [LOG] [Fast Refresh] done in 329ms @ http://sjm.localhost:3000/_next/static/chunks/217dd_next_dist_9c560571._.js:2297
[  389345ms] [LOG] Detected Host: sjm.localhost:3000 http://sjm.localhost:3000/dashboardportal/accounting/reports/profitLoss @ http://sjm.localhost:3000/_next/static/chunks/217dd_next_dist_9c560571._.js:2297
[  389351ms] [LOG] Detected Host: sjm.localhost:3000 http://sjm.localhost:3000/dashboardportal/accounting/reports/profitLoss @ http://sjm.localhost:3000/_next/static/chunks/217dd_next_dist_9c560571._.js:2297
[  389500ms] [LOG] [Fast Refresh] rebuilding @ http://sjm.localhost:3000/_next/static/chunks/217dd_next_dist_9c560571._.js:2297
[  390677ms] [LOG] [Fast Refresh] done in 1285ms @ http://sjm.localhost:3000/_next/static/chunks/217dd_next_dist_9c560571._.js:2297
[  390918ms] [INFO] %cDownload the React DevTools for a better development experience: https://react.dev/link/react-devtools font-weight:bold @ http://sjm.localhost:3000/_next/static/chunks/217dd_next_dist_9c560571._.js:2297
[  390959ms] [LOG] [HMR] connected @ http://sjm.localhost:3000/_next/static/chunks/217dd_next_dist_9c560571._.js:2297
[  391085ms] [LOG] Detected Host: sjm.localhost:3000 http://sjm.localhost:3000/dashboardportal/accounting/reports/trialBalance @ http://sjm.localhost:3000/_next/static/chunks/217dd_next_dist_9c560571._.js:2297
[  391086ms] [LOG] Detected Host: sjm.localhost:3000 http://sjm.localhost:3000/dashboardportal/accounting/reports/trialBalance @ http://sjm.localhost:3000/_next/static/chunks/217dd_next_dist_9c560571._.js:2297
[  391115ms] [LOG] Detected Host: sjm.localhost:3000 http://sjm.localhost:3000/dashboardportal/accounting/reports/trialBalance @ http://sjm.localhost:3000/_next/static/chunks/217dd_next_dist_9c560571._.js:2297
[  391116ms] [LOG] Detected Host: sjm.localhost:3000 http://sjm.localhost:3000/dashboardportal/accounting/reports/trialBalance @ http://sjm.localhost:3000/_next/static/chunks/217dd_next_dist_9c560571._.js:2297
[  391139ms] [LOG] Detected Host: sjm.localhost:3000 http://sjm.localhost:3000/dashboardportal/accounting/reports/trialBalance @ http://sjm.localhost:3000/_next/static/chunks/217dd_next_dist_9c560571._.js:2297
[  391139ms] [LOG] Detected Host: sjm.localhost:3000 http://sjm.localhost:3000/dashboardportal/accounting/reports/trialBalance @ http://sjm.localhost:3000/_next/static/chunks/217dd_next_dist_9c560571._.js:2297
[  391164ms] [LOG] Detected Host: sjm.localhost:3000 http://sjm.localhost:3000/dashboardportal/accounting/reports/trialBalance @ http://sjm.localhost:3000/_next/static/chunks/217dd_next_dist_9c560571._.js:2297
[  391164ms] [LOG] Detected Host: sjm.localhost:3000 http://sjm.localhost:3000/dashboardportal/accounting/reports/trialBalance @ http://sjm.localhost:3000/_next/static/chunks/217dd_next_dist_9c560571._.js:2297
[  391190ms] [LOG] Detected Host: sjm.localhost:3000 http://sjm.localhost:3000/dashboardportal/accounting/reports/trialBalance @ http://sjm.localhost:3000/_next/static/chunks/217dd_next_dist_9c560571._.js:2297
[  391191ms] [LOG] Detected Host: sjm.localhost:3000 http://sjm.localhost:3000/dashboardportal/accounting/reports/trialBalance @ http://sjm.localhost:3000/_next/static/chunks/217dd_next_dist_9c560571._.js:2297
[  391212ms] [LOG] Detected Host: sjm.localhost:3000 http://sjm.localhost:3000/dashboardportal/accounting/reports/trialBalance @ http://sjm.localhost:3000/_next/static/chunks/217dd_next_dist_9c560571._.js:2297
[  391213ms] [LOG] Detected Host: sjm.localhost:3000 http://sjm.localhost:3000/dashboardportal/accounting/reports/trialBalance @ http://sjm.localhost:3000/_next/static/chunks/217dd_next_dist_9c560571._.js:2297
[  391220ms] [LOG] [Fast Refresh] rebuilding @ http://sjm.localhost:3000/_next/static/chunks/217dd_next_dist_9c560571._.js:2297
[  391257ms] [LOG] [Fast Refresh] done in 144ms @ http://sjm.localhost:3000/_next/static/chunks/217dd_next_dist_9c560571._.js:2297
[  391265ms] [LOG] Detected Host: sjm.localhost:3000 http://sjm.localhost:3000/dashboardportal/accounting/reports/trialBalance @ http://sjm.localhost:3000/_next/static/chunks/217dd_next_dist_9c560571._.js:2297
[  391266ms] [LOG] Detected Host: sjm.localhost:3000 http://sjm.localhost:3000/dashboardportal/accounting/reports/trialBalance @ http://sjm.localhost:3000/_next/static/chunks/217dd_next_dist_9c560571._.js:2297
[  391360ms] [LOG] Detected Host: sjm.localhost:3000 http://sjm.localhost:3000/dashboardportal/accounting/reports/trialBalance @ http://sjm.localhost:3000/_next/static/chunks/217dd_next_dist_9c560571._.js:2297
[  391366ms] [LOG] Detected Host: sjm.localhost:3000 http://sjm.localhost:3000/dashboardportal/accounting/reports/trialBalance @ http://sjm.localhost:3000/_next/static/chunks/217dd_next_dist_9c560571._.js:2297
[  391475ms] [LOG] Detected Host: sjm.localhost:3000 http://sjm.localhost:3000/dashboardportal/accounting/reports/trialBalance @ http://sjm.localhost:3000/_next/static/chunks/217dd_next_dist_9c560571._.js:2297
[  391481ms] [LOG] Detected Host: sjm.localhost:3000 http://sjm.localhost:3000/dashboardportal/accounting/reports/trialBalance @ http://sjm.localhost:3000/_next/static/chunks/217dd_next_dist_9c560571._.js:2297
[  391613ms] [ERROR] Can't perform a React state update on a component that hasn't mounted yet. This indicates that you have a side-effect in your render function that asynchronously tries to update the component. Move this work to useEffect instead. @ http://sjm.localhost:3000/_next/static/chunks/217dd_next_dist_9c560571._.js:3127
[  391615ms] [ERROR] Can't perform a React state update on a component that hasn't mounted yet. This indicates that you have a side-effect in your render function that asynchronously tries to update the component. Move this work to useEffect instead. @ http://sjm.localhost:3000/_next/static/chunks/217dd_next_dist_9c560571._.js:3127
[  391616ms] [ERROR] Can't perform a React state update on a component that hasn't mounted yet. This indicates that you have a side-effect in your render function that asynchronously tries to update the component. Move this work to useEffect instead. @ http://sjm.localhost:3000/_next/static/chunks/217dd_next_dist_9c560571._.js:3127
[  391618ms] [ERROR] Can't perform a React state update on a component that hasn't mounted yet. This indicates that you have a side-effect in your render function that asynchronously tries to update the component. Move this work to useEffect instead. @ http://sjm.localhost:3000/_next/static/chunks/217dd_next_dist_9c560571._.js:3127
[  391620ms] [ERROR] Can't perform a React state update on a component that hasn't mounted yet. This indicates that you have a side-effect in your render function that asynchronously tries to update the component. Move this work to useEffect instead. @ http://sjm.localhost:3000/_next/static/chunks/217dd_next_dist_9c560571._.js:3127
[  391621ms] [ERROR] Can't perform a React state update on a component that hasn't mounted yet. This indicates that you have a side-effect in your render function that asynchronously tries to update the component. Move this work to useEffect instead. @ http://sjm.localhost:3000/_next/static/chunks/217dd_next_dist_9c560571._.js:3127
[  391623ms] [ERROR] Can't perform a React state update on a component that hasn't mounted yet. This indicates that you have a side-effect in your render function that asynchronously tries to update the component. Move this work to useEffect instead. @ http://sjm.localhost:3000/_next/static/chunks/217dd_next_dist_9c560571._.js:3127
[  391639ms] [LOG] Detected Host: sjm.localhost:3000 http://sjm.localhost:3000/dashboardportal/accounting/reports/trialBalance @ http://sjm.localhost:3000/_next/static/chunks/217dd_next_dist_9c560571._.js:2297
[  391645ms] [LOG] Detected Host: sjm.localhost:3000 http://sjm.localhost:3000/dashboardportal/accounting/reports/trialBalance @ http://sjm.localhost:3000/_next/static/chunks/217dd_next_dist_9c560571._.js:2297
[  391750ms] [LOG] Detected Host: sjm.localhost:3000 http://sjm.localhost:3000/dashboardportal/accounting/reports/trialBalance @ http://sjm.localhost:3000/_next/static/chunks/217dd_next_dist_9c560571._.js:2297
[  391756ms] [LOG] Detected Host: sjm.localhost:3000 http://sjm.localhost:3000/dashboardportal/accounting/reports/trialBalance @ http://sjm.localhost:3000/_next/static/chunks/217dd_next_dist_9c560571._.js:2297
[  392002ms] [LOG] Detected Host: sjm.localhost:3000 http://sjm.localhost:3000/dashboardportal/accounting/reports/trialBalance @ http://sjm.localhost:3000/_next/static/chunks/217dd_next_dist_9c560571._.js:2297
[  392007ms] [LOG] Detected Host: sjm.localhost:3000 http://sjm.localhost:3000/dashboardportal/accounting/reports/trialBalance @ http://sjm.localhost:3000/_next/static/chunks/217dd_next_dist_9c560571._.js:2297
[  392432ms] [LOG] [Fast Refresh] rebuilding @ http://sjm.localhost:3000/_next/static/chunks/217dd_next_dist_9c560571._.js:2297
[  392461ms] [LOG] [Fast Refresh] done in 133ms @ http://sjm.localhost:3000/_next/static/chunks/217dd_next_dist_9c560571._.js:2297
[  392523ms] [ERROR] Failed to load resource: the server responded with a status of 404 (Not Found) @ http://sjm.localhost:3000/dashboardportal/accounting/types:0
[  392734ms] [INFO] %cDownload the React DevTools for a better development experience: https://react.dev/link/react-devtools font-weight:bold @ http://sjm.localhost:3000/_next/static/chunks/217dd_next_dist_9c560571._.js:2297
[  392760ms] [LOG] [HMR] connected @ http://sjm.localhost:3000/_next/static/chunks/217dd_next_dist_9c560571._.js:2297
[  392915ms] [LOG] [Fast Refresh] rebuilding @ http://sjm.localhost:3000/_next/static/chunks/217dd_next_dist_9c560571._.js:2297
[  395817ms] [INFO] %cDownload the React DevTools for a better development experience: https://react.dev/link/react-devtools font-weight:bold @ http://sjm.localhost:3000/_next/static/chunks/217dd_next_dist_9c560571._.js:2297
[  395857ms] [LOG] [HMR] connected @ http://sjm.localhost:3000/_next/static/chunks/217dd_next_dist_9c560571._.js:2297
[  396132ms] [LOG] Detected Host: sjm.localhost:3000 http://sjm.localhost:3000/dashboardportal/accounting/vouchers @ http://sjm.localhost:3000/_next/static/chunks/217dd_next_dist_9c560571._.js:2297
[  396133ms] [LOG] Detected Host: sjm.localhost:3000 http://sjm.localhost:3000/dashboardportal/accounting/vouchers @ http://sjm.localhost:3000/_next/static/chunks/217dd_next_dist_9c560571._.js:2297
[  396169ms] [LOG] Detected Host: sjm.localhost:3000 http://sjm.localhost:3000/dashboardportal/accounting/vouchers @ http://sjm.localhost:3000/_next/static/chunks/217dd_next_dist_9c560571._.js:2297
[  396170ms] [LOG] Detected Host: sjm.localhost:3000 http://sjm.localhost:3000/dashboardportal/accounting/vouchers @ http://sjm.localhost:3000/_next/static/chunks/217dd_next_dist_9c560571._.js:2297
[  396192ms] [LOG] Detected Host: sjm.localhost:3000 http://sjm.localhost:3000/dashboardportal/accounting/vouchers @ http://sjm.localhost:3000/_next/static/chunks/217dd_next_dist_9c560571._.js:2297
[  396193ms] [LOG] Detected Host: sjm.localhost:3000 http://sjm.localhost:3000/dashboardportal/accounting/vouchers @ http://sjm.localhost:3000/_next/static/chunks/217dd_next_dist_9c560571._.js:2297
[  396222ms] [LOG] Detected Host: sjm.localhost:3000 http://sjm.localhost:3000/dashboardportal/accounting/vouchers @ http://sjm.localhost:3000/_next/static/chunks/217dd_next_dist_9c560571._.js:2297
[  396223ms] [LOG] Detected Host: sjm.localhost:3000 http://sjm.localhost:3000/dashboardportal/accounting/vouchers @ http://sjm.localhost:3000/_next/static/chunks/217dd_next_dist_9c560571._.js:2297
[  396247ms] [LOG] Detected Host: sjm.localhost:3000 http://sjm.localhost:3000/dashboardportal/accounting/vouchers @ http://sjm.localhost:3000/_next/static/chunks/217dd_next_dist_9c560571._.js:2297
[  396248ms] [LOG] Detected Host: sjm.localhost:3000 http://sjm.localhost:3000/dashboardportal/accounting/vouchers @ http://sjm.localhost:3000/_next/static/chunks/217dd_next_dist_9c560571._.js:2297
[  396276ms] [LOG] Detected Host: sjm.localhost:3000 http://sjm.localhost:3000/dashboardportal/accounting/vouchers @ http://sjm.localhost:3000/_next/static/chunks/217dd_next_dist_9c560571._.js:2297
[  396276ms] [LOG] Detected Host: sjm.localhost:3000 http://sjm.localhost:3000/dashboardportal/accounting/vouchers @ http://sjm.localhost:3000/_next/static/chunks/217dd_next_dist_9c560571._.js:2297
[  396306ms] [LOG] Detected Host: sjm.localhost:3000 http://sjm.localhost:3000/dashboardportal/accounting/vouchers @ http://sjm.localhost:3000/_next/static/chunks/217dd_next_dist_9c560571._.js:2297
[  396306ms] [LOG] Detected Host: sjm.localhost:3000 http://sjm.localhost:3000/dashboardportal/accounting/vouchers @ http://sjm.localhost:3000/_next/static/chunks/217dd_next_dist_9c560571._.js:2297
[  396343ms] [LOG] Detected Host: sjm.localhost:3000 http://sjm.localhost:3000/dashboardportal/accounting/vouchers @ http://sjm.localhost:3000/_next/static/chunks/217dd_next_dist_9c560571._.js:2297
[  396345ms] [LOG] Detected Host: sjm.localhost:3000 http://sjm.localhost:3000/dashboardportal/accounting/vouchers @ http://sjm.localhost:3000/_next/static/chunks/217dd_next_dist_9c560571._.js:2297
[  396368ms] [LOG] Detected Host: sjm.localhost:3000 http://sjm.localhost:3000/dashboardportal/accounting/vouchers @ http://sjm.localhost:3000/_next/static/chunks/217dd_next_dist_9c560571._.js:2297
[  396369ms] [LOG] Detected Host: sjm.localhost:3000 http://sjm.localhost:3000/dashboardportal/accounting/vouchers @ http://sjm.localhost:3000/_next/static/chunks/217dd_next_dist_9c560571._.js:2297
[  396369ms] [LOG] [Fast Refresh] rebuilding @ http://sjm.localhost:3000/_next/static/chunks/217dd_next_dist_9c560571._.js:2297
[  396388ms] [LOG] Detected Host: sjm.localhost:3000 http://sjm.localhost:3000/dashboardportal/accounting/vouchers @ http://sjm.localhost:3000/_next/static/chunks/217dd_next_dist_9c560571._.js:2297
[  396389ms] [LOG] Detected Host: sjm.localhost:3000 http://sjm.localhost:3000/dashboardportal/accounting/vouchers @ http://sjm.localhost:3000/_next/static/chunks/217dd_next_dist_9c560571._.js:2297
[  396390ms] [LOG] [Fast Refresh] done in 127ms @ http://sjm.localhost:3000/_next/static/chunks/217dd_next_dist_9c560571._.js:2297
[  396469ms] [LOG] Detected Host: sjm.localhost:3000 http://sjm.localhost:3000/dashboardportal/accounting/vouchers @ http://sjm.localhost:3000/_next/static/chunks/217dd_next_dist_9c560571._.js:2297
[  396469ms] [LOG] Detected Host: sjm.localhost:3000 http://sjm.localhost:3000/dashboardportal/accounting/vouchers @ http://sjm.localhost:3000/_next/static/chunks/217dd_next_dist_9c560571._.js:2297
[  396507ms] [LOG] [Fast Refresh] rebuilding @ http://sjm.localhost:3000/_next/static/chunks/217dd_next_dist_9c560571._.js:2297
[  396531ms] [LOG] Detected Host: sjm.localhost:3000 http://sjm.localhost:3000/dashboardportal/accounting/vouchers @ http://sjm.localhost:3000/_next/static/chunks/217dd_next_dist_9c560571._.js:2297
[  396540ms] [LOG] Detected Host: sjm.localhost:3000 http://sjm.localhost:3000/dashboardportal/accounting/vouchers @ http://sjm.localhost:3000/_next/static/chunks/217dd_next_dist_9c560571._.js:2297
[  396651ms] [LOG] Detected Host: sjm.localhost:3000 http://sjm.localhost:3000/dashboardportal/accounting/vouchers @ http://sjm.localhost:3000/_next/static/chunks/217dd_next_dist_9c560571._.js:2297
[  396656ms] [LOG] Detected Host: sjm.localhost:3000 http://sjm.localhost:3000/dashboardportal/accounting/vouchers @ http://sjm.localhost:3000/_next/static/chunks/217dd_next_dist_9c560571._.js:2297
[  396797ms] [LOG] Detected Host: sjm.localhost:3000 http://sjm.localhost:3000/dashboardportal/accounting/vouchers @ http://sjm.localhost:3000/_next/static/chunks/217dd_next_dist_9c560571._.js:2297
[  396803ms] [LOG] Detected Host: sjm.localhost:3000 http://sjm.localhost:3000/dashboardportal/accounting/vouchers @ http://sjm.localhost:3000/_next/static/chunks/217dd_next_dist_9c560571._.js:2297
[  396976ms] [LOG] Detected Host: sjm.localhost:3000 http://sjm.localhost:3000/dashboardportal/accounting/vouchers @ http://sjm.localhost:3000/_next/static/chunks/217dd_next_dist_9c560571._.js:2297
[  396983ms] [LOG] Detected Host: sjm.localhost:3000 http://sjm.localhost:3000/dashboardportal/accounting/vouchers @ http://sjm.localhost:3000/_next/static/chunks/217dd_next_dist_9c560571._.js:2297
[  397353ms] [ERROR] Failed to load resource: the server responded with a status of 404 (Not Found) @ http://192.168.0.133:8000/api/accounting/vouchers?co_id=1&page=1&limit=20:0
[  397365ms] [LOG] Detected Host: sjm.localhost:3000 http://sjm.localhost:3000/dashboardportal/accounting/vouchers @ http://sjm.localhost:3000/_next/static/chunks/217dd_next_dist_9c560571._.js:2297
[  397369ms] [LOG] Detected Host: sjm.localhost:3000 http://sjm.localhost:3000/dashboardportal/accounting/vouchers @ http://sjm.localhost:3000/_next/static/chunks/217dd_next_dist_9c560571._.js:2297
[  398214ms] [LOG] [Fast Refresh] done in 1817ms @ http://sjm.localhost:3000/_next/static/chunks/217dd_next_dist_9c560571._.js:2297
[  398442ms] [INFO] %cDownload the React DevTools for a better development experience: https://react.dev/link/react-devtools font-weight:bold @ http://sjm.localhost:3000/_next/static/chunks/217dd_next_dist_9c560571._.js:2297
[  398487ms] [LOG] [HMR] connected @ http://sjm.localhost:3000/_next/static/chunks/217dd_next_dist_9c560571._.js:2297
[  398655ms] [LOG] Detected Host: sjm.localhost:3000 http://sjm.localhost:3000/dashboardportal/accounting/voucherTypes @ http://sjm.localhost:3000/_next/static/chunks/217dd_next_dist_9c560571._.js:2297
[  398655ms] [LOG] Detected Host: sjm.localhost:3000 http://sjm.localhost:3000/dashboardportal/accounting/voucherTypes @ http://sjm.localhost:3000/_next/static/chunks/217dd_next_dist_9c560571._.js:2297
[  398681ms] [LOG] Detected Host: sjm.localhost:3000 http://sjm.localhost:3000/dashboardportal/accounting/voucherTypes @ http://sjm.localhost:3000/_next/static/chunks/217dd_next_dist_9c560571._.js:2297
[  398682ms] [LOG] Detected Host: sjm.localhost:3000 http://sjm.localhost:3000/dashboardportal/accounting/voucherTypes @ http://sjm.localhost:3000/_next/static/chunks/217dd_next_dist_9c560571._.js:2297
[  398705ms] [LOG] Detected Host: sjm.localhost:3000 http://sjm.localhost:3000/dashboardportal/accounting/voucherTypes @ http://sjm.localhost:3000/_next/static/chunks/217dd_next_dist_9c560571._.js:2297
[  398706ms] [LOG] Detected Host: sjm.localhost:3000 http://sjm.localhost:3000/dashboardportal/accounting/voucherTypes @ http://sjm.localhost:3000/_next/static/chunks/217dd_next_dist_9c560571._.js:2297
[  398731ms] [LOG] Detected Host: sjm.localhost:3000 http://sjm.localhost:3000/dashboardportal/accounting/voucherTypes @ http://sjm.localhost:3000/_next/static/chunks/217dd_next_dist_9c560571._.js:2297
[  398733ms] [LOG] Detected Host: sjm.localhost:3000 http://sjm.localhost:3000/dashboardportal/accounting/voucherTypes @ http://sjm.localhost:3000/_next/static/chunks/217dd_next_dist_9c560571._.js:2297
[  398758ms] [LOG] Detected Host: sjm.localhost:3000 http://sjm.localhost:3000/dashboardportal/accounting/voucherTypes @ http://sjm.localhost:3000/_next/static/chunks/217dd_next_dist_9c560571._.js:2297
[  398758ms] [LOG] Detected Host: sjm.localhost:3000 http://sjm.localhost:3000/dashboardportal/accounting/voucherTypes @ http://sjm.localhost:3000/_next/static/chunks/217dd_next_dist_9c560571._.js:2297
[  398787ms] [LOG] Detected Host: sjm.localhost:3000 http://sjm.localhost:3000/dashboardportal/accounting/voucherTypes @ http://sjm.localhost:3000/_next/static/chunks/217dd_next_dist_9c560571._.js:2297
[  398787ms] [LOG] Detected Host: sjm.localhost:3000 http://sjm.localhost:3000/dashboardportal/accounting/voucherTypes @ http://sjm.localhost:3000/_next/static/chunks/217dd_next_dist_9c560571._.js:2297
[  398809ms] [LOG] Detected Host: sjm.localhost:3000 http://sjm.localhost:3000/dashboardportal/accounting/voucherTypes @ http://sjm.localhost:3000/_next/static/chunks/217dd_next_dist_9c560571._.js:2297
[  398810ms] [LOG] Detected Host: sjm.localhost:3000 http://sjm.localhost:3000/dashboardportal/accounting/voucherTypes @ http://sjm.localhost:3000/_next/static/chunks/217dd_next_dist_9c560571._.js:2297
[  398832ms] [LOG] Detected Host: sjm.localhost:3000 http://sjm.localhost:3000/dashboardportal/accounting/voucherTypes @ http://sjm.localhost:3000/_next/static/chunks/217dd_next_dist_9c560571._.js:2297
[  398833ms] [LOG] Detected Host: sjm.localhost:3000 http://sjm.localhost:3000/dashboardportal/accounting/voucherTypes @ http://sjm.localhost:3000/_next/static/chunks/217dd_next_dist_9c560571._.js:2297
[  398841ms] [LOG] [Fast Refresh] rebuilding @ http://sjm.localhost:3000/_next/static/chunks/217dd_next_dist_9c560571._.js:2297
[  398857ms] [LOG] Detected Host: sjm.localhost:3000 http://sjm.localhost:3000/dashboardportal/accounting/voucherTypes @ http://sjm.localhost:3000/_next/static/chunks/217dd_next_dist_9c560571._.js:2297
[  398858ms] [LOG] Detected Host: sjm.localhost:3000 http://sjm.localhost:3000/dashboardportal/accounting/voucherTypes @ http://sjm.localhost:3000/_next/static/chunks/217dd_next_dist_9c560571._.js:2297
[  398900ms] [LOG] [Fast Refresh] done in 171ms @ http://sjm.localhost:3000/_next/static/chunks/217dd_next_dist_9c560571._.js:2297
[  398934ms] [LOG] Detected Host: sjm.localhost:3000 http://sjm.localhost:3000/dashboardportal/accounting/voucherTypes @ http://sjm.localhost:3000/_next/static/chunks/217dd_next_dist_9c560571._.js:2297
[  398941ms] [LOG] Detected Host: sjm.localhost:3000 http://sjm.localhost:3000/dashboardportal/accounting/voucherTypes @ http://sjm.localhost:3000/_next/static/chunks/217dd_next_dist_9c560571._.js:2297
[  399008ms] [WARNING] MUI X: The page size `15` is not present in the `pageSizeOptions`.
Add it to show the pagination select. @ http://sjm.localhost:3000/_next/static/chunks/217dd_next_dist_9c560571._.js:2297
[  399025ms] [LOG] Detected Host: sjm.localhost:3000 http://sjm.localhost:3000/dashboardportal/accounting/voucherTypes @ http://sjm.localhost:3000/_next/static/chunks/217dd_next_dist_9c560571._.js:2297
[  399049ms] [LOG] Detected Host: sjm.localhost:3000 http://sjm.localhost:3000/dashboardportal/accounting/voucherTypes @ http://sjm.localhost:3000/_next/static/chunks/217dd_next_dist_9c560571._.js:2297
[  399104ms] [WARNING] MUI X: The page size `15` is not present in the `pageSizeOptions`.
Add it to show the pagination select. @ http://sjm.localhost:3000/_next/static/chunks/217dd_next_dist_9c560571._.js:2297
[  399157ms] [LOG] Detected Host: sjm.localhost:3000 http://sjm.localhost:3000/dashboardportal/accounting/voucherTypes @ http://sjm.localhost:3000/_next/static/chunks/217dd_next_dist_9c560571._.js:2297
[  399163ms] [LOG] Detected Host: sjm.localhost:3000 http://sjm.localhost:3000/dashboardportal/accounting/voucherTypes @ http://sjm.localhost:3000/_next/static/chunks/217dd_next_dist_9c560571._.js:2297
[  399253ms] [LOG] Detected Host: sjm.localhost:3000 http://sjm.localhost:3000/dashboardportal/accounting/voucherTypes @ http://sjm.localhost:3000/_next/static/chunks/217dd_next_dist_9c560571._.js:2297
[  399258ms] [LOG] Detected Host: sjm.localhost:3000 http://sjm.localhost:3000/dashboardportal/accounting/voucherTypes @ http://sjm.localhost:3000/_next/static/chunks/217dd_next_dist_9c560571._.js:2297
[  399470ms] [LOG] Detected Host: sjm.localhost:3000 http://sjm.localhost:3000/dashboardportal/accounting/voucherTypes @ http://sjm.localhost:3000/_next/static/chunks/217dd_next_dist_9c560571._.js:2297
[  399471ms] [LOG] Detected Host: sjm.localhost:3000 http://sjm.localhost:3000/dashboardportal/accounting/voucherTypes @ http://sjm.localhost:3000/_next/static/chunks/217dd_next_dist_9c560571._.js:2297
[  399547ms] [ERROR] Failed to load resource: the server responded with a status of 404 (Not Found) @ http://192.168.0.133:8000/api/accounting/voucher_types?co_id=1:0
[  399553ms] [ERROR] Failed to load resource: the server responded with a status of 404 (Not Found) @ http://192.168.0.133:8000/api/accounting/voucher_types?co_id=1:0
[  399559ms] [ERROR] Failed to load resource: the server responded with a status of 404 (Not Found) @ http://192.168.0.133:8000/api/accounting/voucher_types?co_id=1:0
[  399848ms] [ERROR] Failed to load resource: the server responded with a status of 404 (Not Found) @ http://sjm.localhost:3000/dashboardportal/BomCosting:0
[  400007ms] [INFO] %cDownload the React DevTools for a better development experience: https://react.dev/link/react-devtools font-weight:bold @ http://sjm.localhost:3000/_next/static/chunks/217dd_next_dist_9c560571._.js:2297
[  400031ms] [LOG] [HMR] connected @ http://sjm.localhost:3000/_next/static/chunks/217dd_next_dist_9c560571._.js:2297
[  400192ms] [LOG] [Fast Refresh] rebuilding @ http://sjm.localhost:3000/_next/static/chunks/217dd_next_dist_9c560571._.js:2297
[  400245ms] [LOG] [Fast Refresh] done in 155ms @ http://sjm.localhost:3000/_next/static/chunks/217dd_next_dist_9c560571._.js:2297
[  400357ms] [LOG] [Fast Refresh] rebuilding @ http://sjm.localhost:3000/_next/static/chunks/217dd_next_dist_9c560571._.js:2297
[  400411ms] [LOG] [Fast Refresh] done in 165ms @ http://sjm.localhost:3000/_next/static/chunks/217dd_next_dist_9c560571._.js:2297
[  400574ms] [LOG] [Fast Refresh] rebuilding @ http://sjm.localhost:3000/_next/static/chunks/217dd_next_dist_9c560571._.js:2297
[  400629ms] [LOG] [Fast Refresh] done in 169ms @ http://sjm.localhost:3000/_next/static/chunks/217dd_next_dist_9c560571._.js:2297
[  400744ms] [LOG] [Fast Refresh] rebuilding @ http://sjm.localhost:3000/_next/static/chunks/217dd_next_dist_9c560571._.js:2297
[  402834ms] [INFO] %cDownload the React DevTools for a better development experience: https://react.dev/link/react-devtools font-weight:bold @ http://sjm.localhost:3000/_next/static/chunks/217dd_next_dist_9c560571._.js:2297
[  402877ms] [LOG] [HMR] connected @ http://sjm.localhost:3000/_next/static/chunks/217dd_next_dist_9c560571._.js:2297
[  403030ms] [LOG] Detected Host: sjm.localhost:3000 http://sjm.localhost:3000/dashboardportal/BomCosting/bomCosting @ http://sjm.localhost:3000/_next/static/chunks/217dd_next_dist_9c560571._.js:2297
[  403031ms] [LOG] Detected Host: sjm.localhost:3000 http://sjm.localhost:3000/dashboardportal/BomCosting/bomCosting @ http://sjm.localhost:3000/_next/static/chunks/217dd_next_dist_9c560571._.js:2297
[  403060ms] [LOG] Detected Host: sjm.localhost:3000 http://sjm.localhost:3000/dashboardportal/BomCosting/bomCosting @ http://sjm.localhost:3000/_next/static/chunks/217dd_next_dist_9c560571._.js:2297
[  403061ms] [LOG] Detected Host: sjm.localhost:3000 http://sjm.localhost:3000/dashboardportal/BomCosting/bomCosting @ http://sjm.localhost:3000/_next/static/chunks/217dd_next_dist_9c560571._.js:2297
[  403090ms] [LOG] Detected Host: sjm.localhost:3000 http://sjm.localhost:3000/dashboardportal/BomCosting/bomCosting @ http://sjm.localhost:3000/_next/static/chunks/217dd_next_dist_9c560571._.js:2297
[  403091ms] [LOG] Detected Host: sjm.localhost:3000 http://sjm.localhost:3000/dashboardportal/BomCosting/bomCosting @ http://sjm.localhost:3000/_next/static/chunks/217dd_next_dist_9c560571._.js:2297
[  403113ms] [LOG] Detected Host: sjm.localhost:3000 http://sjm.localhost:3000/dashboardportal/BomCosting/bomCosting @ http://sjm.localhost:3000/_next/static/chunks/217dd_next_dist_9c560571._.js:2297
[  403114ms] [LOG] Detected Host: sjm.localhost:3000 http://sjm.localhost:3000/dashboardportal/BomCosting/bomCosting @ http://sjm.localhost:3000/_next/static/chunks/217dd_next_dist_9c560571._.js:2297
[  403135ms] [LOG] Detected Host: sjm.localhost:3000 http://sjm.localhost:3000/dashboardportal/BomCosting/bomCosting @ http://sjm.localhost:3000/_next/static/chunks/217dd_next_dist_9c560571._.js:2297
[  403136ms] [LOG] Detected Host: sjm.localhost:3000 http://sjm.localhost:3000/dashboardportal/BomCosting/bomCosting @ http://sjm.localhost:3000/_next/static/chunks/217dd_next_dist_9c560571._.js:2297
[  403162ms] [LOG] Detected Host: sjm.localhost:3000 http://sjm.localhost:3000/dashboardportal/BomCosting/bomCosting @ http://sjm.localhost:3000/_next/static/chunks/217dd_next_dist_9c560571._.js:2297
[  403163ms] [LOG] Detected Host: sjm.localhost:3000 http://sjm.localhost:3000/dashboardportal/BomCosting/bomCosting @ http://sjm.localhost:3000/_next/static/chunks/217dd_next_dist_9c560571._.js:2297
[  403247ms] [LOG] Detected Host: sjm.localhost:3000 http://sjm.localhost:3000/dashboardportal/BomCosting/bomCosting @ http://sjm.localhost:3000/_next/static/chunks/217dd_next_dist_9c560571._.js:2297
[  403253ms] [LOG] Detected Host: sjm.localhost:3000 http://sjm.localhost:3000/dashboardportal/BomCosting/bomCosting @ http://sjm.localhost:3000/_next/static/chunks/217dd_next_dist_9c560571._.js:2297
[  403345ms] [LOG] Detected Host: sjm.localhost:3000 http://sjm.localhost:3000/dashboardportal/BomCosting/bomCosting @ http://sjm.localhost:3000/_next/static/chunks/217dd_next_dist_9c560571._.js:2297
[  403349ms] [LOG] Detected Host: sjm.localhost:3000 http://sjm.localhost:3000/dashboardportal/BomCosting/bomCosting @ http://sjm.localhost:3000/_next/static/chunks/217dd_next_dist_9c560571._.js:2297
[  403489ms] [LOG] Detected Host: sjm.localhost:3000 http://sjm.localhost:3000/dashboardportal/BomCosting/bomCosting @ http://sjm.localhost:3000/_next/static/chunks/217dd_next_dist_9c560571._.js:2297
[  403495ms] [LOG] Detected Host: sjm.localhost:3000 http://sjm.localhost:3000/dashboardportal/BomCosting/bomCosting @ http://sjm.localhost:3000/_next/static/chunks/217dd_next_dist_9c560571._.js:2297
[  403729ms] [LOG] Detected Host: sjm.localhost:3000 http://sjm.localhost:3000/dashboardportal/BomCosting/bomCosting @ http://sjm.localhost:3000/_next/static/chunks/217dd_next_dist_9c560571._.js:2297
[  403736ms] [LOG] Detected Host: sjm.localhost:3000 http://sjm.localhost:3000/dashboardportal/BomCosting/bomCosting @ http://sjm.localhost:3000/_next/static/chunks/217dd_next_dist_9c560571._.js:2297
[  403920ms] [ERROR] Failed to load resource: the server responded with a status of 404 (Not Found) @ http://192.168.0.133:8000/api/bomCosting/bom_costing_list?co_id=1:0
[  403934ms] [LOG] Detected Host: sjm.localhost:3000 http://sjm.localhost:3000/dashboardportal/BomCosting/bomCosting @ http://sjm.localhost:3000/_next/static/chunks/217dd_next_dist_9c560571._.js:2297
[  403939ms] [LOG] Detected Host: sjm.localhost:3000 http://sjm.localhost:3000/dashboardportal/BomCosting/bomCosting @ http://sjm.localhost:3000/_next/static/chunks/217dd_next_dist_9c560571._.js:2297
[  404370ms] [LOG] [Fast Refresh] rebuilding @ http://sjm.localhost:3000/_next/static/chunks/217dd_next_dist_9c560571._.js:2297
[  405791ms] [LOG] [Fast Refresh] done in 1522ms @ http://sjm.localhost:3000/_next/static/chunks/217dd_next_dist_9c560571._.js:2297
[  406072ms] [INFO] %cDownload the React DevTools for a better development experience: https://react.dev/link/react-devtools font-weight:bold @ http://sjm.localhost:3000/_next/static/chunks/217dd_next_dist_9c560571._.js:2297
[  406107ms] [LOG] [HMR] connected @ http://sjm.localhost:3000/_next/static/chunks/217dd_next_dist_9c560571._.js:2297
[  406285ms] [LOG] Detected Host: sjm.localhost:3000 http://sjm.localhost:3000/dashboardportal/BomCosting/costElementMaster @ http://sjm.localhost:3000/_next/static/chunks/217dd_next_dist_9c560571._.js:2297
[  406286ms] [LOG] Detected Host: sjm.localhost:3000 http://sjm.localhost:3000/dashboardportal/BomCosting/costElementMaster @ http://sjm.localhost:3000/_next/static/chunks/217dd_next_dist_9c560571._.js:2297
[  406341ms] [LOG] Detected Host: sjm.localhost:3000 http://sjm.localhost:3000/dashboardportal/BomCosting/costElementMaster @ http://sjm.localhost:3000/_next/static/chunks/217dd_next_dist_9c560571._.js:2297
[  406348ms] [LOG] Detected Host: sjm.localhost:3000 http://sjm.localhost:3000/dashboardportal/BomCosting/costElementMaster @ http://sjm.localhost:3000/_next/static/chunks/217dd_next_dist_9c560571._.js:2297
[  406370ms] [LOG] Detected Host: sjm.localhost:3000 http://sjm.localhost:3000/dashboardportal/BomCosting/costElementMaster @ http://sjm.localhost:3000/_next/static/chunks/217dd_next_dist_9c560571._.js:2297
[  406376ms] [LOG] Detected Host: sjm.localhost:3000 http://sjm.localhost:3000/dashboardportal/BomCosting/costElementMaster @ http://sjm.localhost:3000/_next/static/chunks/217dd_next_dist_9c560571._.js:2297
[  406399ms] [LOG] Detected Host: sjm.localhost:3000 http://sjm.localhost:3000/dashboardportal/BomCosting/costElementMaster @ http://sjm.localhost:3000/_next/static/chunks/217dd_next_dist_9c560571._.js:2297
[  406404ms] [LOG] Detected Host: sjm.localhost:3000 http://sjm.localhost:3000/dashboardportal/BomCosting/costElementMaster @ http://sjm.localhost:3000/_next/static/chunks/217dd_next_dist_9c560571._.js:2297
[  406432ms] [ERROR] Failed to load resource: the server responded with a status of 404 (Not Found) @ http://192.168.0.133:8000/api/bomCostElement/cost_element_tree?co_id=1:0
[  406435ms] [LOG] Detected Host: sjm.localhost:3000 http://sjm.localhost:3000/dashboardportal/BomCosting/costElementMaster @ http://sjm.localhost:3000/_next/static/chunks/217dd_next_dist_9c560571._.js:2297
[  406442ms] [LOG] Detected Host: sjm.localhost:3000 http://sjm.localhost:3000/dashboardportal/BomCosting/costElementMaster @ http://sjm.localhost:3000/_next/static/chunks/217dd_next_dist_9c560571._.js:2297
[  406501ms] [LOG] Detected Host: sjm.localhost:3000 http://sjm.localhost:3000/dashboardportal/BomCosting/costElementMaster @ http://sjm.localhost:3000/_next/static/chunks/217dd_next_dist_9c560571._.js:2297
[  406507ms] [LOG] Detected Host: sjm.localhost:3000 http://sjm.localhost:3000/dashboardportal/BomCosting/costElementMaster @ http://sjm.localhost:3000/_next/static/chunks/217dd_next_dist_9c560571._.js:2297
[  406538ms] [LOG] [Fast Refresh] rebuilding @ http://sjm.localhost:3000/_next/static/chunks/217dd_next_dist_9c560571._.js:2297
[  408801ms] [LOG] [Fast Refresh] done in 2560ms @ http://sjm.localhost:3000/_next/static/chunks/217dd_next_dist_9c560571._.js:2297
[  409043ms] [INFO] %cDownload the React DevTools for a better development experience: https://react.dev/link/react-devtools font-weight:bold @ http://sjm.localhost:3000/_next/static/chunks/217dd_next_dist_9c560571._.js:2297
[  409083ms] [LOG] [HMR] connected @ http://sjm.localhost:3000/_next/static/chunks/217dd_next_dist_9c560571._.js:2297
[  409314ms] [LOG] Detected Host: sjm.localhost:3000 http://sjm.localhost:3000/dashboardportal/BomCosting/itemBomMaster @ http://sjm.localhost:3000/_next/static/chunks/217dd_next_dist_9c560571._.js:2297
[  409316ms] [LOG] Detected Host: sjm.localhost:3000 http://sjm.localhost:3000/dashboardportal/BomCosting/itemBomMaster @ http://sjm.localhost:3000/_next/static/chunks/217dd_next_dist_9c560571._.js:2297
[  409344ms] [LOG] Detected Host: sjm.localhost:3000 http://sjm.localhost:3000/dashboardportal/BomCosting/itemBomMaster @ http://sjm.localhost:3000/_next/static/chunks/217dd_next_dist_9c560571._.js:2297
[  409344ms] [LOG] Detected Host: sjm.localhost:3000 http://sjm.localhost:3000/dashboardportal/BomCosting/itemBomMaster @ http://sjm.localhost:3000/_next/static/chunks/217dd_next_dist_9c560571._.js:2297
[  409367ms] [LOG] Detected Host: sjm.localhost:3000 http://sjm.localhost:3000/dashboardportal/BomCosting/itemBomMaster @ http://sjm.localhost:3000/_next/static/chunks/217dd_next_dist_9c560571._.js:2297
[  409368ms] [LOG] Detected Host: sjm.localhost:3000 http://sjm.localhost:3000/dashboardportal/BomCosting/itemBomMaster @ http://sjm.localhost:3000/_next/static/chunks/217dd_next_dist_9c560571._.js:2297
[  409398ms] [LOG] Detected Host: sjm.localhost:3000 http://sjm.localhost:3000/dashboardportal/BomCosting/itemBomMaster @ http://sjm.localhost:3000/_next/static/chunks/217dd_next_dist_9c560571._.js:2297
[  409398ms] [LOG] Detected Host: sjm.localhost:3000 http://sjm.localhost:3000/dashboardportal/BomCosting/itemBomMaster @ http://sjm.localhost:3000/_next/static/chunks/217dd_next_dist_9c560571._.js:2297
[  409424ms] [LOG] Detected Host: sjm.localhost:3000 http://sjm.localhost:3000/dashboardportal/BomCosting/itemBomMaster @ http://sjm.localhost:3000/_next/static/chunks/217dd_next_dist_9c560571._.js:2297
[  409425ms] [LOG] Detected Host: sjm.localhost:3000 http://sjm.localhost:3000/dashboardportal/BomCosting/itemBomMaster @ http://sjm.localhost:3000/_next/static/chunks/217dd_next_dist_9c560571._.js:2297
[  409454ms] [LOG] Detected Host: sjm.localhost:3000 http://sjm.localhost:3000/dashboardportal/BomCosting/itemBomMaster @ http://sjm.localhost:3000/_next/static/chunks/217dd_next_dist_9c560571._.js:2297
[  409456ms] [LOG] Detected Host: sjm.localhost:3000 http://sjm.localhost:3000/dashboardportal/BomCosting/itemBomMaster @ http://sjm.localhost:3000/_next/static/chunks/217dd_next_dist_9c560571._.js:2297
[  409487ms] [LOG] Detected Host: sjm.localhost:3000 http://sjm.localhost:3000/dashboardportal/BomCosting/itemBomMaster @ http://sjm.localhost:3000/_next/static/chunks/217dd_next_dist_9c560571._.js:2297
[  409489ms] [LOG] Detected Host: sjm.localhost:3000 http://sjm.localhost:3000/dashboardportal/BomCosting/itemBomMaster @ http://sjm.localhost:3000/_next/static/chunks/217dd_next_dist_9c560571._.js:2297
[  409498ms] [LOG] [Fast Refresh] rebuilding @ http://sjm.localhost:3000/_next/static/chunks/217dd_next_dist_9c560571._.js:2297
[  409504ms] [LOG] [Fast Refresh] done in 108ms @ http://sjm.localhost:3000/_next/static/chunks/217dd_next_dist_9c560571._.js:2297
[  409511ms] [LOG] Detected Host: sjm.localhost:3000 http://sjm.localhost:3000/dashboardportal/BomCosting/itemBomMaster @ http://sjm.localhost:3000/_next/static/chunks/217dd_next_dist_9c560571._.js:2297
[  409511ms] [LOG] Detected Host: sjm.localhost:3000 http://sjm.localhost:3000/dashboardportal/BomCosting/itemBomMaster @ http://sjm.localhost:3000/_next/static/chunks/217dd_next_dist_9c560571._.js:2297
[  409533ms] [LOG] Detected Host: sjm.localhost:3000 http://sjm.localhost:3000/dashboardportal/BomCosting/itemBomMaster @ http://sjm.localhost:3000/_next/static/chunks/217dd_next_dist_9c560571._.js:2297
[  409534ms] [LOG] Detected Host: sjm.localhost:3000 http://sjm.localhost:3000/dashboardportal/BomCosting/itemBomMaster @ http://sjm.localhost:3000/_next/static/chunks/217dd_next_dist_9c560571._.js:2297
[  409552ms] [LOG] Detected Host: sjm.localhost:3000 http://sjm.localhost:3000/dashboardportal/BomCosting/itemBomMaster @ http://sjm.localhost:3000/_next/static/chunks/217dd_next_dist_9c560571._.js:2297
[  409552ms] [LOG] Detected Host: sjm.localhost:3000 http://sjm.localhost:3000/dashboardportal/BomCosting/itemBomMaster @ http://sjm.localhost:3000/_next/static/chunks/217dd_next_dist_9c560571._.js:2297
[  409577ms] [LOG] Detected Host: sjm.localhost:3000 http://sjm.localhost:3000/dashboardportal/BomCosting/itemBomMaster @ http://sjm.localhost:3000/_next/static/chunks/217dd_next_dist_9c560571._.js:2297
[  409577ms] [LOG] Detected Host: sjm.localhost:3000 http://sjm.localhost:3000/dashboardportal/BomCosting/itemBomMaster @ http://sjm.localhost:3000/_next/static/chunks/217dd_next_dist_9c560571._.js:2297
[  409636ms] [LOG] [Fast Refresh] rebuilding @ http://sjm.localhost:3000/_next/static/chunks/217dd_next_dist_9c560571._.js:2297
[  409647ms] [LOG] [Fast Refresh] done in 134ms @ http://sjm.localhost:3000/_next/static/chunks/217dd_next_dist_9c560571._.js:2297
[  409702ms] [LOG] Detected Host: sjm.localhost:3000 http://sjm.localhost:3000/dashboardportal/BomCosting/itemBomMaster @ http://sjm.localhost:3000/_next/static/chunks/217dd_next_dist_9c560571._.js:2297
[  409712ms] [LOG] Detected Host: sjm.localhost:3000 http://sjm.localhost:3000/dashboardportal/BomCosting/itemBomMaster @ http://sjm.localhost:3000/_next/static/chunks/217dd_next_dist_9c560571._.js:2297
[  410527ms] [ERROR] Failed to load resource: the server responded with a status of 404 (Not Found) @ http://sjm.localhost:3000/dashboardportal/hrms:0
[  410707ms] [INFO] %cDownload the React DevTools for a better development experience: https://react.dev/link/react-devtools font-weight:bold @ http://sjm.localhost:3000/_next/static/chunks/217dd_next_dist_9c560571._.js:2297
[  410732ms] [LOG] [HMR] connected @ http://sjm.localhost:3000/_next/static/chunks/217dd_next_dist_9c560571._.js:2297
[  410906ms] [LOG] [Fast Refresh] rebuilding @ http://sjm.localhost:3000/_next/static/chunks/217dd_next_dist_9c560571._.js:2297
[  410973ms] [LOG] [Fast Refresh] done in 174ms @ http://sjm.localhost:3000/_next/static/chunks/217dd_next_dist_9c560571._.js:2297
[  411088ms] [LOG] [Fast Refresh] rebuilding @ http://sjm.localhost:3000/_next/static/chunks/217dd_next_dist_9c560571._.js:2297
[  411141ms] [LOG] [Fast Refresh] done in 167ms @ http://sjm.localhost:3000/_next/static/chunks/217dd_next_dist_9c560571._.js:2297
[  411301ms] [LOG] [Fast Refresh] rebuilding @ http://sjm.localhost:3000/_next/static/chunks/217dd_next_dist_9c560571._.js:2297
[  415211ms] [INFO] %cDownload the React DevTools for a better development experience: https://react.dev/link/react-devtools font-weight:bold @ http://sjm.localhost:3000/_next/static/chunks/217dd_next_dist_9c560571._.js:2297
[  415251ms] [LOG] [HMR] connected @ http://sjm.localhost:3000/_next/static/chunks/217dd_next_dist_9c560571._.js:2297
[  415374ms] [LOG] Detected Host: sjm.localhost:3000 http://sjm.localhost:3000/dashboardportal/hrms/bioAttendance @ http://sjm.localhost:3000/_next/static/chunks/217dd_next_dist_9c560571._.js:2297
[  415375ms] [LOG] Detected Host: sjm.localhost:3000 http://sjm.localhost:3000/dashboardportal/hrms/bioAttendance @ http://sjm.localhost:3000/_next/static/chunks/217dd_next_dist_9c560571._.js:2297
[  415411ms] [LOG] Detected Host: sjm.localhost:3000 http://sjm.localhost:3000/dashboardportal/hrms/bioAttendance @ http://sjm.localhost:3000/_next/static/chunks/217dd_next_dist_9c560571._.js:2297
[  415412ms] [LOG] Detected Host: sjm.localhost:3000 http://sjm.localhost:3000/dashboardportal/hrms/bioAttendance @ http://sjm.localhost:3000/_next/static/chunks/217dd_next_dist_9c560571._.js:2297
[  415439ms] [LOG] Detected Host: sjm.localhost:3000 http://sjm.localhost:3000/dashboardportal/hrms/bioAttendance @ http://sjm.localhost:3000/_next/static/chunks/217dd_next_dist_9c560571._.js:2297
[  415439ms] [LOG] Detected Host: sjm.localhost:3000 http://sjm.localhost:3000/dashboardportal/hrms/bioAttendance @ http://sjm.localhost:3000/_next/static/chunks/217dd_next_dist_9c560571._.js:2297
[  415463ms] [LOG] Detected Host: sjm.localhost:3000 http://sjm.localhost:3000/dashboardportal/hrms/bioAttendance @ http://sjm.localhost:3000/_next/static/chunks/217dd_next_dist_9c560571._.js:2297
[  415463ms] [LOG] Detected Host: sjm.localhost:3000 http://sjm.localhost:3000/dashboardportal/hrms/bioAttendance @ http://sjm.localhost:3000/_next/static/chunks/217dd_next_dist_9c560571._.js:2297
[  415484ms] [LOG] Detected Host: sjm.localhost:3000 http://sjm.localhost:3000/dashboardportal/hrms/bioAttendance @ http://sjm.localhost:3000/_next/static/chunks/217dd_next_dist_9c560571._.js:2297
[  415485ms] [LOG] Detected Host: sjm.localhost:3000 http://sjm.localhost:3000/dashboardportal/hrms/bioAttendance @ http://sjm.localhost:3000/_next/static/chunks/217dd_next_dist_9c560571._.js:2297
[  415508ms] [LOG] Detected Host: sjm.localhost:3000 http://sjm.localhost:3000/dashboardportal/hrms/bioAttendance @ http://sjm.localhost:3000/_next/static/chunks/217dd_next_dist_9c560571._.js:2297
[  415508ms] [LOG] Detected Host: sjm.localhost:3000 http://sjm.localhost:3000/dashboardportal/hrms/bioAttendance @ http://sjm.localhost:3000/_next/static/chunks/217dd_next_dist_9c560571._.js:2297
[  415509ms] [LOG] [Fast Refresh] rebuilding @ http://sjm.localhost:3000/_next/static/chunks/217dd_next_dist_9c560571._.js:2297
[  415565ms] [LOG] [Fast Refresh] done in 167ms @ http://sjm.localhost:3000/_next/static/chunks/217dd_next_dist_9c560571._.js:2297
[  415599ms] [LOG] Detected Host: sjm.localhost:3000 http://sjm.localhost:3000/dashboardportal/hrms/bioAttendance @ http://sjm.localhost:3000/_next/static/chunks/217dd_next_dist_9c560571._.js:2297
[  415608ms] [LOG] Detected Host: sjm.localhost:3000 http://sjm.localhost:3000/dashboardportal/hrms/bioAttendance @ http://sjm.localhost:3000/_next/static/chunks/217dd_next_dist_9c560571._.js:2297
[  415752ms] [LOG] Detected Host: sjm.localhost:3000 http://sjm.localhost:3000/dashboardportal/hrms/bioAttendance @ http://sjm.localhost:3000/_next/static/chunks/217dd_next_dist_9c560571._.js:2297
[  415759ms] [LOG] Detected Host: sjm.localhost:3000 http://sjm.localhost:3000/dashboardportal/hrms/bioAttendance @ http://sjm.localhost:3000/_next/static/chunks/217dd_next_dist_9c560571._.js:2297
[  415869ms] [LOG] Detected Host: sjm.localhost:3000 http://sjm.localhost:3000/dashboardportal/hrms/bioAttendance @ http://sjm.localhost:3000/_next/static/chunks/217dd_next_dist_9c560571._.js:2297
[  415879ms] [LOG] Detected Host: sjm.localhost:3000 http://sjm.localhost:3000/dashboardportal/hrms/bioAttendance @ http://sjm.localhost:3000/_next/static/chunks/217dd_next_dist_9c560571._.js:2297
[  415984ms] [LOG] Detected Host: sjm.localhost:3000 http://sjm.localhost:3000/dashboardportal/hrms/bioAttendance @ http://sjm.localhost:3000/_next/static/chunks/217dd_next_dist_9c560571._.js:2297
[  415987ms] [LOG] Detected Host: sjm.localhost:3000 http://sjm.localhost:3000/dashboardportal/hrms/bioAttendance @ http://sjm.localhost:3000/_next/static/chunks/217dd_next_dist_9c560571._.js:2297
[  416227ms] [LOG] Detected Host: sjm.localhost:3000 http://sjm.localhost:3000/dashboardportal/hrms/bioAttendance @ http://sjm.localhost:3000/_next/static/chunks/217dd_next_dist_9c560571._.js:2297
[  416232ms] [LOG] Detected Host: sjm.localhost:3000 http://sjm.localhost:3000/dashboardportal/hrms/bioAttendance @ http://sjm.localhost:3000/_next/static/chunks/217dd_next_dist_9c560571._.js:2297
[  416507ms] [LOG] [Fast Refresh] rebuilding @ http://sjm.localhost:3000/_next/static/chunks/217dd_next_dist_9c560571._.js:2297
[  418715ms] [LOG] [Fast Refresh] done in 2314ms @ http://sjm.localhost:3000/_next/static/chunks/217dd_next_dist_9c560571._.js:2297
[  418961ms] [INFO] %cDownload the React DevTools for a better development experience: https://react.dev/link/react-devtools font-weight:bold @ http://sjm.localhost:3000/_next/static/chunks/217dd_next_dist_9c560571._.js:2297
[  419014ms] [LOG] [HMR] connected @ http://sjm.localhost:3000/_next/static/chunks/217dd_next_dist_9c560571._.js:2297
[  419341ms] [LOG] Detected Host: sjm.localhost:3000 http://sjm.localhost:3000/dashboardportal/hrms/dailyMachineentry @ http://sjm.localhost:3000/_next/static/chunks/217dd_next_dist_9c560571._.js:2297
[  419341ms] [LOG] Detected Host: sjm.localhost:3000 http://sjm.localhost:3000/dashboardportal/hrms/dailyMachineentry @ http://sjm.localhost:3000/_next/static/chunks/217dd_next_dist_9c560571._.js:2297
[  419368ms] [LOG] Detected Host: sjm.localhost:3000 http://sjm.localhost:3000/dashboardportal/hrms/dailyMachineentry @ http://sjm.localhost:3000/_next/static/chunks/217dd_next_dist_9c560571._.js:2297
[  419369ms] [LOG] Detected Host: sjm.localhost:3000 http://sjm.localhost:3000/dashboardportal/hrms/dailyMachineentry @ http://sjm.localhost:3000/_next/static/chunks/217dd_next_dist_9c560571._.js:2297
[  419392ms] [LOG] Detected Host: sjm.localhost:3000 http://sjm.localhost:3000/dashboardportal/hrms/dailyMachineentry @ http://sjm.localhost:3000/_next/static/chunks/217dd_next_dist_9c560571._.js:2297
[  419393ms] [LOG] Detected Host: sjm.localhost:3000 http://sjm.localhost:3000/dashboardportal/hrms/dailyMachineentry @ http://sjm.localhost:3000/_next/static/chunks/217dd_next_dist_9c560571._.js:2297
[  419415ms] [LOG] Detected Host: sjm.localhost:3000 http://sjm.localhost:3000/dashboardportal/hrms/dailyMachineentry @ http://sjm.localhost:3000/_next/static/chunks/217dd_next_dist_9c560571._.js:2297
[  419415ms] [LOG] Detected Host: sjm.localhost:3000 http://sjm.localhost:3000/dashboardportal/hrms/dailyMachineentry @ http://sjm.localhost:3000/_next/static/chunks/217dd_next_dist_9c560571._.js:2297
[  419465ms] [LOG] Detected Host: sjm.localhost:3000 http://sjm.localhost:3000/dashboardportal/hrms/dailyMachineentry @ http://sjm.localhost:3000/_next/static/chunks/217dd_next_dist_9c560571._.js:2297
[  419466ms] [LOG] Detected Host: sjm.localhost:3000 http://sjm.localhost:3000/dashboardportal/hrms/dailyMachineentry @ http://sjm.localhost:3000/_next/static/chunks/217dd_next_dist_9c560571._.js:2297
[  419522ms] [LOG] Detected Host: sjm.localhost:3000 http://sjm.localhost:3000/dashboardportal/hrms/dailyMachineentry @ http://sjm.localhost:3000/_next/static/chunks/217dd_next_dist_9c560571._.js:2297
[  419522ms] [LOG] Detected Host: sjm.localhost:3000 http://sjm.localhost:3000/dashboardportal/hrms/dailyMachineentry @ http://sjm.localhost:3000/_next/static/chunks/217dd_next_dist_9c560571._.js:2297
[  419584ms] [LOG] Detected Host: sjm.localhost:3000 http://sjm.localhost:3000/dashboardportal/hrms/dailyMachineentry @ http://sjm.localhost:3000/_next/static/chunks/217dd_next_dist_9c560571._.js:2297
[  419590ms] [LOG] Detected Host: sjm.localhost:3000 http://sjm.localhost:3000/dashboardportal/hrms/dailyMachineentry @ http://sjm.localhost:3000/_next/static/chunks/217dd_next_dist_9c560571._.js:2297
[  419698ms] [LOG] Detected Host: sjm.localhost:3000 http://sjm.localhost:3000/dashboardportal/hrms/dailyMachineentry @ http://sjm.localhost:3000/_next/static/chunks/217dd_next_dist_9c560571._.js:2297
[  419704ms] [LOG] Detected Host: sjm.localhost:3000 http://sjm.localhost:3000/dashboardportal/hrms/dailyMachineentry @ http://sjm.localhost:3000/_next/static/chunks/217dd_next_dist_9c560571._.js:2297
[  419838ms] [LOG] Detected Host: sjm.localhost:3000 http://sjm.localhost:3000/dashboardportal/hrms/dailyMachineentry @ http://sjm.localhost:3000/_next/static/chunks/217dd_next_dist_9c560571._.js:2297
[  419844ms] [LOG] Detected Host: sjm.localhost:3000 http://sjm.localhost:3000/dashboardportal/hrms/dailyMachineentry @ http://sjm.localhost:3000/_next/static/chunks/217dd_next_dist_9c560571._.js:2297
[  419956ms] [LOG] Detected Host: sjm.localhost:3000 http://sjm.localhost:3000/dashboardportal/hrms/dailyMachineentry @ http://sjm.localhost:3000/_next/static/chunks/217dd_next_dist_9c560571._.js:2297
[  419963ms] [LOG] Detected Host: sjm.localhost:3000 http://sjm.localhost:3000/dashboardportal/hrms/dailyMachineentry @ http://sjm.localhost:3000/_next/static/chunks/217dd_next_dist_9c560571._.js:2297
[  420068ms] [LOG] Detected Host: sjm.localhost:3000 http://sjm.localhost:3000/dashboardportal/hrms/dailyMachineentry @ http://sjm.localhost:3000/_next/static/chunks/217dd_next_dist_9c560571._.js:2297
[  420072ms] [LOG] Detected Host: sjm.localhost:3000 http://sjm.localhost:3000/dashboardportal/hrms/dailyMachineentry @ http://sjm.localhost:3000/_next/static/chunks/217dd_next_dist_9c560571._.js:2297
[  420444ms] [LOG] [Fast Refresh] rebuilding @ http://sjm.localhost:3000/_next/static/chunks/217dd_next_dist_9c560571._.js:2297
[  424025ms] [LOG] [Fast Refresh] done in 3685ms @ http://sjm.localhost:3000/_next/static/chunks/217dd_next_dist_9c560571._.js:2297
[  424281ms] [INFO] %cDownload the React DevTools for a better development experience: https://react.dev/link/react-devtools font-weight:bold @ http://sjm.localhost:3000/_next/static/chunks/217dd_next_dist_9c560571._.js:2297
[  424324ms] [LOG] [HMR] connected @ http://sjm.localhost:3000/_next/static/chunks/217dd_next_dist_9c560571._.js:2297
[  424536ms] [LOG] Detected Host: sjm.localhost:3000 http://sjm.localhost:3000/dashboardportal/hrms/dailyManMachine @ http://sjm.localhost:3000/_next/static/chunks/217dd_next_dist_9c560571._.js:2297
[  424537ms] [LOG] Detected Host: sjm.localhost:3000 http://sjm.localhost:3000/dashboardportal/hrms/dailyManMachine @ http://sjm.localhost:3000/_next/static/chunks/217dd_next_dist_9c560571._.js:2297
[  424626ms] [LOG] Detected Host: sjm.localhost:3000 http://sjm.localhost:3000/dashboardportal/hrms/dailyManMachine @ http://sjm.localhost:3000/_next/static/chunks/217dd_next_dist_9c560571._.js:2297
[  424632ms] [LOG] Detected Host: sjm.localhost:3000 http://sjm.localhost:3000/dashboardportal/hrms/dailyManMachine @ http://sjm.localhost:3000/_next/static/chunks/217dd_next_dist_9c560571._.js:2297
[  424688ms] [LOG] Detected Host: sjm.localhost:3000 http://sjm.localhost:3000/dashboardportal/hrms/dailyManMachine @ http://sjm.localhost:3000/_next/static/chunks/217dd_next_dist_9c560571._.js:2297
[  424693ms] [LOG] Detected Host: sjm.localhost:3000 http://sjm.localhost:3000/dashboardportal/hrms/dailyManMachine @ http://sjm.localhost:3000/_next/static/chunks/217dd_next_dist_9c560571._.js:2297
[  424757ms] [LOG] Detected Host: sjm.localhost:3000 http://sjm.localhost:3000/dashboardportal/hrms/dailyManMachine @ http://sjm.localhost:3000/_next/static/chunks/217dd_next_dist_9c560571._.js:2297
[  424762ms] [LOG] Detected Host: sjm.localhost:3000 http://sjm.localhost:3000/dashboardportal/hrms/dailyManMachine @ http://sjm.localhost:3000/_next/static/chunks/217dd_next_dist_9c560571._.js:2297
[  424818ms] [LOG] Detected Host: sjm.localhost:3000 http://sjm.localhost:3000/dashboardportal/hrms/dailyManMachine @ http://sjm.localhost:3000/_next/static/chunks/217dd_next_dist_9c560571._.js:2297
[  424821ms] [LOG] Detected Host: sjm.localhost:3000 http://sjm.localhost:3000/dashboardportal/hrms/dailyManMachine @ http://sjm.localhost:3000/_next/static/chunks/217dd_next_dist_9c560571._.js:2297
[  424863ms] [LOG] Detected Host: sjm.localhost:3000 http://sjm.localhost:3000/dashboardportal/hrms/dailyManMachine @ http://sjm.localhost:3000/_next/static/chunks/217dd_next_dist_9c560571._.js:2297
[  424867ms] [LOG] Detected Host: sjm.localhost:3000 http://sjm.localhost:3000/dashboardportal/hrms/dailyManMachine @ http://sjm.localhost:3000/_next/static/chunks/217dd_next_dist_9c560571._.js:2297
[  425045ms] [LOG] [Fast Refresh] rebuilding @ http://sjm.localhost:3000/_next/static/chunks/217dd_next_dist_9c560571._.js:2297
[  425308ms] [LOG] [Fast Refresh] done in 371ms @ http://sjm.localhost:3000/_next/static/chunks/217dd_next_dist_9c560571._.js:2297
[  425676ms] [INFO] %cDownload the React DevTools for a better development experience: https://react.dev/link/react-devtools font-weight:bold @ http://sjm.localhost:3000/_next/static/chunks/217dd_next_dist_9c560571._.js:2297
[  425715ms] [LOG] [HMR] connected @ http://sjm.localhost:3000/_next/static/chunks/217dd_next_dist_9c560571._.js:2297
[  425914ms] [LOG] Detected Host: sjm.localhost:3000 http://sjm.localhost:3000/dashboardportal/hrms/employeeDatabase @ http://sjm.localhost:3000/_next/static/chunks/217dd_next_dist_9c560571._.js:2297
[  425915ms] [LOG] Detected Host: sjm.localhost:3000 http://sjm.localhost:3000/dashboardportal/hrms/employeeDatabase @ http://sjm.localhost:3000/_next/static/chunks/217dd_next_dist_9c560571._.js:2297
[  425939ms] [LOG] Detected Host: sjm.localhost:3000 http://sjm.localhost:3000/dashboardportal/hrms/employeeDatabase @ http://sjm.localhost:3000/_next/static/chunks/217dd_next_dist_9c560571._.js:2297
[  425940ms] [LOG] Detected Host: sjm.localhost:3000 http://sjm.localhost:3000/dashboardportal/hrms/employeeDatabase @ http://sjm.localhost:3000/_next/static/chunks/217dd_next_dist_9c560571._.js:2297
[  425973ms] [LOG] Detected Host: sjm.localhost:3000 http://sjm.localhost:3000/dashboardportal/hrms/employeeDatabase @ http://sjm.localhost:3000/_next/static/chunks/217dd_next_dist_9c560571._.js:2297
[  425974ms] [LOG] Detected Host: sjm.localhost:3000 http://sjm.localhost:3000/dashboardportal/hrms/employeeDatabase @ http://sjm.localhost:3000/_next/static/chunks/217dd_next_dist_9c560571._.js:2297
[  426001ms] [LOG] Detected Host: sjm.localhost:3000 http://sjm.localhost:3000/dashboardportal/hrms/employeeDatabase @ http://sjm.localhost:3000/_next/static/chunks/217dd_next_dist_9c560571._.js:2297
[  426002ms] [LOG] Detected Host: sjm.localhost:3000 http://sjm.localhost:3000/dashboardportal/hrms/employeeDatabase @ http://sjm.localhost:3000/_next/static/chunks/217dd_next_dist_9c560571._.js:2297
[  426030ms] [LOG] Detected Host: sjm.localhost:3000 http://sjm.localhost:3000/dashboardportal/hrms/employeeDatabase @ http://sjm.localhost:3000/_next/static/chunks/217dd_next_dist_9c560571._.js:2297
[  426031ms] [LOG] Detected Host: sjm.localhost:3000 http://sjm.localhost:3000/dashboardportal/hrms/employeeDatabase @ http://sjm.localhost:3000/_next/static/chunks/217dd_next_dist_9c560571._.js:2297
[  426052ms] [LOG] Detected Host: sjm.localhost:3000 http://sjm.localhost:3000/dashboardportal/hrms/employeeDatabase @ http://sjm.localhost:3000/_next/static/chunks/217dd_next_dist_9c560571._.js:2297
[  426053ms] [LOG] Detected Host: sjm.localhost:3000 http://sjm.localhost:3000/dashboardportal/hrms/employeeDatabase @ http://sjm.localhost:3000/_next/static/chunks/217dd_next_dist_9c560571._.js:2297
[  426175ms] [LOG] Detected Host: sjm.localhost:3000 http://sjm.localhost:3000/dashboardportal/hrms/employeeDatabase @ http://sjm.localhost:3000/_next/static/chunks/217dd_next_dist_9c560571._.js:2297
[  426182ms] [LOG] Detected Host: sjm.localhost:3000 http://sjm.localhost:3000/dashboardportal/hrms/employeeDatabase @ http://sjm.localhost:3000/_next/static/chunks/217dd_next_dist_9c560571._.js:2297
[  426302ms] [LOG] Detected Host: sjm.localhost:3000 http://sjm.localhost:3000/dashboardportal/hrms/employeeDatabase @ http://sjm.localhost:3000/_next/static/chunks/217dd_next_dist_9c560571._.js:2297
[  426307ms] [LOG] Detected Host: sjm.localhost:3000 http://sjm.localhost:3000/dashboardportal/hrms/employeeDatabase @ http://sjm.localhost:3000/_next/static/chunks/217dd_next_dist_9c560571._.js:2297
[  426438ms] [LOG] Detected Host: sjm.localhost:3000 http://sjm.localhost:3000/dashboardportal/hrms/employeeDatabase @ http://sjm.localhost:3000/_next/static/chunks/217dd_next_dist_9c560571._.js:2297
[  426444ms] [LOG] Detected Host: sjm.localhost:3000 http://sjm.localhost:3000/dashboardportal/hrms/employeeDatabase @ http://sjm.localhost:3000/_next/static/chunks/217dd_next_dist_9c560571._.js:2297
[  426737ms] [LOG] Detected Host: sjm.localhost:3000 http://sjm.localhost:3000/dashboardportal/hrms/employeeDatabase @ http://sjm.localhost:3000/_next/static/chunks/217dd_next_dist_9c560571._.js:2297
[  426742ms] [LOG] Detected Host: sjm.localhost:3000 http://sjm.localhost:3000/dashboardportal/hrms/employeeDatabase @ http://sjm.localhost:3000/_next/static/chunks/217dd_next_dist_9c560571._.js:2297
[  426991ms] [LOG] Detected Host: sjm.localhost:3000 http://sjm.localhost:3000/dashboardportal/hrms/employeeDatabase @ http://sjm.localhost:3000/_next/static/chunks/217dd_next_dist_9c560571._.js:2297
[  426994ms] [LOG] Detected Host: sjm.localhost:3000 http://sjm.localhost:3000/dashboardportal/hrms/employeeDatabase @ http://sjm.localhost:3000/_next/static/chunks/217dd_next_dist_9c560571._.js:2297
[  427421ms] [ERROR] Failed to load resource: the server responded with a status of 404 (Not Found) @ http://sjm.localhost:3000/dashboardportal/hrms/handsReport:0
[  427756ms] [INFO] %cDownload the React DevTools for a better development experience: https://react.dev/link/react-devtools font-weight:bold @ http://sjm.localhost:3000/_next/static/chunks/217dd_next_dist_9c560571._.js:2297
[  427788ms] [LOG] [HMR] connected @ http://sjm.localhost:3000/_next/static/chunks/217dd_next_dist_9c560571._.js:2297
[  427929ms] [LOG] [Fast Refresh] rebuilding @ http://sjm.localhost:3000/_next/static/chunks/217dd_next_dist_9c560571._.js:2297
[  427986ms] [LOG] [Fast Refresh] done in 170ms @ http://sjm.localhost:3000/_next/static/chunks/217dd_next_dist_9c560571._.js:2297
[  428143ms] [LOG] [Fast Refresh] rebuilding @ http://sjm.localhost:3000/_next/static/chunks/217dd_next_dist_9c560571._.js:2297
[  428248ms] [LOG] [Fast Refresh] done in 209ms @ http://sjm.localhost:3000/_next/static/chunks/217dd_next_dist_9c560571._.js:2297
[  428386ms] [ERROR] Failed to load resource: the server responded with a status of 404 (Not Found) @ http://sjm.localhost:3000/dashboardportal/hrms/leaveEntry:0
[  428565ms] [INFO] %cDownload the React DevTools for a better development experience: https://react.dev/link/react-devtools font-weight:bold @ http://sjm.localhost:3000/_next/static/chunks/217dd_next_dist_9c560571._.js:2297
[  428591ms] [LOG] [HMR] connected @ http://sjm.localhost:3000/_next/static/chunks/217dd_next_dist_9c560571._.js:2297
[  428746ms] [LOG] [Fast Refresh] rebuilding @ http://sjm.localhost:3000/_next/static/chunks/217dd_next_dist_9c560571._.js:2297
[  428801ms] [LOG] [Fast Refresh] done in 160ms @ http://sjm.localhost:3000/_next/static/chunks/217dd_next_dist_9c560571._.js:2297
[  428960ms] [LOG] [Fast Refresh] rebuilding @ http://sjm.localhost:3000/_next/static/chunks/217dd_next_dist_9c560571._.js:2297
[  429027ms] [LOG] [Fast Refresh] done in 179ms @ http://sjm.localhost:3000/_next/static/chunks/217dd_next_dist_9c560571._.js:2297
[  429142ms] [LOG] [Fast Refresh] rebuilding @ http://sjm.localhost:3000/_next/static/chunks/217dd_next_dist_9c560571._.js:2297
[  429197ms] [LOG] [Fast Refresh] done in 168ms @ http://sjm.localhost:3000/_next/static/chunks/217dd_next_dist_9c560571._.js:2297
[  429308ms] [LOG] [Fast Refresh] rebuilding @ http://sjm.localhost:3000/_next/static/chunks/217dd_next_dist_9c560571._.js:2297
[  431983ms] [INFO] %cDownload the React DevTools for a better development experience: https://react.dev/link/react-devtools font-weight:bold @ http://sjm.localhost:3000/_next/static/chunks/217dd_next_dist_9c560571._.js:2297
[  432028ms] [LOG] [HMR] connected @ http://sjm.localhost:3000/_next/static/chunks/217dd_next_dist_9c560571._.js:2297
[  432483ms] [LOG] Detected Host: sjm.localhost:3000 http://sjm.localhost:3000/dashboardportal/hrms/payParam @ http://sjm.localhost:3000/_next/static/chunks/217dd_next_dist_9c560571._.js:2297
[  432484ms] [LOG] Detected Host: sjm.localhost:3000 http://sjm.localhost:3000/dashboardportal/hrms/payParam @ http://sjm.localhost:3000/_next/static/chunks/217dd_next_dist_9c560571._.js:2297
[  432517ms] [LOG] Detected Host: sjm.localhost:3000 http://sjm.localhost:3000/dashboardportal/hrms/payParam @ http://sjm.localhost:3000/_next/static/chunks/217dd_next_dist_9c560571._.js:2297
[  432518ms] [LOG] Detected Host: sjm.localhost:3000 http://sjm.localhost:3000/dashboardportal/hrms/payParam @ http://sjm.localhost:3000/_next/static/chunks/217dd_next_dist_9c560571._.js:2297
[  432546ms] [LOG] Detected Host: sjm.localhost:3000 http://sjm.localhost:3000/dashboardportal/hrms/payParam @ http://sjm.localhost:3000/_next/static/chunks/217dd_next_dist_9c560571._.js:2297
[  432547ms] [LOG] Detected Host: sjm.localhost:3000 http://sjm.localhost:3000/dashboardportal/hrms/payParam @ http://sjm.localhost:3000/_next/static/chunks/217dd_next_dist_9c560571._.js:2297
[  432573ms] [LOG] Detected Host: sjm.localhost:3000 http://sjm.localhost:3000/dashboardportal/hrms/payParam @ http://sjm.localhost:3000/_next/static/chunks/217dd_next_dist_9c560571._.js:2297
[  432574ms] [LOG] Detected Host: sjm.localhost:3000 http://sjm.localhost:3000/dashboardportal/hrms/payParam @ http://sjm.localhost:3000/_next/static/chunks/217dd_next_dist_9c560571._.js:2297
[  432619ms] [LOG] Detected Host: sjm.localhost:3000 http://sjm.localhost:3000/dashboardportal/hrms/payParam @ http://sjm.localhost:3000/_next/static/chunks/217dd_next_dist_9c560571._.js:2297
[  432619ms] [LOG] Detected Host: sjm.localhost:3000 http://sjm.localhost:3000/dashboardportal/hrms/payParam @ http://sjm.localhost:3000/_next/static/chunks/217dd_next_dist_9c560571._.js:2297
[  432653ms] [LOG] Detected Host: sjm.localhost:3000 http://sjm.localhost:3000/dashboardportal/hrms/payParam @ http://sjm.localhost:3000/_next/static/chunks/217dd_next_dist_9c560571._.js:2297
[  432654ms] [LOG] Detected Host: sjm.localhost:3000 http://sjm.localhost:3000/dashboardportal/hrms/payParam @ http://sjm.localhost:3000/_next/static/chunks/217dd_next_dist_9c560571._.js:2297
[  432681ms] [LOG] Detected Host: sjm.localhost:3000 http://sjm.localhost:3000/dashboardportal/hrms/payParam @ http://sjm.localhost:3000/_next/static/chunks/217dd_next_dist_9c560571._.js:2297
[  432682ms] [LOG] Detected Host: sjm.localhost:3000 http://sjm.localhost:3000/dashboardportal/hrms/payParam @ http://sjm.localhost:3000/_next/static/chunks/217dd_next_dist_9c560571._.js:2297
[  432707ms] [LOG] Detected Host: sjm.localhost:3000 http://sjm.localhost:3000/dashboardportal/hrms/payParam @ http://sjm.localhost:3000/_next/static/chunks/217dd_next_dist_9c560571._.js:2297
[  432708ms] [LOG] Detected Host: sjm.localhost:3000 http://sjm.localhost:3000/dashboardportal/hrms/payParam @ http://sjm.localhost:3000/_next/static/chunks/217dd_next_dist_9c560571._.js:2297
[  432714ms] [LOG] [Fast Refresh] rebuilding @ http://sjm.localhost:3000/_next/static/chunks/217dd_next_dist_9c560571._.js:2297
[  432739ms] [LOG] Detected Host: sjm.localhost:3000 http://sjm.localhost:3000/dashboardportal/hrms/payParam @ http://sjm.localhost:3000/_next/static/chunks/217dd_next_dist_9c560571._.js:2297
[  432739ms] [LOG] Detected Host: sjm.localhost:3000 http://sjm.localhost:3000/dashboardportal/hrms/payParam @ http://sjm.localhost:3000/_next/static/chunks/217dd_next_dist_9c560571._.js:2297
[  432763ms] [LOG] Detected Host: sjm.localhost:3000 http://sjm.localhost:3000/dashboardportal/hrms/payParam @ http://sjm.localhost:3000/_next/static/chunks/217dd_next_dist_9c560571._.js:2297
[  432764ms] [LOG] Detected Host: sjm.localhost:3000 http://sjm.localhost:3000/dashboardportal/hrms/payParam @ http://sjm.localhost:3000/_next/static/chunks/217dd_next_dist_9c560571._.js:2297
[  432788ms] [LOG] Detected Host: sjm.localhost:3000 http://sjm.localhost:3000/dashboardportal/hrms/payParam @ http://sjm.localhost:3000/_next/static/chunks/217dd_next_dist_9c560571._.js:2297
[  432788ms] [LOG] Detected Host: sjm.localhost:3000 http://sjm.localhost:3000/dashboardportal/hrms/payParam @ http://sjm.localhost:3000/_next/static/chunks/217dd_next_dist_9c560571._.js:2297
[  432814ms] [LOG] Detected Host: sjm.localhost:3000 http://sjm.localhost:3000/dashboardportal/hrms/payParam @ http://sjm.localhost:3000/_next/static/chunks/217dd_next_dist_9c560571._.js:2297
[  432815ms] [LOG] Detected Host: sjm.localhost:3000 http://sjm.localhost:3000/dashboardportal/hrms/payParam @ http://sjm.localhost:3000/_next/static/chunks/217dd_next_dist_9c560571._.js:2297
[  432828ms] [LOG] Detected Host: sjm.localhost:3000 http://sjm.localhost:3000/dashboardportal/hrms/payParam @ http://sjm.localhost:3000/_next/static/chunks/217dd_next_dist_9c560571._.js:2297
[  432828ms] [LOG] Detected Host: sjm.localhost:3000 http://sjm.localhost:3000/dashboardportal/hrms/payParam @ http://sjm.localhost:3000/_next/static/chunks/217dd_next_dist_9c560571._.js:2297
[  432837ms] [LOG] Detected Host: sjm.localhost:3000 http://sjm.localhost:3000/dashboardportal/hrms/payParam @ http://sjm.localhost:3000/_next/static/chunks/217dd_next_dist_9c560571._.js:2297
[  432837ms] [LOG] Detected Host: sjm.localhost:3000 http://sjm.localhost:3000/dashboardportal/hrms/payParam @ http://sjm.localhost:3000/_next/static/chunks/217dd_next_dist_9c560571._.js:2297
[  432844ms] [LOG] Detected Host: sjm.localhost:3000 http://sjm.localhost:3000/dashboardportal/hrms/payParam @ http://sjm.localhost:3000/_next/static/chunks/217dd_next_dist_9c560571._.js:2297
[  432844ms] [LOG] Detected Host: sjm.localhost:3000 http://sjm.localhost:3000/dashboardportal/hrms/payParam @ http://sjm.localhost:3000/_next/static/chunks/217dd_next_dist_9c560571._.js:2297
[  432853ms] [LOG] Detected Host: sjm.localhost:3000 http://sjm.localhost:3000/dashboardportal/hrms/payParam @ http://sjm.localhost:3000/_next/static/chunks/217dd_next_dist_9c560571._.js:2297
[  432853ms] [LOG] Detected Host: sjm.localhost:3000 http://sjm.localhost:3000/dashboardportal/hrms/payParam @ http://sjm.localhost:3000/_next/static/chunks/217dd_next_dist_9c560571._.js:2297
[  432864ms] [LOG] Detected Host: sjm.localhost:3000 http://sjm.localhost:3000/dashboardportal/hrms/payParam @ http://sjm.localhost:3000/_next/static/chunks/217dd_next_dist_9c560571._.js:2297
[  432864ms] [LOG] Detected Host: sjm.localhost:3000 http://sjm.localhost:3000/dashboardportal/hrms/payParam @ http://sjm.localhost:3000/_next/static/chunks/217dd_next_dist_9c560571._.js:2297
[  432870ms] [LOG] Detected Host: sjm.localhost:3000 http://sjm.localhost:3000/dashboardportal/hrms/payParam @ http://sjm.localhost:3000/_next/static/chunks/217dd_next_dist_9c560571._.js:2297
[  432871ms] [LOG] Detected Host: sjm.localhost:3000 http://sjm.localhost:3000/dashboardportal/hrms/payParam @ http://sjm.localhost:3000/_next/static/chunks/217dd_next_dist_9c560571._.js:2297
[  432879ms] [LOG] Detected Host: sjm.localhost:3000 http://sjm.localhost:3000/dashboardportal/hrms/payParam @ http://sjm.localhost:3000/_next/static/chunks/217dd_next_dist_9c560571._.js:2297
[  432880ms] [LOG] Detected Host: sjm.localhost:3000 http://sjm.localhost:3000/dashboardportal/hrms/payParam @ http://sjm.localhost:3000/_next/static/chunks/217dd_next_dist_9c560571._.js:2297
[  432889ms] [LOG] Detected Host: sjm.localhost:3000 http://sjm.localhost:3000/dashboardportal/hrms/payParam @ http://sjm.localhost:3000/_next/static/chunks/217dd_next_dist_9c560571._.js:2297
[  432889ms] [LOG] Detected Host: sjm.localhost:3000 http://sjm.localhost:3000/dashboardportal/hrms/payParam @ http://sjm.localhost:3000/_next/static/chunks/217dd_next_dist_9c560571._.js:2297
[  432901ms] [LOG] Detected Host: sjm.localhost:3000 http://sjm.localhost:3000/dashboardportal/hrms/payParam @ http://sjm.localhost:3000/_next/static/chunks/217dd_next_dist_9c560571._.js:2297
[  432901ms] [LOG] Detected Host: sjm.localhost:3000 http://sjm.localhost:3000/dashboardportal/hrms/payParam @ http://sjm.localhost:3000/_next/static/chunks/217dd_next_dist_9c560571._.js:2297
[  432908ms] [LOG] Detected Host: sjm.localhost:3000 http://sjm.localhost:3000/dashboardportal/hrms/payParam @ http://sjm.localhost:3000/_next/static/chunks/217dd_next_dist_9c560571._.js:2297
[  432908ms] [LOG] Detected Host: sjm.localhost:3000 http://sjm.localhost:3000/dashboardportal/hrms/payParam @ http://sjm.localhost:3000/_next/static/chunks/217dd_next_dist_9c560571._.js:2297
[  432920ms] [LOG] Detected Host: sjm.localhost:3000 http://sjm.localhost:3000/dashboardportal/hrms/payParam @ http://sjm.localhost:3000/_next/static/chunks/217dd_next_dist_9c560571._.js:2297
[  432921ms] [LOG] Detected Host: sjm.localhost:3000 http://sjm.localhost:3000/dashboardportal/hrms/payParam @ http://sjm.localhost:3000/_next/static/chunks/217dd_next_dist_9c560571._.js:2297
[  432933ms] [LOG] Detected Host: sjm.localhost:3000 http://sjm.localhost:3000/dashboardportal/hrms/payParam @ http://sjm.localhost:3000/_next/static/chunks/217dd_next_dist_9c560571._.js:2297
[  432933ms] [LOG] Detected Host: sjm.localhost:3000 http://sjm.localhost:3000/dashboardportal/hrms/payParam @ http://sjm.localhost:3000/_next/static/chunks/217dd_next_dist_9c560571._.js:2297
[  432940ms] [LOG] Detected Host: sjm.localhost:3000 http://sjm.localhost:3000/dashboardportal/hrms/payParam @ http://sjm.localhost:3000/_next/static/chunks/217dd_next_dist_9c560571._.js:2297
[  432940ms] [LOG] Detected Host: sjm.localhost:3000 http://sjm.localhost:3000/dashboardportal/hrms/payParam @ http://sjm.localhost:3000/_next/static/chunks/217dd_next_dist_9c560571._.js:2297
[  432950ms] [LOG] Detected Host: sjm.localhost:3000 http://sjm.localhost:3000/dashboardportal/hrms/payParam @ http://sjm.localhost:3000/_next/static/chunks/217dd_next_dist_9c560571._.js:2297
[  432951ms] [LOG] Detected Host: sjm.localhost:3000 http://sjm.localhost:3000/dashboardportal/hrms/payParam @ http://sjm.localhost:3000/_next/static/chunks/217dd_next_dist_9c560571._.js:2297
[  432958ms] [LOG] Detected Host: sjm.localhost:3000 http://sjm.localhost:3000/dashboardportal/hrms/payParam @ http://sjm.localhost:3000/_next/static/chunks/217dd_next_dist_9c560571._.js:2297
[  432958ms] [LOG] Detected Host: sjm.localhost:3000 http://sjm.localhost:3000/dashboardportal/hrms/payParam @ http://sjm.localhost:3000/_next/static/chunks/217dd_next_dist_9c560571._.js:2297
[  432968ms] [LOG] Detected Host: sjm.localhost:3000 http://sjm.localhost:3000/dashboardportal/hrms/payParam @ http://sjm.localhost:3000/_next/static/chunks/217dd_next_dist_9c560571._.js:2297
[  432968ms] [LOG] Detected Host: sjm.localhost:3000 http://sjm.localhost:3000/dashboardportal/hrms/payParam @ http://sjm.localhost:3000/_next/static/chunks/217dd_next_dist_9c560571._.js:2297
[  432975ms] [LOG] Detected Host: sjm.localhost:3000 http://sjm.localhost:3000/dashboardportal/hrms/payParam @ http://sjm.localhost:3000/_next/static/chunks/217dd_next_dist_9c560571._.js:2297
[  432977ms] [LOG] Detected Host: sjm.localhost:3000 http://sjm.localhost:3000/dashboardportal/hrms/payParam @ http://sjm.localhost:3000/_next/static/chunks/217dd_next_dist_9c560571._.js:2297
[  432986ms] [LOG] Detected Host: sjm.localhost:3000 http://sjm.localhost:3000/dashboardportal/hrms/payParam @ http://sjm.localhost:3000/_next/static/chunks/217dd_next_dist_9c560571._.js:2297
[  432987ms] [LOG] Detected Host: sjm.localhost:3000 http://sjm.localhost:3000/dashboardportal/hrms/payParam @ http://sjm.localhost:3000/_next/static/chunks/217dd_next_dist_9c560571._.js:2297
[  433118ms] [LOG] Detected Host: sjm.localhost:3000 http://sjm.localhost:3000/dashboardportal/hrms/payParam @ http://sjm.localhost:3000/_next/static/chunks/217dd_next_dist_9c560571._.js:2297
[  433125ms] [LOG] Detected Host: sjm.localhost:3000 http://sjm.localhost:3000/dashboardportal/hrms/payParam @ http://sjm.localhost:3000/_next/static/chunks/217dd_next_dist_9c560571._.js:2297
[  433260ms] [LOG] Detected Host: sjm.localhost:3000 http://sjm.localhost:3000/dashboardportal/hrms/payParam @ http://sjm.localhost:3000/_next/static/chunks/217dd_next_dist_9c560571._.js:2297
[  433267ms] [LOG] Detected Host: sjm.localhost:3000 http://sjm.localhost:3000/dashboardportal/hrms/payParam @ http://sjm.localhost:3000/_next/static/chunks/217dd_next_dist_9c560571._.js:2297
[  433424ms] [LOG] Detected Host: sjm.localhost:3000 http://sjm.localhost:3000/dashboardportal/hrms/payParam @ http://sjm.localhost:3000/_next/static/chunks/217dd_next_dist_9c560571._.js:2297
[  433433ms] [LOG] Detected Host: sjm.localhost:3000 http://sjm.localhost:3000/dashboardportal/hrms/payParam @ http://sjm.localhost:3000/_next/static/chunks/217dd_next_dist_9c560571._.js:2297
[  433682ms] [LOG] Detected Host: sjm.localhost:3000 http://sjm.localhost:3000/dashboardportal/hrms/payParam @ http://sjm.localhost:3000/_next/static/chunks/217dd_next_dist_9c560571._.js:2297
[  433688ms] [LOG] Detected Host: sjm.localhost:3000 http://sjm.localhost:3000/dashboardportal/hrms/payParam @ http://sjm.localhost:3000/_next/static/chunks/217dd_next_dist_9c560571._.js:2297
[  433964ms] [LOG] Detected Host: sjm.localhost:3000 http://sjm.localhost:3000/dashboardportal/hrms/payParam @ http://sjm.localhost:3000/_next/static/chunks/217dd_next_dist_9c560571._.js:2297
[  433968ms] [LOG] Detected Host: sjm.localhost:3000 http://sjm.localhost:3000/dashboardportal/hrms/payParam @ http://sjm.localhost:3000/_next/static/chunks/217dd_next_dist_9c560571._.js:2297
[  438482ms] [LOG] [Fast Refresh] done in 5876ms @ http://sjm.localhost:3000/_next/static/chunks/217dd_next_dist_9c560571._.js:2297
[  438719ms] [INFO] %cDownload the React DevTools for a better development experience: https://react.dev/link/react-devtools font-weight:bold @ http://sjm.localhost:3000/_next/static/chunks/217dd_next_dist_9c560571._.js:2297
[  438760ms] [LOG] [HMR] connected @ http://sjm.localhost:3000/_next/static/chunks/217dd_next_dist_9c560571._.js:2297
[  439112ms] [LOG] Detected Host: sjm.localhost:3000 http://sjm.localhost:3000/dashboardportal/hrms/payRegister @ http://sjm.localhost:3000/_next/static/chunks/217dd_next_dist_9c560571._.js:2297
[  439113ms] [LOG] Detected Host: sjm.localhost:3000 http://sjm.localhost:3000/dashboardportal/hrms/payRegister @ http://sjm.localhost:3000/_next/static/chunks/217dd_next_dist_9c560571._.js:2297
[  439138ms] [LOG] Detected Host: sjm.localhost:3000 http://sjm.localhost:3000/dashboardportal/hrms/payRegister @ http://sjm.localhost:3000/_next/static/chunks/217dd_next_dist_9c560571._.js:2297
[  439139ms] [LOG] Detected Host: sjm.localhost:3000 http://sjm.localhost:3000/dashboardportal/hrms/payRegister @ http://sjm.localhost:3000/_next/static/chunks/217dd_next_dist_9c560571._.js:2297
[  439161ms] [LOG] Detected Host: sjm.localhost:3000 http://sjm.localhost:3000/dashboardportal/hrms/payRegister @ http://sjm.localhost:3000/_next/static/chunks/217dd_next_dist_9c560571._.js:2297
[  439161ms] [LOG] Detected Host: sjm.localhost:3000 http://sjm.localhost:3000/dashboardportal/hrms/payRegister @ http://sjm.localhost:3000/_next/static/chunks/217dd_next_dist_9c560571._.js:2297
[  439183ms] [LOG] Detected Host: sjm.localhost:3000 http://sjm.localhost:3000/dashboardportal/hrms/payRegister @ http://sjm.localhost:3000/_next/static/chunks/217dd_next_dist_9c560571._.js:2297
[  439183ms] [LOG] Detected Host: sjm.localhost:3000 http://sjm.localhost:3000/dashboardportal/hrms/payRegister @ http://sjm.localhost:3000/_next/static/chunks/217dd_next_dist_9c560571._.js:2297
[  439201ms] [LOG] Detected Host: sjm.localhost:3000 http://sjm.localhost:3000/dashboardportal/hrms/payRegister @ http://sjm.localhost:3000/_next/static/chunks/217dd_next_dist_9c560571._.js:2297
[  439202ms] [LOG] Detected Host: sjm.localhost:3000 http://sjm.localhost:3000/dashboardportal/hrms/payRegister @ http://sjm.localhost:3000/_next/static/chunks/217dd_next_dist_9c560571._.js:2297
[  439224ms] [LOG] Detected Host: sjm.localhost:3000 http://sjm.localhost:3000/dashboardportal/hrms/payRegister @ http://sjm.localhost:3000/_next/static/chunks/217dd_next_dist_9c560571._.js:2297
[  439225ms] [LOG] Detected Host: sjm.localhost:3000 http://sjm.localhost:3000/dashboardportal/hrms/payRegister @ http://sjm.localhost:3000/_next/static/chunks/217dd_next_dist_9c560571._.js:2297
[  439249ms] [LOG] Detected Host: sjm.localhost:3000 http://sjm.localhost:3000/dashboardportal/hrms/payRegister @ http://sjm.localhost:3000/_next/static/chunks/217dd_next_dist_9c560571._.js:2297
[  439250ms] [LOG] Detected Host: sjm.localhost:3000 http://sjm.localhost:3000/dashboardportal/hrms/payRegister @ http://sjm.localhost:3000/_next/static/chunks/217dd_next_dist_9c560571._.js:2297
[  439271ms] [LOG] Detected Host: sjm.localhost:3000 http://sjm.localhost:3000/dashboardportal/hrms/payRegister @ http://sjm.localhost:3000/_next/static/chunks/217dd_next_dist_9c560571._.js:2297
[  439271ms] [LOG] Detected Host: sjm.localhost:3000 http://sjm.localhost:3000/dashboardportal/hrms/payRegister @ http://sjm.localhost:3000/_next/static/chunks/217dd_next_dist_9c560571._.js:2297
[  439296ms] [LOG] Detected Host: sjm.localhost:3000 http://sjm.localhost:3000/dashboardportal/hrms/payRegister @ http://sjm.localhost:3000/_next/static/chunks/217dd_next_dist_9c560571._.js:2297
[  439297ms] [LOG] Detected Host: sjm.localhost:3000 http://sjm.localhost:3000/dashboardportal/hrms/payRegister @ http://sjm.localhost:3000/_next/static/chunks/217dd_next_dist_9c560571._.js:2297
[  439321ms] [LOG] Detected Host: sjm.localhost:3000 http://sjm.localhost:3000/dashboardportal/hrms/payRegister @ http://sjm.localhost:3000/_next/static/chunks/217dd_next_dist_9c560571._.js:2297
[  439322ms] [LOG] Detected Host: sjm.localhost:3000 http://sjm.localhost:3000/dashboardportal/hrms/payRegister @ http://sjm.localhost:3000/_next/static/chunks/217dd_next_dist_9c560571._.js:2297
[  439343ms] [LOG] Detected Host: sjm.localhost:3000 http://sjm.localhost:3000/dashboardportal/hrms/payRegister @ http://sjm.localhost:3000/_next/static/chunks/217dd_next_dist_9c560571._.js:2297
[  439344ms] [LOG] Detected Host: sjm.localhost:3000 http://sjm.localhost:3000/dashboardportal/hrms/payRegister @ http://sjm.localhost:3000/_next/static/chunks/217dd_next_dist_9c560571._.js:2297
[  439362ms] [LOG] Detected Host: sjm.localhost:3000 http://sjm.localhost:3000/dashboardportal/hrms/payRegister @ http://sjm.localhost:3000/_next/static/chunks/217dd_next_dist_9c560571._.js:2297
[  439363ms] [LOG] Detected Host: sjm.localhost:3000 http://sjm.localhost:3000/dashboardportal/hrms/payRegister @ http://sjm.localhost:3000/_next/static/chunks/217dd_next_dist_9c560571._.js:2297
[  439384ms] [LOG] Detected Host: sjm.localhost:3000 http://sjm.localhost:3000/dashboardportal/hrms/payRegister @ http://sjm.localhost:3000/_next/static/chunks/217dd_next_dist_9c560571._.js:2297
[  439384ms] [LOG] Detected Host: sjm.localhost:3000 http://sjm.localhost:3000/dashboardportal/hrms/payRegister @ http://sjm.localhost:3000/_next/static/chunks/217dd_next_dist_9c560571._.js:2297
[  439475ms] [LOG] Detected Host: sjm.localhost:3000 http://sjm.localhost:3000/dashboardportal/hrms/payRegister @ http://sjm.localhost:3000/_next/static/chunks/217dd_next_dist_9c560571._.js:2297
[  439482ms] [LOG] Detected Host: sjm.localhost:3000 http://sjm.localhost:3000/dashboardportal/hrms/payRegister @ http://sjm.localhost:3000/_next/static/chunks/217dd_next_dist_9c560571._.js:2297
[  439550ms] [LOG] Detected Host: sjm.localhost:3000 http://sjm.localhost:3000/dashboardportal/hrms/payRegister @ http://sjm.localhost:3000/_next/static/chunks/217dd_next_dist_9c560571._.js:2297
[  439551ms] [LOG] Detected Host: sjm.localhost:3000 http://sjm.localhost:3000/dashboardportal/hrms/payRegister @ http://sjm.localhost:3000/_next/static/chunks/217dd_next_dist_9c560571._.js:2297
[  439647ms] [LOG] Detected Host: sjm.localhost:3000 http://sjm.localhost:3000/dashboardportal/hrms/payRegister @ http://sjm.localhost:3000/_next/static/chunks/217dd_next_dist_9c560571._.js:2297
[  439647ms] [LOG] Detected Host: sjm.localhost:3000 http://sjm.localhost:3000/dashboardportal/hrms/payRegister @ http://sjm.localhost:3000/_next/static/chunks/217dd_next_dist_9c560571._.js:2297
[  439745ms] [LOG] Detected Host: sjm.localhost:3000 http://sjm.localhost:3000/dashboardportal/hrms/payRegister @ http://sjm.localhost:3000/_next/static/chunks/217dd_next_dist_9c560571._.js:2297
[  439746ms] [LOG] Detected Host: sjm.localhost:3000 http://sjm.localhost:3000/dashboardportal/hrms/payRegister @ http://sjm.localhost:3000/_next/static/chunks/217dd_next_dist_9c560571._.js:2297
[  439848ms] [LOG] Detected Host: sjm.localhost:3000 http://sjm.localhost:3000/dashboardportal/hrms/payRegister @ http://sjm.localhost:3000/_next/static/chunks/217dd_next_dist_9c560571._.js:2297
[  439851ms] [LOG] Detected Host: sjm.localhost:3000 http://sjm.localhost:3000/dashboardportal/hrms/payRegister @ http://sjm.localhost:3000/_next/static/chunks/217dd_next_dist_9c560571._.js:2297
[  439951ms] [LOG] [Fast Refresh] rebuilding @ http://sjm.localhost:3000/_next/static/chunks/217dd_next_dist_9c560571._.js:2297
[  441313ms] [LOG] [Fast Refresh] done in 1877ms @ http://sjm.localhost:3000/_next/static/chunks/217dd_next_dist_9c560571._.js:2297
[  441730ms] [INFO] %cDownload the React DevTools for a better development experience: https://react.dev/link/react-devtools font-weight:bold @ http://sjm.localhost:3000/_next/static/chunks/217dd_next_dist_9c560571._.js:2297
[  441814ms] [LOG] [HMR] connected @ http://sjm.localhost:3000/_next/static/chunks/217dd_next_dist_9c560571._.js:2297
[  442068ms] [LOG] Detected Host: sjm.localhost:3000 http://sjm.localhost:3000/dashboardportal/hrms/payScheme @ http://sjm.localhost:3000/_next/static/chunks/217dd_next_dist_9c560571._.js:2297
[  442069ms] [LOG] Detected Host: sjm.localhost:3000 http://sjm.localhost:3000/dashboardportal/hrms/payScheme @ http://sjm.localhost:3000/_next/static/chunks/217dd_next_dist_9c560571._.js:2297
[  442097ms] [LOG] Detected Host: sjm.localhost:3000 http://sjm.localhost:3000/dashboardportal/hrms/payScheme @ http://sjm.localhost:3000/_next/static/chunks/217dd_next_dist_9c560571._.js:2297
[  442098ms] [LOG] Detected Host: sjm.localhost:3000 http://sjm.localhost:3000/dashboardportal/hrms/payScheme @ http://sjm.localhost:3000/_next/static/chunks/217dd_next_dist_9c560571._.js:2297
[  442118ms] [LOG] Detected Host: sjm.localhost:3000 http://sjm.localhost:3000/dashboardportal/hrms/payScheme @ http://sjm.localhost:3000/_next/static/chunks/217dd_next_dist_9c560571._.js:2297
[  442119ms] [LOG] Detected Host: sjm.localhost:3000 http://sjm.localhost:3000/dashboardportal/hrms/payScheme @ http://sjm.localhost:3000/_next/static/chunks/217dd_next_dist_9c560571._.js:2297
[  442145ms] [LOG] Detected Host: sjm.localhost:3000 http://sjm.localhost:3000/dashboardportal/hrms/payScheme @ http://sjm.localhost:3000/_next/static/chunks/217dd_next_dist_9c560571._.js:2297
[  442146ms] [LOG] Detected Host: sjm.localhost:3000 http://sjm.localhost:3000/dashboardportal/hrms/payScheme @ http://sjm.localhost:3000/_next/static/chunks/217dd_next_dist_9c560571._.js:2297
[  442167ms] [LOG] Detected Host: sjm.localhost:3000 http://sjm.localhost:3000/dashboardportal/hrms/payScheme @ http://sjm.localhost:3000/_next/static/chunks/217dd_next_dist_9c560571._.js:2297
[  442168ms] [LOG] Detected Host: sjm.localhost:3000 http://sjm.localhost:3000/dashboardportal/hrms/payScheme @ http://sjm.localhost:3000/_next/static/chunks/217dd_next_dist_9c560571._.js:2297
[  442190ms] [LOG] Detected Host: sjm.localhost:3000 http://sjm.localhost:3000/dashboardportal/hrms/payScheme @ http://sjm.localhost:3000/_next/static/chunks/217dd_next_dist_9c560571._.js:2297
[  442191ms] [LOG] Detected Host: sjm.localhost:3000 http://sjm.localhost:3000/dashboardportal/hrms/payScheme @ http://sjm.localhost:3000/_next/static/chunks/217dd_next_dist_9c560571._.js:2297
[  442217ms] [LOG] Detected Host: sjm.localhost:3000 http://sjm.localhost:3000/dashboardportal/hrms/payScheme @ http://sjm.localhost:3000/_next/static/chunks/217dd_next_dist_9c560571._.js:2297
[  442218ms] [LOG] Detected Host: sjm.localhost:3000 http://sjm.localhost:3000/dashboardportal/hrms/payScheme @ http://sjm.localhost:3000/_next/static/chunks/217dd_next_dist_9c560571._.js:2297
[  442242ms] [LOG] Detected Host: sjm.localhost:3000 http://sjm.localhost:3000/dashboardportal/hrms/payScheme @ http://sjm.localhost:3000/_next/static/chunks/217dd_next_dist_9c560571._.js:2297
[  442242ms] [LOG] Detected Host: sjm.localhost:3000 http://sjm.localhost:3000/dashboardportal/hrms/payScheme @ http://sjm.localhost:3000/_next/static/chunks/217dd_next_dist_9c560571._.js:2297
[  442263ms] [LOG] Detected Host: sjm.localhost:3000 http://sjm.localhost:3000/dashboardportal/hrms/payScheme @ http://sjm.localhost:3000/_next/static/chunks/217dd_next_dist_9c560571._.js:2297
[  442263ms] [LOG] Detected Host: sjm.localhost:3000 http://sjm.localhost:3000/dashboardportal/hrms/payScheme @ http://sjm.localhost:3000/_next/static/chunks/217dd_next_dist_9c560571._.js:2297
[  442287ms] [LOG] Detected Host: sjm.localhost:3000 http://sjm.localhost:3000/dashboardportal/hrms/payScheme @ http://sjm.localhost:3000/_next/static/chunks/217dd_next_dist_9c560571._.js:2297
[  442288ms] [LOG] Detected Host: sjm.localhost:3000 http://sjm.localhost:3000/dashboardportal/hrms/payScheme @ http://sjm.localhost:3000/_next/static/chunks/217dd_next_dist_9c560571._.js:2297
[  442312ms] [LOG] Detected Host: sjm.localhost:3000 http://sjm.localhost:3000/dashboardportal/hrms/payScheme @ http://sjm.localhost:3000/_next/static/chunks/217dd_next_dist_9c560571._.js:2297
[  442313ms] [LOG] Detected Host: sjm.localhost:3000 http://sjm.localhost:3000/dashboardportal/hrms/payScheme @ http://sjm.localhost:3000/_next/static/chunks/217dd_next_dist_9c560571._.js:2297
[  442364ms] [LOG] Detected Host: sjm.localhost:3000 http://sjm.localhost:3000/dashboardportal/hrms/payScheme @ http://sjm.localhost:3000/_next/static/chunks/217dd_next_dist_9c560571._.js:2297
[  442365ms] [LOG] Detected Host: sjm.localhost:3000 http://sjm.localhost:3000/dashboardportal/hrms/payScheme @ http://sjm.localhost:3000/_next/static/chunks/217dd_next_dist_9c560571._.js:2297
[  442403ms] [LOG] Detected Host: sjm.localhost:3000 http://sjm.localhost:3000/dashboardportal/hrms/payScheme @ http://sjm.localhost:3000/_next/static/chunks/217dd_next_dist_9c560571._.js:2297
[  442406ms] [LOG] Detected Host: sjm.localhost:3000 http://sjm.localhost:3000/dashboardportal/hrms/payScheme @ http://sjm.localhost:3000/_next/static/chunks/217dd_next_dist_9c560571._.js:2297
[  442429ms] [LOG] Detected Host: sjm.localhost:3000 http://sjm.localhost:3000/dashboardportal/hrms/payScheme @ http://sjm.localhost:3000/_next/static/chunks/217dd_next_dist_9c560571._.js:2297
[  442429ms] [LOG] Detected Host: sjm.localhost:3000 http://sjm.localhost:3000/dashboardportal/hrms/payScheme @ http://sjm.localhost:3000/_next/static/chunks/217dd_next_dist_9c560571._.js:2297
[  442449ms] [LOG] Detected Host: sjm.localhost:3000 http://sjm.localhost:3000/dashboardportal/hrms/payScheme @ http://sjm.localhost:3000/_next/static/chunks/217dd_next_dist_9c560571._.js:2297
[  442450ms] [LOG] Detected Host: sjm.localhost:3000 http://sjm.localhost:3000/dashboardportal/hrms/payScheme @ http://sjm.localhost:3000/_next/static/chunks/217dd_next_dist_9c560571._.js:2297
[  442472ms] [LOG] Detected Host: sjm.localhost:3000 http://sjm.localhost:3000/dashboardportal/hrms/payScheme @ http://sjm.localhost:3000/_next/static/chunks/217dd_next_dist_9c560571._.js:2297
[  442473ms] [LOG] Detected Host: sjm.localhost:3000 http://sjm.localhost:3000/dashboardportal/hrms/payScheme @ http://sjm.localhost:3000/_next/static/chunks/217dd_next_dist_9c560571._.js:2297
[  442496ms] [LOG] Detected Host: sjm.localhost:3000 http://sjm.localhost:3000/dashboardportal/hrms/payScheme @ http://sjm.localhost:3000/_next/static/chunks/217dd_next_dist_9c560571._.js:2297
[  442497ms] [LOG] Detected Host: sjm.localhost:3000 http://sjm.localhost:3000/dashboardportal/hrms/payScheme @ http://sjm.localhost:3000/_next/static/chunks/217dd_next_dist_9c560571._.js:2297
[  442504ms] [LOG] Detected Host: sjm.localhost:3000 http://sjm.localhost:3000/dashboardportal/hrms/payScheme @ http://sjm.localhost:3000/_next/static/chunks/217dd_next_dist_9c560571._.js:2297
[  442504ms] [LOG] Detected Host: sjm.localhost:3000 http://sjm.localhost:3000/dashboardportal/hrms/payScheme @ http://sjm.localhost:3000/_next/static/chunks/217dd_next_dist_9c560571._.js:2297
[  442514ms] [LOG] Detected Host: sjm.localhost:3000 http://sjm.localhost:3000/dashboardportal/hrms/payScheme @ http://sjm.localhost:3000/_next/static/chunks/217dd_next_dist_9c560571._.js:2297
[  442514ms] [LOG] Detected Host: sjm.localhost:3000 http://sjm.localhost:3000/dashboardportal/hrms/payScheme @ http://sjm.localhost:3000/_next/static/chunks/217dd_next_dist_9c560571._.js:2297
[  442520ms] [LOG] Detected Host: sjm.localhost:3000 http://sjm.localhost:3000/dashboardportal/hrms/payScheme @ http://sjm.localhost:3000/_next/static/chunks/217dd_next_dist_9c560571._.js:2297
[  442521ms] [LOG] Detected Host: sjm.localhost:3000 http://sjm.localhost:3000/dashboardportal/hrms/payScheme @ http://sjm.localhost:3000/_next/static/chunks/217dd_next_dist_9c560571._.js:2297
[  442532ms] [LOG] Detected Host: sjm.localhost:3000 http://sjm.localhost:3000/dashboardportal/hrms/payScheme @ http://sjm.localhost:3000/_next/static/chunks/217dd_next_dist_9c560571._.js:2297
[  442532ms] [LOG] Detected Host: sjm.localhost:3000 http://sjm.localhost:3000/dashboardportal/hrms/payScheme @ http://sjm.localhost:3000/_next/static/chunks/217dd_next_dist_9c560571._.js:2297
[  442540ms] [LOG] Detected Host: sjm.localhost:3000 http://sjm.localhost:3000/dashboardportal/hrms/payScheme @ http://sjm.localhost:3000/_next/static/chunks/217dd_next_dist_9c560571._.js:2297
[  442540ms] [LOG] Detected Host: sjm.localhost:3000 http://sjm.localhost:3000/dashboardportal/hrms/payScheme @ http://sjm.localhost:3000/_next/static/chunks/217dd_next_dist_9c560571._.js:2297
[  442552ms] [LOG] Detected Host: sjm.localhost:3000 http://sjm.localhost:3000/dashboardportal/hrms/payScheme @ http://sjm.localhost:3000/_next/static/chunks/217dd_next_dist_9c560571._.js:2297
[  442552ms] [LOG] Detected Host: sjm.localhost:3000 http://sjm.localhost:3000/dashboardportal/hrms/payScheme @ http://sjm.localhost:3000/_next/static/chunks/217dd_next_dist_9c560571._.js:2297
[  442563ms] [LOG] Detected Host: sjm.localhost:3000 http://sjm.localhost:3000/dashboardportal/hrms/payScheme @ http://sjm.localhost:3000/_next/static/chunks/217dd_next_dist_9c560571._.js:2297
[  442564ms] [LOG] Detected Host: sjm.localhost:3000 http://sjm.localhost:3000/dashboardportal/hrms/payScheme @ http://sjm.localhost:3000/_next/static/chunks/217dd_next_dist_9c560571._.js:2297
[  442570ms] [LOG] Detected Host: sjm.localhost:3000 http://sjm.localhost:3000/dashboardportal/hrms/payScheme @ http://sjm.localhost:3000/_next/static/chunks/217dd_next_dist_9c560571._.js:2297
[  442570ms] [LOG] Detected Host: sjm.localhost:3000 http://sjm.localhost:3000/dashboardportal/hrms/payScheme @ http://sjm.localhost:3000/_next/static/chunks/217dd_next_dist_9c560571._.js:2297
[  442578ms] [LOG] Detected Host: sjm.localhost:3000 http://sjm.localhost:3000/dashboardportal/hrms/payScheme @ http://sjm.localhost:3000/_next/static/chunks/217dd_next_dist_9c560571._.js:2297
[  442579ms] [LOG] Detected Host: sjm.localhost:3000 http://sjm.localhost:3000/dashboardportal/hrms/payScheme @ http://sjm.localhost:3000/_next/static/chunks/217dd_next_dist_9c560571._.js:2297
[  442585ms] [LOG] Detected Host: sjm.localhost:3000 http://sjm.localhost:3000/dashboardportal/hrms/payScheme @ http://sjm.localhost:3000/_next/static/chunks/217dd_next_dist_9c560571._.js:2297
[  442586ms] [LOG] Detected Host: sjm.localhost:3000 http://sjm.localhost:3000/dashboardportal/hrms/payScheme @ http://sjm.localhost:3000/_next/static/chunks/217dd_next_dist_9c560571._.js:2297
[  442595ms] [LOG] Detected Host: sjm.localhost:3000 http://sjm.localhost:3000/dashboardportal/hrms/payScheme @ http://sjm.localhost:3000/_next/static/chunks/217dd_next_dist_9c560571._.js:2297
[  442595ms] [LOG] Detected Host: sjm.localhost:3000 http://sjm.localhost:3000/dashboardportal/hrms/payScheme @ http://sjm.localhost:3000/_next/static/chunks/217dd_next_dist_9c560571._.js:2297
[  442603ms] [LOG] Detected Host: sjm.localhost:3000 http://sjm.localhost:3000/dashboardportal/hrms/payScheme @ http://sjm.localhost:3000/_next/static/chunks/217dd_next_dist_9c560571._.js:2297
[  442606ms] [LOG] Detected Host: sjm.localhost:3000 http://sjm.localhost:3000/dashboardportal/hrms/payScheme @ http://sjm.localhost:3000/_next/static/chunks/217dd_next_dist_9c560571._.js:2297
[  442616ms] [LOG] Detected Host: sjm.localhost:3000 http://sjm.localhost:3000/dashboardportal/hrms/payScheme @ http://sjm.localhost:3000/_next/static/chunks/217dd_next_dist_9c560571._.js:2297
[  442616ms] [LOG] Detected Host: sjm.localhost:3000 http://sjm.localhost:3000/dashboardportal/hrms/payScheme @ http://sjm.localhost:3000/_next/static/chunks/217dd_next_dist_9c560571._.js:2297
[  442624ms] [LOG] Detected Host: sjm.localhost:3000 http://sjm.localhost:3000/dashboardportal/hrms/payScheme @ http://sjm.localhost:3000/_next/static/chunks/217dd_next_dist_9c560571._.js:2297
[  442624ms] [LOG] Detected Host: sjm.localhost:3000 http://sjm.localhost:3000/dashboardportal/hrms/payScheme @ http://sjm.localhost:3000/_next/static/chunks/217dd_next_dist_9c560571._.js:2297
[  442632ms] [LOG] Detected Host: sjm.localhost:3000 http://sjm.localhost:3000/dashboardportal/hrms/payScheme @ http://sjm.localhost:3000/_next/static/chunks/217dd_next_dist_9c560571._.js:2297
[  442632ms] [LOG] Detected Host: sjm.localhost:3000 http://sjm.localhost:3000/dashboardportal/hrms/payScheme @ http://sjm.localhost:3000/_next/static/chunks/217dd_next_dist_9c560571._.js:2297
[  442642ms] [LOG] Detected Host: sjm.localhost:3000 http://sjm.localhost:3000/dashboardportal/hrms/payScheme @ http://sjm.localhost:3000/_next/static/chunks/217dd_next_dist_9c560571._.js:2297
[  442644ms] [LOG] Detected Host: sjm.localhost:3000 http://sjm.localhost:3000/dashboardportal/hrms/payScheme @ http://sjm.localhost:3000/_next/static/chunks/217dd_next_dist_9c560571._.js:2297
[  442649ms] [LOG] [Fast Refresh] rebuilding @ http://sjm.localhost:3000/_next/static/chunks/217dd_next_dist_9c560571._.js:2297
[  442654ms] [LOG] Detected Host: sjm.localhost:3000 http://sjm.localhost:3000/dashboardportal/hrms/payScheme @ http://sjm.localhost:3000/_next/static/chunks/217dd_next_dist_9c560571._.js:2297
[  442654ms] [LOG] Detected Host: sjm.localhost:3000 http://sjm.localhost:3000/dashboardportal/hrms/payScheme @ http://sjm.localhost:3000/_next/static/chunks/217dd_next_dist_9c560571._.js:2297
[  442662ms] [LOG] Detected Host: sjm.localhost:3000 http://sjm.localhost:3000/dashboardportal/hrms/payScheme @ http://sjm.localhost:3000/_next/static/chunks/217dd_next_dist_9c560571._.js:2297
[  442663ms] [LOG] Detected Host: sjm.localhost:3000 http://sjm.localhost:3000/dashboardportal/hrms/payScheme @ http://sjm.localhost:3000/_next/static/chunks/217dd_next_dist_9c560571._.js:2297
[  442672ms] [LOG] Detected Host: sjm.localhost:3000 http://sjm.localhost:3000/dashboardportal/hrms/payScheme @ http://sjm.localhost:3000/_next/static/chunks/217dd_next_dist_9c560571._.js:2297
[  442673ms] [LOG] Detected Host: sjm.localhost:3000 http://sjm.localhost:3000/dashboardportal/hrms/payScheme @ http://sjm.localhost:3000/_next/static/chunks/217dd_next_dist_9c560571._.js:2297
[  442682ms] [LOG] Detected Host: sjm.localhost:3000 http://sjm.localhost:3000/dashboardportal/hrms/payScheme @ http://sjm.localhost:3000/_next/static/chunks/217dd_next_dist_9c560571._.js:2297
[  442682ms] [LOG] Detected Host: sjm.localhost:3000 http://sjm.localhost:3000/dashboardportal/hrms/payScheme @ http://sjm.localhost:3000/_next/static/chunks/217dd_next_dist_9c560571._.js:2297
[  442690ms] [LOG] Detected Host: sjm.localhost:3000 http://sjm.localhost:3000/dashboardportal/hrms/payScheme @ http://sjm.localhost:3000/_next/static/chunks/217dd_next_dist_9c560571._.js:2297
[  442691ms] [LOG] Detected Host: sjm.localhost:3000 http://sjm.localhost:3000/dashboardportal/hrms/payScheme @ http://sjm.localhost:3000/_next/static/chunks/217dd_next_dist_9c560571._.js:2297
[  442699ms] [LOG] Detected Host: sjm.localhost:3000 http://sjm.localhost:3000/dashboardportal/hrms/payScheme @ http://sjm.localhost:3000/_next/static/chunks/217dd_next_dist_9c560571._.js:2297
[  442700ms] [LOG] Detected Host: sjm.localhost:3000 http://sjm.localhost:3000/dashboardportal/hrms/payScheme @ http://sjm.localhost:3000/_next/static/chunks/217dd_next_dist_9c560571._.js:2297
[  442708ms] [LOG] Detected Host: sjm.localhost:3000 http://sjm.localhost:3000/dashboardportal/hrms/payScheme @ http://sjm.localhost:3000/_next/static/chunks/217dd_next_dist_9c560571._.js:2297
[  442708ms] [LOG] Detected Host: sjm.localhost:3000 http://sjm.localhost:3000/dashboardportal/hrms/payScheme @ http://sjm.localhost:3000/_next/static/chunks/217dd_next_dist_9c560571._.js:2297
[  442716ms] [LOG] Detected Host: sjm.localhost:3000 http://sjm.localhost:3000/dashboardportal/hrms/payScheme @ http://sjm.localhost:3000/_next/static/chunks/217dd_next_dist_9c560571._.js:2297
[  442716ms] [LOG] Detected Host: sjm.localhost:3000 http://sjm.localhost:3000/dashboardportal/hrms/payScheme @ http://sjm.localhost:3000/_next/static/chunks/217dd_next_dist_9c560571._.js:2297
[  442723ms] [LOG] Detected Host: sjm.localhost:3000 http://sjm.localhost:3000/dashboardportal/hrms/payScheme @ http://sjm.localhost:3000/_next/static/chunks/217dd_next_dist_9c560571._.js:2297
[  442723ms] [LOG] Detected Host: sjm.localhost:3000 http://sjm.localhost:3000/dashboardportal/hrms/payScheme @ http://sjm.localhost:3000/_next/static/chunks/217dd_next_dist_9c560571._.js:2297
[  442726ms] [LOG] [Fast Refresh] done in 180ms @ http://sjm.localhost:3000/_next/static/chunks/217dd_next_dist_9c560571._.js:2297
[  442734ms] [LOG] Detected Host: sjm.localhost:3000 http://sjm.localhost:3000/dashboardportal/hrms/payScheme @ http://sjm.localhost:3000/_next/static/chunks/217dd_next_dist_9c560571._.js:2297
[  442734ms] [LOG] Detected Host: sjm.localhost:3000 http://sjm.localhost:3000/dashboardportal/hrms/payScheme @ http://sjm.localhost:3000/_next/static/chunks/217dd_next_dist_9c560571._.js:2297
[  442744ms] [LOG] Detected Host: sjm.localhost:3000 http://sjm.localhost:3000/dashboardportal/hrms/payScheme @ http://sjm.localhost:3000/_next/static/chunks/217dd_next_dist_9c560571._.js:2297
[  442745ms] [LOG] Detected Host: sjm.localhost:3000 http://sjm.localhost:3000/dashboardportal/hrms/payScheme @ http://sjm.localhost:3000/_next/static/chunks/217dd_next_dist_9c560571._.js:2297
[  442751ms] [LOG] Detected Host: sjm.localhost:3000 http://sjm.localhost:3000/dashboardportal/hrms/payScheme @ http://sjm.localhost:3000/_next/static/chunks/217dd_next_dist_9c560571._.js:2297
[  442751ms] [LOG] Detected Host: sjm.localhost:3000 http://sjm.localhost:3000/dashboardportal/hrms/payScheme @ http://sjm.localhost:3000/_next/static/chunks/217dd_next_dist_9c560571._.js:2297
[  442761ms] [LOG] Detected Host: sjm.localhost:3000 http://sjm.localhost:3000/dashboardportal/hrms/payScheme @ http://sjm.localhost:3000/_next/static/chunks/217dd_next_dist_9c560571._.js:2297
[  442761ms] [LOG] Detected Host: sjm.localhost:3000 http://sjm.localhost:3000/dashboardportal/hrms/payScheme @ http://sjm.localhost:3000/_next/static/chunks/217dd_next_dist_9c560571._.js:2297
[  442768ms] [LOG] Detected Host: sjm.localhost:3000 http://sjm.localhost:3000/dashboardportal/hrms/payScheme @ http://sjm.localhost:3000/_next/static/chunks/217dd_next_dist_9c560571._.js:2297
[  442769ms] [LOG] Detected Host: sjm.localhost:3000 http://sjm.localhost:3000/dashboardportal/hrms/payScheme @ http://sjm.localhost:3000/_next/static/chunks/217dd_next_dist_9c560571._.js:2297
[  442788ms] [LOG] Detected Host: sjm.localhost:3000 http://sjm.localhost:3000/dashboardportal/hrms/payScheme @ http://sjm.localhost:3000/_next/static/chunks/217dd_next_dist_9c560571._.js:2297
[  442789ms] [LOG] Detected Host: sjm.localhost:3000 http://sjm.localhost:3000/dashboardportal/hrms/payScheme @ http://sjm.localhost:3000/_next/static/chunks/217dd_next_dist_9c560571._.js:2297
[  442815ms] [LOG] Detected Host: sjm.localhost:3000 http://sjm.localhost:3000/dashboardportal/hrms/payScheme @ http://sjm.localhost:3000/_next/static/chunks/217dd_next_dist_9c560571._.js:2297
[  442818ms] [LOG] Detected Host: sjm.localhost:3000 http://sjm.localhost:3000/dashboardportal/hrms/payScheme @ http://sjm.localhost:3000/_next/static/chunks/217dd_next_dist_9c560571._.js:2297
[  442836ms] [LOG] Detected Host: sjm.localhost:3000 http://sjm.localhost:3000/dashboardportal/hrms/payScheme @ http://sjm.localhost:3000/_next/static/chunks/217dd_next_dist_9c560571._.js:2297
[  442837ms] [LOG] Detected Host: sjm.localhost:3000 http://sjm.localhost:3000/dashboardportal/hrms/payScheme @ http://sjm.localhost:3000/_next/static/chunks/217dd_next_dist_9c560571._.js:2297
[  442838ms] [LOG] [Fast Refresh] rebuilding @ http://sjm.localhost:3000/_next/static/chunks/217dd_next_dist_9c560571._.js:2297
[  442856ms] [LOG] Detected Host: sjm.localhost:3000 http://sjm.localhost:3000/dashboardportal/hrms/payScheme @ http://sjm.localhost:3000/_next/static/chunks/217dd_next_dist_9c560571._.js:2297
[  442857ms] [LOG] Detected Host: sjm.localhost:3000 http://sjm.localhost:3000/dashboardportal/hrms/payScheme @ http://sjm.localhost:3000/_next/static/chunks/217dd_next_dist_9c560571._.js:2297
[  442907ms] [ERROR] Failed to load resource: the server responded with a status of 404 (Not Found) @ http://sjm.localhost:3000/dashboardportal/hrmsmasters:0
[  443172ms] [INFO] %cDownload the React DevTools for a better development experience: https://react.dev/link/react-devtools font-weight:bold @ http://sjm.localhost:3000/_next/static/chunks/217dd_next_dist_9c560571._.js:2297
[  443209ms] [LOG] [HMR] connected @ http://sjm.localhost:3000/_next/static/chunks/217dd_next_dist_9c560571._.js:2297
[  443417ms] [LOG] [Fast Refresh] rebuilding @ http://sjm.localhost:3000/_next/static/chunks/217dd_next_dist_9c560571._.js:2297
[  443463ms] [LOG] [Fast Refresh] done in 160ms @ http://sjm.localhost:3000/_next/static/chunks/217dd_next_dist_9c560571._.js:2297
[  443623ms] [LOG] [Fast Refresh] rebuilding @ http://sjm.localhost:3000/_next/static/chunks/217dd_next_dist_9c560571._.js:2297
[  475244ms] [INFO] %cDownload the React DevTools for a better development experience: https://react.dev/link/react-devtools font-weight:bold @ http://sjm.localhost:3000/_next/static/chunks/217dd_next_dist_9c560571._.js:2297
[  475289ms] [LOG] [HMR] connected @ http://sjm.localhost:3000/_next/static/chunks/217dd_next_dist_9c560571._.js:2297
[  475449ms] [LOG] Detected Host: sjm.localhost:3000 http://sjm.localhost:3000/dashboardportal/hrmsmasters/BioAtt_updation @ http://sjm.localhost:3000/_next/static/chunks/217dd_next_dist_9c560571._.js:2297
[  475449ms] [LOG] Detected Host: sjm.localhost:3000 http://sjm.localhost:3000/dashboardportal/hrmsmasters/BioAtt_updation @ http://sjm.localhost:3000/_next/static/chunks/217dd_next_dist_9c560571._.js:2297
[  475480ms] [LOG] Detected Host: sjm.localhost:3000 http://sjm.localhost:3000/dashboardportal/hrmsmasters/BioAtt_updation @ http://sjm.localhost:3000/_next/static/chunks/217dd_next_dist_9c560571._.js:2297
[  475481ms] [LOG] Detected Host: sjm.localhost:3000 http://sjm.localhost:3000/dashboardportal/hrmsmasters/BioAtt_updation @ http://sjm.localhost:3000/_next/static/chunks/217dd_next_dist_9c560571._.js:2297
[  475509ms] [LOG] Detected Host: sjm.localhost:3000 http://sjm.localhost:3000/dashboardportal/hrmsmasters/BioAtt_updation @ http://sjm.localhost:3000/_next/static/chunks/217dd_next_dist_9c560571._.js:2297
[  475510ms] [LOG] Detected Host: sjm.localhost:3000 http://sjm.localhost:3000/dashboardportal/hrmsmasters/BioAtt_updation @ http://sjm.localhost:3000/_next/static/chunks/217dd_next_dist_9c560571._.js:2297
[  475532ms] [LOG] Detected Host: sjm.localhost:3000 http://sjm.localhost:3000/dashboardportal/hrmsmasters/BioAtt_updation @ http://sjm.localhost:3000/_next/static/chunks/217dd_next_dist_9c560571._.js:2297
[  475533ms] [LOG] Detected Host: sjm.localhost:3000 http://sjm.localhost:3000/dashboardportal/hrmsmasters/BioAtt_updation @ http://sjm.localhost:3000/_next/static/chunks/217dd_next_dist_9c560571._.js:2297
[  475565ms] [LOG] Detected Host: sjm.localhost:3000 http://sjm.localhost:3000/dashboardportal/hrmsmasters/BioAtt_updation @ http://sjm.localhost:3000/_next/static/chunks/217dd_next_dist_9c560571._.js:2297
[  475566ms] [LOG] Detected Host: sjm.localhost:3000 http://sjm.localhost:3000/dashboardportal/hrmsmasters/BioAtt_updation @ http://sjm.localhost:3000/_next/static/chunks/217dd_next_dist_9c560571._.js:2297
[  475589ms] [LOG] [Fast Refresh] rebuilding @ http://sjm.localhost:3000/_next/static/chunks/217dd_next_dist_9c560571._.js:2297
[  475591ms] [LOG] Detected Host: sjm.localhost:3000 http://sjm.localhost:3000/dashboardportal/hrmsmasters/BioAtt_updation @ http://sjm.localhost:3000/_next/static/chunks/217dd_next_dist_9c560571._.js:2297
[  475592ms] [LOG] Detected Host: sjm.localhost:3000 http://sjm.localhost:3000/dashboardportal/hrmsmasters/BioAtt_updation @ http://sjm.localhost:3000/_next/static/chunks/217dd_next_dist_9c560571._.js:2297
[  475620ms] [LOG] Detected Host: sjm.localhost:3000 http://sjm.localhost:3000/dashboardportal/hrmsmasters/BioAtt_updation @ http://sjm.localhost:3000/_next/static/chunks/217dd_next_dist_9c560571._.js:2297
[  475620ms] [LOG] Detected Host: sjm.localhost:3000 http://sjm.localhost:3000/dashboardportal/hrmsmasters/BioAtt_updation @ http://sjm.localhost:3000/_next/static/chunks/217dd_next_dist_9c560571._.js:2297
[  475692ms] [LOG] [Fast Refresh] done in 213ms @ http://sjm.localhost:3000/_next/static/chunks/217dd_next_dist_9c560571._.js:2297
[  475787ms] [LOG] Detected Host: sjm.localhost:3000 http://sjm.localhost:3000/dashboardportal/hrmsmasters/BioAtt_updation @ http://sjm.localhost:3000/_next/static/chunks/217dd_next_dist_9c560571._.js:2297
[  475800ms] [LOG] Detected Host: sjm.localhost:3000 http://sjm.localhost:3000/dashboardportal/hrmsmasters/BioAtt_updation @ http://sjm.localhost:3000/_next/static/chunks/217dd_next_dist_9c560571._.js:2297
[  475937ms] [LOG] Detected Host: sjm.localhost:3000 http://sjm.localhost:3000/dashboardportal/hrmsmasters/BioAtt_updation @ http://sjm.localhost:3000/_next/static/chunks/217dd_next_dist_9c560571._.js:2297
[  475943ms] [LOG] Detected Host: sjm.localhost:3000 http://sjm.localhost:3000/dashboardportal/hrmsmasters/BioAtt_updation @ http://sjm.localhost:3000/_next/static/chunks/217dd_next_dist_9c560571._.js:2297
[  476076ms] [LOG] Detected Host: sjm.localhost:3000 http://sjm.localhost:3000/dashboardportal/hrmsmasters/BioAtt_updation @ http://sjm.localhost:3000/_next/static/chunks/217dd_next_dist_9c560571._.js:2297
[  476081ms] [LOG] Detected Host: sjm.localhost:3000 http://sjm.localhost:3000/dashboardportal/hrmsmasters/BioAtt_updation @ http://sjm.localhost:3000/_next/static/chunks/217dd_next_dist_9c560571._.js:2297
[  476169ms] [LOG] Detected Host: sjm.localhost:3000 http://sjm.localhost:3000/dashboardportal/hrmsmasters/BioAtt_updation @ http://sjm.localhost:3000/_next/static/chunks/217dd_next_dist_9c560571._.js:2297
[  476174ms] [LOG] Detected Host: sjm.localhost:3000 http://sjm.localhost:3000/dashboardportal/hrmsmasters/BioAtt_updation @ http://sjm.localhost:3000/_next/static/chunks/217dd_next_dist_9c560571._.js:2297
[  476329ms] [LOG] Detected Host: sjm.localhost:3000 http://sjm.localhost:3000/dashboardportal/hrmsmasters/BioAtt_updation @ http://sjm.localhost:3000/_next/static/chunks/217dd_next_dist_9c560571._.js:2297
[  476333ms] [LOG] Detected Host: sjm.localhost:3000 http://sjm.localhost:3000/dashboardportal/hrmsmasters/BioAtt_updation @ http://sjm.localhost:3000/_next/static/chunks/217dd_next_dist_9c560571._.js:2297
[  476967ms] [INFO] %cDownload the React DevTools for a better development experience: https://react.dev/link/react-devtools font-weight:bold @ http://sjm.localhost:3000/_next/static/chunks/217dd_next_dist_9c560571._.js:2297
[  476998ms] [LOG] [HMR] connected @ http://sjm.localhost:3000/_next/static/chunks/217dd_next_dist_9c560571._.js:2297
[  477133ms] [LOG] Detected Host: sjm.localhost:3000 http://sjm.localhost:3000/dashboardportal/hrmsmasters/bioempmstlink @ http://sjm.localhost:3000/_next/static/chunks/217dd_next_dist_9c560571._.js:2297
[  477134ms] [LOG] Detected Host: sjm.localhost:3000 http://sjm.localhost:3000/dashboardportal/hrmsmasters/bioempmstlink @ http://sjm.localhost:3000/_next/static/chunks/217dd_next_dist_9c560571._.js:2297
[  477160ms] [LOG] Detected Host: sjm.localhost:3000 http://sjm.localhost:3000/dashboardportal/hrmsmasters/bioempmstlink @ http://sjm.localhost:3000/_next/static/chunks/217dd_next_dist_9c560571._.js:2297
[  477161ms] [LOG] Detected Host: sjm.localhost:3000 http://sjm.localhost:3000/dashboardportal/hrmsmasters/bioempmstlink @ http://sjm.localhost:3000/_next/static/chunks/217dd_next_dist_9c560571._.js:2297
[  477182ms] [LOG] Detected Host: sjm.localhost:3000 http://sjm.localhost:3000/dashboardportal/hrmsmasters/bioempmstlink @ http://sjm.localhost:3000/_next/static/chunks/217dd_next_dist_9c560571._.js:2297
[  477183ms] [LOG] Detected Host: sjm.localhost:3000 http://sjm.localhost:3000/dashboardportal/hrmsmasters/bioempmstlink @ http://sjm.localhost:3000/_next/static/chunks/217dd_next_dist_9c560571._.js:2297
[  477209ms] [LOG] Detected Host: sjm.localhost:3000 http://sjm.localhost:3000/dashboardportal/hrmsmasters/bioempmstlink @ http://sjm.localhost:3000/_next/static/chunks/217dd_next_dist_9c560571._.js:2297
[  477210ms] [LOG] Detected Host: sjm.localhost:3000 http://sjm.localhost:3000/dashboardportal/hrmsmasters/bioempmstlink @ http://sjm.localhost:3000/_next/static/chunks/217dd_next_dist_9c560571._.js:2297
[  477231ms] [LOG] Detected Host: sjm.localhost:3000 http://sjm.localhost:3000/dashboardportal/hrmsmasters/bioempmstlink @ http://sjm.localhost:3000/_next/static/chunks/217dd_next_dist_9c560571._.js:2297
[  477232ms] [LOG] Detected Host: sjm.localhost:3000 http://sjm.localhost:3000/dashboardportal/hrmsmasters/bioempmstlink @ http://sjm.localhost:3000/_next/static/chunks/217dd_next_dist_9c560571._.js:2297
[  477258ms] [LOG] Detected Host: sjm.localhost:3000 http://sjm.localhost:3000/dashboardportal/hrmsmasters/bioempmstlink @ http://sjm.localhost:3000/_next/static/chunks/217dd_next_dist_9c560571._.js:2297
[  477259ms] [LOG] Detected Host: sjm.localhost:3000 http://sjm.localhost:3000/dashboardportal/hrmsmasters/bioempmstlink @ http://sjm.localhost:3000/_next/static/chunks/217dd_next_dist_9c560571._.js:2297
[  477266ms] [LOG] [Fast Refresh] rebuilding @ http://sjm.localhost:3000/_next/static/chunks/217dd_next_dist_9c560571._.js:2297
[  477282ms] [LOG] Detected Host: sjm.localhost:3000 http://sjm.localhost:3000/dashboardportal/hrmsmasters/bioempmstlink @ http://sjm.localhost:3000/_next/static/chunks/217dd_next_dist_9c560571._.js:2297
[  477282ms] [LOG] Detected Host: sjm.localhost:3000 http://sjm.localhost:3000/dashboardportal/hrmsmasters/bioempmstlink @ http://sjm.localhost:3000/_next/static/chunks/217dd_next_dist_9c560571._.js:2297
[  477285ms] [LOG] [Fast Refresh] done in 120ms @ http://sjm.localhost:3000/_next/static/chunks/217dd_next_dist_9c560571._.js:2297
[  477330ms] [LOG] Detected Host: sjm.localhost:3000 http://sjm.localhost:3000/dashboardportal/hrmsmasters/bioempmstlink @ http://sjm.localhost:3000/_next/static/chunks/217dd_next_dist_9c560571._.js:2297
[  477331ms] [LOG] Detected Host: sjm.localhost:3000 http://sjm.localhost:3000/dashboardportal/hrmsmasters/bioempmstlink @ http://sjm.localhost:3000/_next/static/chunks/217dd_next_dist_9c560571._.js:2297
[  477383ms] [LOG] Detected Host: sjm.localhost:3000 http://sjm.localhost:3000/dashboardportal/hrmsmasters/bioempmstlink @ http://sjm.localhost:3000/_next/static/chunks/217dd_next_dist_9c560571._.js:2297
[  477389ms] [LOG] Detected Host: sjm.localhost:3000 http://sjm.localhost:3000/dashboardportal/hrmsmasters/bioempmstlink @ http://sjm.localhost:3000/_next/static/chunks/217dd_next_dist_9c560571._.js:2297
[  477506ms] [LOG] Detected Host: sjm.localhost:3000 http://sjm.localhost:3000/dashboardportal/hrmsmasters/bioempmstlink @ http://sjm.localhost:3000/_next/static/chunks/217dd_next_dist_9c560571._.js:2297
[  477510ms] [LOG] Detected Host: sjm.localhost:3000 http://sjm.localhost:3000/dashboardportal/hrmsmasters/bioempmstlink @ http://sjm.localhost:3000/_next/static/chunks/217dd_next_dist_9c560571._.js:2297
[  477630ms] [LOG] Detected Host: sjm.localhost:3000 http://sjm.localhost:3000/dashboardportal/hrmsmasters/bioempmstlink @ http://sjm.localhost:3000/_next/static/chunks/217dd_next_dist_9c560571._.js:2297
[  477634ms] [LOG] Detected Host: sjm.localhost:3000 http://sjm.localhost:3000/dashboardportal/hrmsmasters/bioempmstlink @ http://sjm.localhost:3000/_next/static/chunks/217dd_next_dist_9c560571._.js:2297
[  477843ms] [LOG] Detected Host: sjm.localhost:3000 http://sjm.localhost:3000/dashboardportal/hrmsmasters/bioempmstlink @ http://sjm.localhost:3000/_next/static/chunks/217dd_next_dist_9c560571._.js:2297
[  477850ms] [LOG] Detected Host: sjm.localhost:3000 http://sjm.localhost:3000/dashboardportal/hrmsmasters/bioempmstlink @ http://sjm.localhost:3000/_next/static/chunks/217dd_next_dist_9c560571._.js:2297
[  478063ms] [LOG] Detected Host: sjm.localhost:3000 http://sjm.localhost:3000/dashboardportal/hrmsmasters/bioempmstlink @ http://sjm.localhost:3000/_next/static/chunks/217dd_next_dist_9c560571._.js:2297
[  478066ms] [LOG] Detected Host: sjm.localhost:3000 http://sjm.localhost:3000/dashboardportal/hrmsmasters/bioempmstlink @ http://sjm.localhost:3000/_next/static/chunks/217dd_next_dist_9c560571._.js:2297
[  478319ms] [LOG] [Fast Refresh] rebuilding @ http://sjm.localhost:3000/_next/static/chunks/217dd_next_dist_9c560571._.js:2297
[  480042ms] [LOG] [Fast Refresh] done in 1834ms @ http://sjm.localhost:3000/_next/static/chunks/217dd_next_dist_9c560571._.js:2297
[  480286ms] [INFO] %cDownload the React DevTools for a better development experience: https://react.dev/link/react-devtools font-weight:bold @ http://sjm.localhost:3000/_next/static/chunks/217dd_next_dist_9c560571._.js:2297
[  480327ms] [LOG] [HMR] connected @ http://sjm.localhost:3000/_next/static/chunks/217dd_next_dist_9c560571._.js:2297
[  480509ms] [LOG] Detected Host: sjm.localhost:3000 http://sjm.localhost:3000/dashboardportal/hrmsmasters/desigNormsSet @ http://sjm.localhost:3000/_next/static/chunks/217dd_next_dist_9c560571._.js:2297
[  480510ms] [LOG] Detected Host: sjm.localhost:3000 http://sjm.localhost:3000/dashboardportal/hrmsmasters/desigNormsSet @ http://sjm.localhost:3000/_next/static/chunks/217dd_next_dist_9c560571._.js:2297
[  480535ms] [LOG] Detected Host: sjm.localhost:3000 http://sjm.localhost:3000/dashboardportal/hrmsmasters/desigNormsSet @ http://sjm.localhost:3000/_next/static/chunks/217dd_next_dist_9c560571._.js:2297
[  480537ms] [LOG] Detected Host: sjm.localhost:3000 http://sjm.localhost:3000/dashboardportal/hrmsmasters/desigNormsSet @ http://sjm.localhost:3000/_next/static/chunks/217dd_next_dist_9c560571._.js:2297
[  480559ms] [LOG] Detected Host: sjm.localhost:3000 http://sjm.localhost:3000/dashboardportal/hrmsmasters/desigNormsSet @ http://sjm.localhost:3000/_next/static/chunks/217dd_next_dist_9c560571._.js:2297
[  480560ms] [LOG] Detected Host: sjm.localhost:3000 http://sjm.localhost:3000/dashboardportal/hrmsmasters/desigNormsSet @ http://sjm.localhost:3000/_next/static/chunks/217dd_next_dist_9c560571._.js:2297
[  480583ms] [LOG] Detected Host: sjm.localhost:3000 http://sjm.localhost:3000/dashboardportal/hrmsmasters/desigNormsSet @ http://sjm.localhost:3000/_next/static/chunks/217dd_next_dist_9c560571._.js:2297
[  480584ms] [LOG] Detected Host: sjm.localhost:3000 http://sjm.localhost:3000/dashboardportal/hrmsmasters/desigNormsSet @ http://sjm.localhost:3000/_next/static/chunks/217dd_next_dist_9c560571._.js:2297
[  480611ms] [LOG] Detected Host: sjm.localhost:3000 http://sjm.localhost:3000/dashboardportal/hrmsmasters/desigNormsSet @ http://sjm.localhost:3000/_next/static/chunks/217dd_next_dist_9c560571._.js:2297
[  480612ms] [LOG] Detected Host: sjm.localhost:3000 http://sjm.localhost:3000/dashboardportal/hrmsmasters/desigNormsSet @ http://sjm.localhost:3000/_next/static/chunks/217dd_next_dist_9c560571._.js:2297
[  480642ms] [LOG] Detected Host: sjm.localhost:3000 http://sjm.localhost:3000/dashboardportal/hrmsmasters/desigNormsSet @ http://sjm.localhost:3000/_next/static/chunks/217dd_next_dist_9c560571._.js:2297
[  480643ms] [LOG] Detected Host: sjm.localhost:3000 http://sjm.localhost:3000/dashboardportal/hrmsmasters/desigNormsSet @ http://sjm.localhost:3000/_next/static/chunks/217dd_next_dist_9c560571._.js:2297
[  480667ms] [LOG] Detected Host: sjm.localhost:3000 http://sjm.localhost:3000/dashboardportal/hrmsmasters/desigNormsSet @ http://sjm.localhost:3000/_next/static/chunks/217dd_next_dist_9c560571._.js:2297
[  480667ms] [LOG] Detected Host: sjm.localhost:3000 http://sjm.localhost:3000/dashboardportal/hrmsmasters/desigNormsSet @ http://sjm.localhost:3000/_next/static/chunks/217dd_next_dist_9c560571._.js:2297
[  480687ms] [LOG] Detected Host: sjm.localhost:3000 http://sjm.localhost:3000/dashboardportal/hrmsmasters/desigNormsSet @ http://sjm.localhost:3000/_next/static/chunks/217dd_next_dist_9c560571._.js:2297
[  480688ms] [LOG] Detected Host: sjm.localhost:3000 http://sjm.localhost:3000/dashboardportal/hrmsmasters/desigNormsSet @ http://sjm.localhost:3000/_next/static/chunks/217dd_next_dist_9c560571._.js:2297
[  480706ms] [LOG] Detected Host: sjm.localhost:3000 http://sjm.localhost:3000/dashboardportal/hrmsmasters/desigNormsSet @ http://sjm.localhost:3000/_next/static/chunks/217dd_next_dist_9c560571._.js:2297
[  480706ms] [LOG] Detected Host: sjm.localhost:3000 http://sjm.localhost:3000/dashboardportal/hrmsmasters/desigNormsSet @ http://sjm.localhost:3000/_next/static/chunks/217dd_next_dist_9c560571._.js:2297
[  480722ms] [LOG] Detected Host: sjm.localhost:3000 http://sjm.localhost:3000/dashboardportal/hrmsmasters/desigNormsSet @ http://sjm.localhost:3000/_next/static/chunks/217dd_next_dist_9c560571._.js:2297
[  480722ms] [LOG] Detected Host: sjm.localhost:3000 http://sjm.localhost:3000/dashboardportal/hrmsmasters/desigNormsSet @ http://sjm.localhost:3000/_next/static/chunks/217dd_next_dist_9c560571._.js:2297
[  480735ms] [LOG] Detected Host: sjm.localhost:3000 http://sjm.localhost:3000/dashboardportal/hrmsmasters/desigNormsSet @ http://sjm.localhost:3000/_next/static/chunks/217dd_next_dist_9c560571._.js:2297
[  480736ms] [LOG] Detected Host: sjm.localhost:3000 http://sjm.localhost:3000/dashboardportal/hrmsmasters/desigNormsSet @ http://sjm.localhost:3000/_next/static/chunks/217dd_next_dist_9c560571._.js:2297
[  480754ms] [LOG] Detected Host: sjm.localhost:3000 http://sjm.localhost:3000/dashboardportal/hrmsmasters/desigNormsSet @ http://sjm.localhost:3000/_next/static/chunks/217dd_next_dist_9c560571._.js:2297
[  480755ms] [LOG] Detected Host: sjm.localhost:3000 http://sjm.localhost:3000/dashboardportal/hrmsmasters/desigNormsSet @ http://sjm.localhost:3000/_next/static/chunks/217dd_next_dist_9c560571._.js:2297
[  480760ms] [LOG] [Fast Refresh] rebuilding @ http://sjm.localhost:3000/_next/static/chunks/217dd_next_dist_9c560571._.js:2297
[  480776ms] [LOG] Detected Host: sjm.localhost:3000 http://sjm.localhost:3000/dashboardportal/hrmsmasters/desigNormsSet @ http://sjm.localhost:3000/_next/static/chunks/217dd_next_dist_9c560571._.js:2297
[  480776ms] [LOG] Detected Host: sjm.localhost:3000 http://sjm.localhost:3000/dashboardportal/hrmsmasters/desigNormsSet @ http://sjm.localhost:3000/_next/static/chunks/217dd_next_dist_9c560571._.js:2297
[  480795ms] [LOG] Detected Host: sjm.localhost:3000 http://sjm.localhost:3000/dashboardportal/hrmsmasters/desigNormsSet @ http://sjm.localhost:3000/_next/static/chunks/217dd_next_dist_9c560571._.js:2297
[  480795ms] [LOG] Detected Host: sjm.localhost:3000 http://sjm.localhost:3000/dashboardportal/hrmsmasters/desigNormsSet @ http://sjm.localhost:3000/_next/static/chunks/217dd_next_dist_9c560571._.js:2297
[  480818ms] [LOG] Detected Host: sjm.localhost:3000 http://sjm.localhost:3000/dashboardportal/hrmsmasters/desigNormsSet @ http://sjm.localhost:3000/_next/static/chunks/217dd_next_dist_9c560571._.js:2297
[  480818ms] [LOG] Detected Host: sjm.localhost:3000 http://sjm.localhost:3000/dashboardportal/hrmsmasters/desigNormsSet @ http://sjm.localhost:3000/_next/static/chunks/217dd_next_dist_9c560571._.js:2297
[  480843ms] [LOG] Detected Host: sjm.localhost:3000 http://sjm.localhost:3000/dashboardportal/hrmsmasters/desigNormsSet @ http://sjm.localhost:3000/_next/static/chunks/217dd_next_dist_9c560571._.js:2297
[  480844ms] [LOG] Detected Host: sjm.localhost:3000 http://sjm.localhost:3000/dashboardportal/hrmsmasters/desigNormsSet @ http://sjm.localhost:3000/_next/static/chunks/217dd_next_dist_9c560571._.js:2297
[  480899ms] [LOG] Detected Host: sjm.localhost:3000 http://sjm.localhost:3000/dashboardportal/hrmsmasters/desigNormsSet @ http://sjm.localhost:3000/_next/static/chunks/217dd_next_dist_9c560571._.js:2297
[  480900ms] [LOG] Detected Host: sjm.localhost:3000 http://sjm.localhost:3000/dashboardportal/hrmsmasters/desigNormsSet @ http://sjm.localhost:3000/_next/static/chunks/217dd_next_dist_9c560571._.js:2297
[  480918ms] [LOG] [Fast Refresh] done in 267ms @ http://sjm.localhost:3000/_next/static/chunks/217dd_next_dist_9c560571._.js:2297
[  480982ms] [LOG] Detected Host: sjm.localhost:3000 http://sjm.localhost:3000/dashboardportal/hrmsmasters/desigNormsSet @ http://sjm.localhost:3000/_next/static/chunks/217dd_next_dist_9c560571._.js:2297
[  480996ms] [LOG] Detected Host: sjm.localhost:3000 http://sjm.localhost:3000/dashboardportal/hrmsmasters/desigNormsSet @ http://sjm.localhost:3000/_next/static/chunks/217dd_next_dist_9c560571._.js:2297
[  481138ms] [LOG] Detected Host: sjm.localhost:3000 http://sjm.localhost:3000/dashboardportal/hrmsmasters/desigNormsSet @ http://sjm.localhost:3000/_next/static/chunks/217dd_next_dist_9c560571._.js:2297
[  481144ms] [LOG] Detected Host: sjm.localhost:3000 http://sjm.localhost:3000/dashboardportal/hrmsmasters/desigNormsSet @ http://sjm.localhost:3000/_next/static/chunks/217dd_next_dist_9c560571._.js:2297
[  481289ms] [LOG] Detected Host: sjm.localhost:3000 http://sjm.localhost:3000/dashboardportal/hrmsmasters/desigNormsSet @ http://sjm.localhost:3000/_next/static/chunks/217dd_next_dist_9c560571._.js:2297
[  481290ms] [LOG] Detected Host: sjm.localhost:3000 http://sjm.localhost:3000/dashboardportal/hrmsmasters/desigNormsSet @ http://sjm.localhost:3000/_next/static/chunks/217dd_next_dist_9c560571._.js:2297
[  481347ms] [LOG] Detected Host: sjm.localhost:3000 http://sjm.localhost:3000/dashboardportal/hrmsmasters/desigNormsSet @ http://sjm.localhost:3000/_next/static/chunks/217dd_next_dist_9c560571._.js:2297
[  481355ms] [LOG] Detected Host: sjm.localhost:3000 http://sjm.localhost:3000/dashboardportal/hrmsmasters/desigNormsSet @ http://sjm.localhost:3000/_next/static/chunks/217dd_next_dist_9c560571._.js:2297
[  481774ms] [LOG] Detected Host: sjm.localhost:3000 http://sjm.localhost:3000/dashboardportal/hrmsmasters/desigNormsSet @ http://sjm.localhost:3000/_next/static/chunks/217dd_next_dist_9c560571._.js:2297
[  481780ms] [LOG] Detected Host: sjm.localhost:3000 http://sjm.localhost:3000/dashboardportal/hrmsmasters/desigNormsSet @ http://sjm.localhost:3000/_next/static/chunks/217dd_next_dist_9c560571._.js:2297
[  482071ms] [LOG] [Fast Refresh] rebuilding @ http://sjm.localhost:3000/_next/static/chunks/217dd_next_dist_9c560571._.js:2297
[  482912ms] [LOG] [Fast Refresh] done in 1984ms @ http://sjm.localhost:3000/_next/static/chunks/217dd_next_dist_9c560571._.js:2297
[  483143ms] [INFO] %cDownload the React DevTools for a better development experience: https://react.dev/link/react-devtools font-weight:bold @ http://sjm.localhost:3000/_next/static/chunks/217dd_next_dist_9c560571._.js:2297
[  483186ms] [LOG] [HMR] connected @ http://sjm.localhost:3000/_next/static/chunks/217dd_next_dist_9c560571._.js:2297
[  483325ms] [LOG] Detected Host: sjm.localhost:3000 http://sjm.localhost:3000/dashboardportal/hrmsmasters/EmpRateEntry @ http://sjm.localhost:3000/_next/static/chunks/217dd_next_dist_9c560571._.js:2297
[  483326ms] [LOG] Detected Host: sjm.localhost:3000 http://sjm.localhost:3000/dashboardportal/hrmsmasters/EmpRateEntry @ http://sjm.localhost:3000/_next/static/chunks/217dd_next_dist_9c560571._.js:2297
[  483358ms] [LOG] Detected Host: sjm.localhost:3000 http://sjm.localhost:3000/dashboardportal/hrmsmasters/EmpRateEntry @ http://sjm.localhost:3000/_next/static/chunks/217dd_next_dist_9c560571._.js:2297
[  483358ms] [LOG] Detected Host: sjm.localhost:3000 http://sjm.localhost:3000/dashboardportal/hrmsmasters/EmpRateEntry @ http://sjm.localhost:3000/_next/static/chunks/217dd_next_dist_9c560571._.js:2297
[  483384ms] [LOG] Detected Host: sjm.localhost:3000 http://sjm.localhost:3000/dashboardportal/hrmsmasters/EmpRateEntry @ http://sjm.localhost:3000/_next/static/chunks/217dd_next_dist_9c560571._.js:2297
[  483385ms] [LOG] Detected Host: sjm.localhost:3000 http://sjm.localhost:3000/dashboardportal/hrmsmasters/EmpRateEntry @ http://sjm.localhost:3000/_next/static/chunks/217dd_next_dist_9c560571._.js:2297
[  483409ms] [LOG] Detected Host: sjm.localhost:3000 http://sjm.localhost:3000/dashboardportal/hrmsmasters/EmpRateEntry @ http://sjm.localhost:3000/_next/static/chunks/217dd_next_dist_9c560571._.js:2297
[  483410ms] [LOG] Detected Host: sjm.localhost:3000 http://sjm.localhost:3000/dashboardportal/hrmsmasters/EmpRateEntry @ http://sjm.localhost:3000/_next/static/chunks/217dd_next_dist_9c560571._.js:2297
[  483432ms] [LOG] Detected Host: sjm.localhost:3000 http://sjm.localhost:3000/dashboardportal/hrmsmasters/EmpRateEntry @ http://sjm.localhost:3000/_next/static/chunks/217dd_next_dist_9c560571._.js:2297
[  483432ms] [LOG] Detected Host: sjm.localhost:3000 http://sjm.localhost:3000/dashboardportal/hrmsmasters/EmpRateEntry @ http://sjm.localhost:3000/_next/static/chunks/217dd_next_dist_9c560571._.js:2297
[  483460ms] [LOG] Detected Host: sjm.localhost:3000 http://sjm.localhost:3000/dashboardportal/hrmsmasters/EmpRateEntry @ http://sjm.localhost:3000/_next/static/chunks/217dd_next_dist_9c560571._.js:2297
[  483461ms] [LOG] Detected Host: sjm.localhost:3000 http://sjm.localhost:3000/dashboardportal/hrmsmasters/EmpRateEntry @ http://sjm.localhost:3000/_next/static/chunks/217dd_next_dist_9c560571._.js:2297
[  483476ms] [LOG] [Fast Refresh] rebuilding @ http://sjm.localhost:3000/_next/static/chunks/217dd_next_dist_9c560571._.js:2297
[  483492ms] [LOG] Detected Host: sjm.localhost:3000 http://sjm.localhost:3000/dashboardportal/hrmsmasters/EmpRateEntry @ http://sjm.localhost:3000/_next/static/chunks/217dd_next_dist_9c560571._.js:2297
[  483493ms] [LOG] Detected Host: sjm.localhost:3000 http://sjm.localhost:3000/dashboardportal/hrmsmasters/EmpRateEntry @ http://sjm.localhost:3000/_next/static/chunks/217dd_next_dist_9c560571._.js:2297
[  483536ms] [LOG] [Fast Refresh] done in 166ms @ http://sjm.localhost:3000/_next/static/chunks/217dd_next_dist_9c560571._.js:2297
[  483591ms] [LOG] Detected Host: sjm.localhost:3000 http://sjm.localhost:3000/dashboardportal/hrmsmasters/EmpRateEntry @ http://sjm.localhost:3000/_next/static/chunks/217dd_next_dist_9c560571._.js:2297
[  483597ms] [LOG] Detected Host: sjm.localhost:3000 http://sjm.localhost:3000/dashboardportal/hrmsmasters/EmpRateEntry @ http://sjm.localhost:3000/_next/static/chunks/217dd_next_dist_9c560571._.js:2297
[  483704ms] [LOG] Detected Host: sjm.localhost:3000 http://sjm.localhost:3000/dashboardportal/hrmsmasters/EmpRateEntry @ http://sjm.localhost:3000/_next/static/chunks/217dd_next_dist_9c560571._.js:2297
[  483709ms] [LOG] Detected Host: sjm.localhost:3000 http://sjm.localhost:3000/dashboardportal/hrmsmasters/EmpRateEntry @ http://sjm.localhost:3000/_next/static/chunks/217dd_next_dist_9c560571._.js:2297
[  483839ms] [LOG] Detected Host: sjm.localhost:3000 http://sjm.localhost:3000/dashboardportal/hrmsmasters/EmpRateEntry @ http://sjm.localhost:3000/_next/static/chunks/217dd_next_dist_9c560571._.js:2297
[  483844ms] [LOG] Detected Host: sjm.localhost:3000 http://sjm.localhost:3000/dashboardportal/hrmsmasters/EmpRateEntry @ http://sjm.localhost:3000/_next/static/chunks/217dd_next_dist_9c560571._.js:2297
[  483936ms] [LOG] Detected Host: sjm.localhost:3000 http://sjm.localhost:3000/dashboardportal/hrmsmasters/EmpRateEntry @ http://sjm.localhost:3000/_next/static/chunks/217dd_next_dist_9c560571._.js:2297
[  483941ms] [LOG] Detected Host: sjm.localhost:3000 http://sjm.localhost:3000/dashboardportal/hrmsmasters/EmpRateEntry @ http://sjm.localhost:3000/_next/static/chunks/217dd_next_dist_9c560571._.js:2297
[  484153ms] [LOG] Detected Host: sjm.localhost:3000 http://sjm.localhost:3000/dashboardportal/hrmsmasters/EmpRateEntry @ http://sjm.localhost:3000/_next/static/chunks/217dd_next_dist_9c560571._.js:2297
[  484158ms] [LOG] Detected Host: sjm.localhost:3000 http://sjm.localhost:3000/dashboardportal/hrmsmasters/EmpRateEntry @ http://sjm.localhost:3000/_next/static/chunks/217dd_next_dist_9c560571._.js:2297
[  484449ms] [LOG] [Fast Refresh] rebuilding @ http://sjm.localhost:3000/_next/static/chunks/217dd_next_dist_9c560571._.js:2297
[  484575ms] [LOG] [Fast Refresh] done in 230ms @ http://sjm.localhost:3000/_next/static/chunks/217dd_next_dist_9c560571._.js:2297
[  484830ms] [INFO] %cDownload the React DevTools for a better development experience: https://react.dev/link/react-devtools font-weight:bold @ http://sjm.localhost:3000/_next/static/chunks/217dd_next_dist_9c560571._.js:2297
[  484870ms] [LOG] [HMR] connected @ http://sjm.localhost:3000/_next/static/chunks/217dd_next_dist_9c560571._.js:2297
[  485119ms] [LOG] Detected Host: sjm.localhost:3000 http://sjm.localhost:3000/dashboardportal/hrmsmasters/LeaveMaster @ http://sjm.localhost:3000/_next/static/chunks/217dd_next_dist_9c560571._.js:2297
[  485120ms] [LOG] Detected Host: sjm.localhost:3000 http://sjm.localhost:3000/dashboardportal/hrmsmasters/LeaveMaster @ http://sjm.localhost:3000/_next/static/chunks/217dd_next_dist_9c560571._.js:2297
[  485152ms] [LOG] Detected Host: sjm.localhost:3000 http://sjm.localhost:3000/dashboardportal/hrmsmasters/LeaveMaster @ http://sjm.localhost:3000/_next/static/chunks/217dd_next_dist_9c560571._.js:2297
[  485152ms] [LOG] Detected Host: sjm.localhost:3000 http://sjm.localhost:3000/dashboardportal/hrmsmasters/LeaveMaster @ http://sjm.localhost:3000/_next/static/chunks/217dd_next_dist_9c560571._.js:2297
[  485175ms] [LOG] Detected Host: sjm.localhost:3000 http://sjm.localhost:3000/dashboardportal/hrmsmasters/LeaveMaster @ http://sjm.localhost:3000/_next/static/chunks/217dd_next_dist_9c560571._.js:2297
[  485175ms] [LOG] Detected Host: sjm.localhost:3000 http://sjm.localhost:3000/dashboardportal/hrmsmasters/LeaveMaster @ http://sjm.localhost:3000/_next/static/chunks/217dd_next_dist_9c560571._.js:2297
[  485197ms] [LOG] Detected Host: sjm.localhost:3000 http://sjm.localhost:3000/dashboardportal/hrmsmasters/LeaveMaster @ http://sjm.localhost:3000/_next/static/chunks/217dd_next_dist_9c560571._.js:2297
[  485198ms] [LOG] Detected Host: sjm.localhost:3000 http://sjm.localhost:3000/dashboardportal/hrmsmasters/LeaveMaster @ http://sjm.localhost:3000/_next/static/chunks/217dd_next_dist_9c560571._.js:2297
[  485226ms] [LOG] Detected Host: sjm.localhost:3000 http://sjm.localhost:3000/dashboardportal/hrmsmasters/LeaveMaster @ http://sjm.localhost:3000/_next/static/chunks/217dd_next_dist_9c560571._.js:2297
[  485226ms] [LOG] Detected Host: sjm.localhost:3000 http://sjm.localhost:3000/dashboardportal/hrmsmasters/LeaveMaster @ http://sjm.localhost:3000/_next/static/chunks/217dd_next_dist_9c560571._.js:2297
[  485246ms] [LOG] Detected Host: sjm.localhost:3000 http://sjm.localhost:3000/dashboardportal/hrmsmasters/LeaveMaster @ http://sjm.localhost:3000/_next/static/chunks/217dd_next_dist_9c560571._.js:2297
[  485247ms] [LOG] Detected Host: sjm.localhost:3000 http://sjm.localhost:3000/dashboardportal/hrmsmasters/LeaveMaster @ http://sjm.localhost:3000/_next/static/chunks/217dd_next_dist_9c560571._.js:2297
[  485269ms] [LOG] Detected Host: sjm.localhost:3000 http://sjm.localhost:3000/dashboardportal/hrmsmasters/LeaveMaster @ http://sjm.localhost:3000/_next/static/chunks/217dd_next_dist_9c560571._.js:2297
[  485270ms] [LOG] Detected Host: sjm.localhost:3000 http://sjm.localhost:3000/dashboardportal/hrmsmasters/LeaveMaster @ http://sjm.localhost:3000/_next/static/chunks/217dd_next_dist_9c560571._.js:2297
[  485282ms] [LOG] [Fast Refresh] rebuilding @ http://sjm.localhost:3000/_next/static/chunks/217dd_next_dist_9c560571._.js:2297
[  485296ms] [LOG] [Fast Refresh] done in 121ms @ http://sjm.localhost:3000/_next/static/chunks/217dd_next_dist_9c560571._.js:2297
[  485301ms] [LOG] Detected Host: sjm.localhost:3000 http://sjm.localhost:3000/dashboardportal/hrmsmasters/LeaveMaster @ http://sjm.localhost:3000/_next/static/chunks/217dd_next_dist_9c560571._.js:2297
[  485302ms] [LOG] Detected Host: sjm.localhost:3000 http://sjm.localhost:3000/dashboardportal/hrmsmasters/LeaveMaster @ http://sjm.localhost:3000/_next/static/chunks/217dd_next_dist_9c560571._.js:2297
[  485331ms] [LOG] Detected Host: sjm.localhost:3000 http://sjm.localhost:3000/dashboardportal/hrmsmasters/LeaveMaster @ http://sjm.localhost:3000/_next/static/chunks/217dd_next_dist_9c560571._.js:2297
[  485332ms] [LOG] Detected Host: sjm.localhost:3000 http://sjm.localhost:3000/dashboardportal/hrmsmasters/LeaveMaster @ http://sjm.localhost:3000/_next/static/chunks/217dd_next_dist_9c560571._.js:2297
[  485363ms] [LOG] Detected Host: sjm.localhost:3000 http://sjm.localhost:3000/dashboardportal/hrmsmasters/LeaveMaster @ http://sjm.localhost:3000/_next/static/chunks/217dd_next_dist_9c560571._.js:2297
[  485363ms] [LOG] Detected Host: sjm.localhost:3000 http://sjm.localhost:3000/dashboardportal/hrmsmasters/LeaveMaster @ http://sjm.localhost:3000/_next/static/chunks/217dd_next_dist_9c560571._.js:2297
[  485442ms] [LOG] Detected Host: sjm.localhost:3000 http://sjm.localhost:3000/dashboardportal/hrmsmasters/LeaveMaster @ http://sjm.localhost:3000/_next/static/chunks/217dd_next_dist_9c560571._.js:2297
[  485452ms] [LOG] Detected Host: sjm.localhost:3000 http://sjm.localhost:3000/dashboardportal/hrmsmasters/LeaveMaster @ http://sjm.localhost:3000/_next/static/chunks/217dd_next_dist_9c560571._.js:2297
[  485614ms] [LOG] Detected Host: sjm.localhost:3000 http://sjm.localhost:3000/dashboardportal/hrmsmasters/LeaveMaster @ http://sjm.localhost:3000/_next/static/chunks/217dd_next_dist_9c560571._.js:2297
[  485623ms] [LOG] Detected Host: sjm.localhost:3000 http://sjm.localhost:3000/dashboardportal/hrmsmasters/LeaveMaster @ http://sjm.localhost:3000/_next/static/chunks/217dd_next_dist_9c560571._.js:2297
[  485760ms] [LOG] Detected Host: sjm.localhost:3000 http://sjm.localhost:3000/dashboardportal/hrmsmasters/LeaveMaster @ http://sjm.localhost:3000/_next/static/chunks/217dd_next_dist_9c560571._.js:2297
[  485765ms] [LOG] Detected Host: sjm.localhost:3000 http://sjm.localhost:3000/dashboardportal/hrmsmasters/LeaveMaster @ http://sjm.localhost:3000/_next/static/chunks/217dd_next_dist_9c560571._.js:2297
[  485857ms] [LOG] Detected Host: sjm.localhost:3000 http://sjm.localhost:3000/dashboardportal/hrmsmasters/LeaveMaster @ http://sjm.localhost:3000/_next/static/chunks/217dd_next_dist_9c560571._.js:2297
[  485864ms] [LOG] Detected Host: sjm.localhost:3000 http://sjm.localhost:3000/dashboardportal/hrmsmasters/LeaveMaster @ http://sjm.localhost:3000/_next/static/chunks/217dd_next_dist_9c560571._.js:2297
[  486031ms] [LOG] Detected Host: sjm.localhost:3000 http://sjm.localhost:3000/dashboardportal/hrmsmasters/LeaveMaster @ http://sjm.localhost:3000/_next/static/chunks/217dd_next_dist_9c560571._.js:2297
[  486037ms] [LOG] Detected Host: sjm.localhost:3000 http://sjm.localhost:3000/dashboardportal/hrmsmasters/LeaveMaster @ http://sjm.localhost:3000/_next/static/chunks/217dd_next_dist_9c560571._.js:2297
[  486324ms] [LOG] [Fast Refresh] rebuilding @ http://sjm.localhost:3000/_next/static/chunks/217dd_next_dist_9c560571._.js:2297
[  487505ms] [LOG] [Fast Refresh] done in 1282ms @ http://sjm.localhost:3000/_next/static/chunks/217dd_next_dist_9c560571._.js:2297
[  487744ms] [INFO] %cDownload the React DevTools for a better development experience: https://react.dev/link/react-devtools font-weight:bold @ http://sjm.localhost:3000/_next/static/chunks/217dd_next_dist_9c560571._.js:2297
[  487793ms] [LOG] [HMR] connected @ http://sjm.localhost:3000/_next/static/chunks/217dd_next_dist_9c560571._.js:2297
[  487907ms] [LOG] Detected Host: sjm.localhost:3000 http://sjm.localhost:3000/dashboardportal/hrmsmasters/manmachinemst @ http://sjm.localhost:3000/_next/static/chunks/217dd_next_dist_9c560571._.js:2297
[  487908ms] [LOG] Detected Host: sjm.localhost:3000 http://sjm.localhost:3000/dashboardportal/hrmsmasters/manmachinemst @ http://sjm.localhost:3000/_next/static/chunks/217dd_next_dist_9c560571._.js:2297
[  487936ms] [LOG] Detected Host: sjm.localhost:3000 http://sjm.localhost:3000/dashboardportal/hrmsmasters/manmachinemst @ http://sjm.localhost:3000/_next/static/chunks/217dd_next_dist_9c560571._.js:2297
[  487937ms] [LOG] Detected Host: sjm.localhost:3000 http://sjm.localhost:3000/dashboardportal/hrmsmasters/manmachinemst @ http://sjm.localhost:3000/_next/static/chunks/217dd_next_dist_9c560571._.js:2297
[  487958ms] [LOG] Detected Host: sjm.localhost:3000 http://sjm.localhost:3000/dashboardportal/hrmsmasters/manmachinemst @ http://sjm.localhost:3000/_next/static/chunks/217dd_next_dist_9c560571._.js:2297
[  487958ms] [LOG] Detected Host: sjm.localhost:3000 http://sjm.localhost:3000/dashboardportal/hrmsmasters/manmachinemst @ http://sjm.localhost:3000/_next/static/chunks/217dd_next_dist_9c560571._.js:2297
[  487983ms] [LOG] Detected Host: sjm.localhost:3000 http://sjm.localhost:3000/dashboardportal/hrmsmasters/manmachinemst @ http://sjm.localhost:3000/_next/static/chunks/217dd_next_dist_9c560571._.js:2297
[  487984ms] [LOG] Detected Host: sjm.localhost:3000 http://sjm.localhost:3000/dashboardportal/hrmsmasters/manmachinemst @ http://sjm.localhost:3000/_next/static/chunks/217dd_next_dist_9c560571._.js:2297
[  488008ms] [LOG] Detected Host: sjm.localhost:3000 http://sjm.localhost:3000/dashboardportal/hrmsmasters/manmachinemst @ http://sjm.localhost:3000/_next/static/chunks/217dd_next_dist_9c560571._.js:2297
[  488008ms] [LOG] Detected Host: sjm.localhost:3000 http://sjm.localhost:3000/dashboardportal/hrmsmasters/manmachinemst @ http://sjm.localhost:3000/_next/static/chunks/217dd_next_dist_9c560571._.js:2297
[  488033ms] [LOG] Detected Host: sjm.localhost:3000 http://sjm.localhost:3000/dashboardportal/hrmsmasters/manmachinemst @ http://sjm.localhost:3000/_next/static/chunks/217dd_next_dist_9c560571._.js:2297
[  488033ms] [LOG] Detected Host: sjm.localhost:3000 http://sjm.localhost:3000/dashboardportal/hrmsmasters/manmachinemst @ http://sjm.localhost:3000/_next/static/chunks/217dd_next_dist_9c560571._.js:2297
[  488059ms] [LOG] Detected Host: sjm.localhost:3000 http://sjm.localhost:3000/dashboardportal/hrmsmasters/manmachinemst @ http://sjm.localhost:3000/_next/static/chunks/217dd_next_dist_9c560571._.js:2297
[  488060ms] [LOG] Detected Host: sjm.localhost:3000 http://sjm.localhost:3000/dashboardportal/hrmsmasters/manmachinemst @ http://sjm.localhost:3000/_next/static/chunks/217dd_next_dist_9c560571._.js:2297
[  488063ms] [LOG] [Fast Refresh] rebuilding @ http://sjm.localhost:3000/_next/static/chunks/217dd_next_dist_9c560571._.js:2297
[  488085ms] [LOG] Detected Host: sjm.localhost:3000 http://sjm.localhost:3000/dashboardportal/hrmsmasters/manmachinemst @ http://sjm.localhost:3000/_next/static/chunks/217dd_next_dist_9c560571._.js:2297
[  488086ms] [LOG] Detected Host: sjm.localhost:3000 http://sjm.localhost:3000/dashboardportal/hrmsmasters/manmachinemst @ http://sjm.localhost:3000/_next/static/chunks/217dd_next_dist_9c560571._.js:2297
[  488134ms] [LOG] [Fast Refresh] done in 177ms @ http://sjm.localhost:3000/_next/static/chunks/217dd_next_dist_9c560571._.js:2297
[  488176ms] [LOG] Detected Host: sjm.localhost:3000 http://sjm.localhost:3000/dashboardportal/hrmsmasters/manmachinemst @ http://sjm.localhost:3000/_next/static/chunks/217dd_next_dist_9c560571._.js:2297
[  488182ms] [LOG] Detected Host: sjm.localhost:3000 http://sjm.localhost:3000/dashboardportal/hrmsmasters/manmachinemst @ http://sjm.localhost:3000/_next/static/chunks/217dd_next_dist_9c560571._.js:2297
[  488305ms] [LOG] Detected Host: sjm.localhost:3000 http://sjm.localhost:3000/dashboardportal/hrmsmasters/manmachinemst @ http://sjm.localhost:3000/_next/static/chunks/217dd_next_dist_9c560571._.js:2297
[  488311ms] [LOG] Detected Host: sjm.localhost:3000 http://sjm.localhost:3000/dashboardportal/hrmsmasters/manmachinemst @ http://sjm.localhost:3000/_next/static/chunks/217dd_next_dist_9c560571._.js:2297
[  488425ms] [LOG] Detected Host: sjm.localhost:3000 http://sjm.localhost:3000/dashboardportal/hrmsmasters/manmachinemst @ http://sjm.localhost:3000/_next/static/chunks/217dd_next_dist_9c560571._.js:2297
[  488432ms] [LOG] Detected Host: sjm.localhost:3000 http://sjm.localhost:3000/dashboardportal/hrmsmasters/manmachinemst @ http://sjm.localhost:3000/_next/static/chunks/217dd_next_dist_9c560571._.js:2297
[  488510ms] [LOG] Detected Host: sjm.localhost:3000 http://sjm.localhost:3000/dashboardportal/hrmsmasters/manmachinemst @ http://sjm.localhost:3000/_next/static/chunks/217dd_next_dist_9c560571._.js:2297
[  488517ms] [LOG] Detected Host: sjm.localhost:3000 http://sjm.localhost:3000/dashboardportal/hrmsmasters/manmachinemst @ http://sjm.localhost:3000/_next/static/chunks/217dd_next_dist_9c560571._.js:2297
[  488761ms] [LOG] Detected Host: sjm.localhost:3000 http://sjm.localhost:3000/dashboardportal/hrmsmasters/manmachinemst @ http://sjm.localhost:3000/_next/static/chunks/217dd_next_dist_9c560571._.js:2297
[  488766ms] [LOG] Detected Host: sjm.localhost:3000 http://sjm.localhost:3000/dashboardportal/hrmsmasters/manmachinemst @ http://sjm.localhost:3000/_next/static/chunks/217dd_next_dist_9c560571._.js:2297
[  489073ms] [ERROR] Failed to load resource: the server responded with a status of 404 (Not Found) @ http://sjm.localhost:3000/dashboardportal/hrmsreports:0
[  489241ms] [INFO] %cDownload the React DevTools for a better development experience: https://react.dev/link/react-devtools font-weight:bold @ http://sjm.localhost:3000/_next/static/chunks/217dd_next_dist_9c560571._.js:2297
[  489268ms] [LOG] [HMR] connected @ http://sjm.localhost:3000/_next/static/chunks/217dd_next_dist_9c560571._.js:2297
[  489410ms] [LOG] [Fast Refresh] rebuilding @ http://sjm.localhost:3000/_next/static/chunks/217dd_next_dist_9c560571._.js:2297
[  489459ms] [LOG] [Fast Refresh] done in 151ms @ http://sjm.localhost:3000/_next/static/chunks/217dd_next_dist_9c560571._.js:2297
[  489568ms] [LOG] [Fast Refresh] rebuilding @ http://sjm.localhost:3000/_next/static/chunks/217dd_next_dist_9c560571._.js:2297
[  489975ms] [ERROR] Failed to load resource: the server responded with a status of 404 (Not Found) @ http://sjm.localhost:3000/dashboardportal/hrmsreports/empAbsentReport:0
[  490174ms] [INFO] %cDownload the React DevTools for a better development experience: https://react.dev/link/react-devtools font-weight:bold @ http://sjm.localhost:3000/_next/static/chunks/217dd_next_dist_9c560571._.js:2297
[  490197ms] [LOG] [HMR] connected @ http://sjm.localhost:3000/_next/static/chunks/217dd_next_dist_9c560571._.js:2297
[  490360ms] [LOG] [Fast Refresh] rebuilding @ http://sjm.localhost:3000/_next/static/chunks/217dd_next_dist_9c560571._.js:2297
[  496088ms] [INFO] %cDownload the React DevTools for a better development experience: https://react.dev/link/react-devtools font-weight:bold @ http://sjm.localhost:3000/_next/static/chunks/217dd_next_dist_9c560571._.js:2297
[  496129ms] [LOG] [HMR] connected @ http://sjm.localhost:3000/_next/static/chunks/217dd_next_dist_9c560571._.js:2297
[  496313ms] [LOG] Detected Host: sjm.localhost:3000 http://sjm.localhost:3000/dashboardportal/hrmsreports/empAttendanceReport @ http://sjm.localhost:3000/_next/static/chunks/217dd_next_dist_9c560571._.js:2297
[  496314ms] [LOG] Detected Host: sjm.localhost:3000 http://sjm.localhost:3000/dashboardportal/hrmsreports/empAttendanceReport @ http://sjm.localhost:3000/_next/static/chunks/217dd_next_dist_9c560571._.js:2297
[  496341ms] [LOG] Detected Host: sjm.localhost:3000 http://sjm.localhost:3000/dashboardportal/hrmsreports/empAttendanceReport @ http://sjm.localhost:3000/_next/static/chunks/217dd_next_dist_9c560571._.js:2297
[  496342ms] [LOG] Detected Host: sjm.localhost:3000 http://sjm.localhost:3000/dashboardportal/hrmsreports/empAttendanceReport @ http://sjm.localhost:3000/_next/static/chunks/217dd_next_dist_9c560571._.js:2297
[  496371ms] [LOG] Detected Host: sjm.localhost:3000 http://sjm.localhost:3000/dashboardportal/hrmsreports/empAttendanceReport @ http://sjm.localhost:3000/_next/static/chunks/217dd_next_dist_9c560571._.js:2297
[  496371ms] [LOG] Detected Host: sjm.localhost:3000 http://sjm.localhost:3000/dashboardportal/hrmsreports/empAttendanceReport @ http://sjm.localhost:3000/_next/static/chunks/217dd_next_dist_9c560571._.js:2297
[  496427ms] [LOG] Detected Host: sjm.localhost:3000 http://sjm.localhost:3000/dashboardportal/hrmsreports/empAttendanceReport @ http://sjm.localhost:3000/_next/static/chunks/217dd_next_dist_9c560571._.js:2297
[  496428ms] [LOG] Detected Host: sjm.localhost:3000 http://sjm.localhost:3000/dashboardportal/hrmsreports/empAttendanceReport @ http://sjm.localhost:3000/_next/static/chunks/217dd_next_dist_9c560571._.js:2297
[  496454ms] [LOG] Detected Host: sjm.localhost:3000 http://sjm.localhost:3000/dashboardportal/hrmsreports/empAttendanceReport @ http://sjm.localhost:3000/_next/static/chunks/217dd_next_dist_9c560571._.js:2297
[  496455ms] [LOG] Detected Host: sjm.localhost:3000 http://sjm.localhost:3000/dashboardportal/hrmsreports/empAttendanceReport @ http://sjm.localhost:3000/_next/static/chunks/217dd_next_dist_9c560571._.js:2297
[  496478ms] [LOG] Detected Host: sjm.localhost:3000 http://sjm.localhost:3000/dashboardportal/hrmsreports/empAttendanceReport @ http://sjm.localhost:3000/_next/static/chunks/217dd_next_dist_9c560571._.js:2297
[  496479ms] [LOG] Detected Host: sjm.localhost:3000 http://sjm.localhost:3000/dashboardportal/hrmsreports/empAttendanceReport @ http://sjm.localhost:3000/_next/static/chunks/217dd_next_dist_9c560571._.js:2297
[  496503ms] [LOG] Detected Host: sjm.localhost:3000 http://sjm.localhost:3000/dashboardportal/hrmsreports/empAttendanceReport @ http://sjm.localhost:3000/_next/static/chunks/217dd_next_dist_9c560571._.js:2297
[  496504ms] [LOG] Detected Host: sjm.localhost:3000 http://sjm.localhost:3000/dashboardportal/hrmsreports/empAttendanceReport @ http://sjm.localhost:3000/_next/static/chunks/217dd_next_dist_9c560571._.js:2297
[  496608ms] [LOG] Detected Host: sjm.localhost:3000 http://sjm.localhost:3000/dashboardportal/hrmsreports/empAttendanceReport @ http://sjm.localhost:3000/_next/static/chunks/217dd_next_dist_9c560571._.js:2297
[  496609ms] [LOG] Detected Host: sjm.localhost:3000 http://sjm.localhost:3000/dashboardportal/hrmsreports/empAttendanceReport @ http://sjm.localhost:3000/_next/static/chunks/217dd_next_dist_9c560571._.js:2297
[  496679ms] [LOG] Detected Host: sjm.localhost:3000 http://sjm.localhost:3000/dashboardportal/hrmsreports/empAttendanceReport @ http://sjm.localhost:3000/_next/static/chunks/217dd_next_dist_9c560571._.js:2297
[  496685ms] [LOG] Detected Host: sjm.localhost:3000 http://sjm.localhost:3000/dashboardportal/hrmsreports/empAttendanceReport @ http://sjm.localhost:3000/_next/static/chunks/217dd_next_dist_9c560571._.js:2297
[  496798ms] [LOG] Detected Host: sjm.localhost:3000 http://sjm.localhost:3000/dashboardportal/hrmsreports/empAttendanceReport @ http://sjm.localhost:3000/_next/static/chunks/217dd_next_dist_9c560571._.js:2297
[  496807ms] [LOG] Detected Host: sjm.localhost:3000 http://sjm.localhost:3000/dashboardportal/hrmsreports/empAttendanceReport @ http://sjm.localhost:3000/_next/static/chunks/217dd_next_dist_9c560571._.js:2297
[  496982ms] [LOG] Detected Host: sjm.localhost:3000 http://sjm.localhost:3000/dashboardportal/hrmsreports/empAttendanceReport @ http://sjm.localhost:3000/_next/static/chunks/217dd_next_dist_9c560571._.js:2297
[  496988ms] [LOG] Detected Host: sjm.localhost:3000 http://sjm.localhost:3000/dashboardportal/hrmsreports/empAttendanceReport @ http://sjm.localhost:3000/_next/static/chunks/217dd_next_dist_9c560571._.js:2297
[  497211ms] [LOG] Detected Host: sjm.localhost:3000 http://sjm.localhost:3000/dashboardportal/hrmsreports/empAttendanceReport @ http://sjm.localhost:3000/_next/static/chunks/217dd_next_dist_9c560571._.js:2297
[  497216ms] [LOG] Detected Host: sjm.localhost:3000 http://sjm.localhost:3000/dashboardportal/hrmsreports/empAttendanceReport @ http://sjm.localhost:3000/_next/static/chunks/217dd_next_dist_9c560571._.js:2297
[  497384ms] [LOG] Detected Host: sjm.localhost:3000 http://sjm.localhost:3000/dashboardportal/hrmsreports/empAttendanceReport @ http://sjm.localhost:3000/_next/static/chunks/217dd_next_dist_9c560571._.js:2297
[  497387ms] [LOG] Detected Host: sjm.localhost:3000 http://sjm.localhost:3000/dashboardportal/hrmsreports/empAttendanceReport @ http://sjm.localhost:3000/_next/static/chunks/217dd_next_dist_9c560571._.js:2297
[  497640ms] [ERROR] Failed to load resource: the server responded with a status of 404 (Not Found) @ http://sjm.localhost:3000/dashboardportal/hrmsreports/empProdEffReport:0
[  497792ms] [INFO] %cDownload the React DevTools for a better development experience: https://react.dev/link/react-devtools font-weight:bold @ http://sjm.localhost:3000/_next/static/chunks/217dd_next_dist_9c560571._.js:2297
[  497820ms] [LOG] [HMR] connected @ http://sjm.localhost:3000/_next/static/chunks/217dd_next_dist_9c560571._.js:2297
[  497994ms] [LOG] [Fast Refresh] rebuilding @ http://sjm.localhost:3000/_next/static/chunks/217dd_next_dist_9c560571._.js:2297
[  498046ms] [LOG] [Fast Refresh] done in 165ms @ http://sjm.localhost:3000/_next/static/chunks/217dd_next_dist_9c560571._.js:2297
[  498158ms] [LOG] [Fast Refresh] rebuilding @ http://sjm.localhost:3000/_next/static/chunks/217dd_next_dist_9c560571._.js:2297
[  498212ms] [LOG] [Fast Refresh] done in 165ms @ http://sjm.localhost:3000/_next/static/chunks/217dd_next_dist_9c560571._.js:2297
[  498376ms] [LOG] [Fast Refresh] rebuilding @ http://sjm.localhost:3000/_next/static/chunks/217dd_next_dist_9c560571._.js:2297
[  500634ms] [INFO] %cDownload the React DevTools for a better development experience: https://react.dev/link/react-devtools font-weight:bold @ http://sjm.localhost:3000/_next/static/chunks/217dd_next_dist_9c560571._.js:2297
[  500673ms] [LOG] [HMR] connected @ http://sjm.localhost:3000/_next/static/chunks/217dd_next_dist_9c560571._.js:2297
[  500806ms] [LOG] Detected Host: sjm.localhost:3000 http://sjm.localhost:3000/dashboardportal/hrmsreports/empWagesReport @ http://sjm.localhost:3000/_next/static/chunks/217dd_next_dist_9c560571._.js:2297
[  500807ms] [LOG] Detected Host: sjm.localhost:3000 http://sjm.localhost:3000/dashboardportal/hrmsreports/empWagesReport @ http://sjm.localhost:3000/_next/static/chunks/217dd_next_dist_9c560571._.js:2297
[  500834ms] [LOG] Detected Host: sjm.localhost:3000 http://sjm.localhost:3000/dashboardportal/hrmsreports/empWagesReport @ http://sjm.localhost:3000/_next/static/chunks/217dd_next_dist_9c560571._.js:2297
[  500835ms] [LOG] Detected Host: sjm.localhost:3000 http://sjm.localhost:3000/dashboardportal/hrmsreports/empWagesReport @ http://sjm.localhost:3000/_next/static/chunks/217dd_next_dist_9c560571._.js:2297
[  500862ms] [LOG] Detected Host: sjm.localhost:3000 http://sjm.localhost:3000/dashboardportal/hrmsreports/empWagesReport @ http://sjm.localhost:3000/_next/static/chunks/217dd_next_dist_9c560571._.js:2297
[  500862ms] [LOG] Detected Host: sjm.localhost:3000 http://sjm.localhost:3000/dashboardportal/hrmsreports/empWagesReport @ http://sjm.localhost:3000/_next/static/chunks/217dd_next_dist_9c560571._.js:2297
[  500882ms] [LOG] Detected Host: sjm.localhost:3000 http://sjm.localhost:3000/dashboardportal/hrmsreports/empWagesReport @ http://sjm.localhost:3000/_next/static/chunks/217dd_next_dist_9c560571._.js:2297
[  500883ms] [LOG] Detected Host: sjm.localhost:3000 http://sjm.localhost:3000/dashboardportal/hrmsreports/empWagesReport @ http://sjm.localhost:3000/_next/static/chunks/217dd_next_dist_9c560571._.js:2297
[  500905ms] [LOG] Detected Host: sjm.localhost:3000 http://sjm.localhost:3000/dashboardportal/hrmsreports/empWagesReport @ http://sjm.localhost:3000/_next/static/chunks/217dd_next_dist_9c560571._.js:2297
[  500906ms] [LOG] Detected Host: sjm.localhost:3000 http://sjm.localhost:3000/dashboardportal/hrmsreports/empWagesReport @ http://sjm.localhost:3000/_next/static/chunks/217dd_next_dist_9c560571._.js:2297
[  500927ms] [LOG] Detected Host: sjm.localhost:3000 http://sjm.localhost:3000/dashboardportal/hrmsreports/empWagesReport @ http://sjm.localhost:3000/_next/static/chunks/217dd_next_dist_9c560571._.js:2297
[  500928ms] [LOG] Detected Host: sjm.localhost:3000 http://sjm.localhost:3000/dashboardportal/hrmsreports/empWagesReport @ http://sjm.localhost:3000/_next/static/chunks/217dd_next_dist_9c560571._.js:2297
[  501029ms] [LOG] Detected Host: sjm.localhost:3000 http://sjm.localhost:3000/dashboardportal/hrmsreports/empWagesReport @ http://sjm.localhost:3000/_next/static/chunks/217dd_next_dist_9c560571._.js:2297
[  501035ms] [LOG] Detected Host: sjm.localhost:3000 http://sjm.localhost:3000/dashboardportal/hrmsreports/empWagesReport @ http://sjm.localhost:3000/_next/static/chunks/217dd_next_dist_9c560571._.js:2297
[  501233ms] [LOG] Detected Host: sjm.localhost:3000 http://sjm.localhost:3000/dashboardportal/hrmsreports/empWagesReport @ http://sjm.localhost:3000/_next/static/chunks/217dd_next_dist_9c560571._.js:2297
[  501238ms] [LOG] Detected Host: sjm.localhost:3000 http://sjm.localhost:3000/dashboardportal/hrmsreports/empWagesReport @ http://sjm.localhost:3000/_next/static/chunks/217dd_next_dist_9c560571._.js:2297
[  501372ms] [LOG] Detected Host: sjm.localhost:3000 http://sjm.localhost:3000/dashboardportal/hrmsreports/empWagesReport @ http://sjm.localhost:3000/_next/static/chunks/217dd_next_dist_9c560571._.js:2297
[  501377ms] [LOG] Detected Host: sjm.localhost:3000 http://sjm.localhost:3000/dashboardportal/hrmsreports/empWagesReport @ http://sjm.localhost:3000/_next/static/chunks/217dd_next_dist_9c560571._.js:2297
[  501568ms] [LOG] Detected Host: sjm.localhost:3000 http://sjm.localhost:3000/dashboardportal/hrmsreports/empWagesReport @ http://sjm.localhost:3000/_next/static/chunks/217dd_next_dist_9c560571._.js:2297
[  501572ms] [LOG] Detected Host: sjm.localhost:3000 http://sjm.localhost:3000/dashboardportal/hrmsreports/empWagesReport @ http://sjm.localhost:3000/_next/static/chunks/217dd_next_dist_9c560571._.js:2297
[  501746ms] [LOG] Detected Host: sjm.localhost:3000 http://sjm.localhost:3000/dashboardportal/hrmsreports/empWagesReport @ http://sjm.localhost:3000/_next/static/chunks/217dd_next_dist_9c560571._.js:2297
[  501749ms] [LOG] Detected Host: sjm.localhost:3000 http://sjm.localhost:3000/dashboardportal/hrmsreports/empWagesReport @ http://sjm.localhost:3000/_next/static/chunks/217dd_next_dist_9c560571._.js:2297
[  501992ms] [LOG] [Fast Refresh] rebuilding @ http://sjm.localhost:3000/_next/static/chunks/217dd_next_dist_9c560571._.js:2297
[  502817ms] [LOG] [Fast Refresh] done in 931ms @ http://sjm.localhost:3000/_next/static/chunks/217dd_next_dist_9c560571._.js:2297
[  503055ms] [INFO] %cDownload the React DevTools for a better development experience: https://react.dev/link/react-devtools font-weight:bold @ http://sjm.localhost:3000/_next/static/chunks/217dd_next_dist_9c560571._.js:2297
[  503094ms] [LOG] [HMR] connected @ http://sjm.localhost:3000/_next/static/chunks/217dd_next_dist_9c560571._.js:2297
[  503216ms] [LOG] Detected Host: sjm.localhost:3000 http://sjm.localhost:3000/dashboardportal/inventory @ http://sjm.localhost:3000/_next/static/chunks/217dd_next_dist_9c560571._.js:2297
[  503216ms] [LOG] Detected Host: sjm.localhost:3000 http://sjm.localhost:3000/dashboardportal/inventory @ http://sjm.localhost:3000/_next/static/chunks/217dd_next_dist_9c560571._.js:2297
[  503238ms] [LOG] Detected Host: sjm.localhost:3000 http://sjm.localhost:3000/dashboardportal/inventory @ http://sjm.localhost:3000/_next/static/chunks/217dd_next_dist_9c560571._.js:2297
[  503246ms] [LOG] Detected Host: sjm.localhost:3000 http://sjm.localhost:3000/dashboardportal/inventory @ http://sjm.localhost:3000/_next/static/chunks/217dd_next_dist_9c560571._.js:2297
[  503269ms] [LOG] Detected Host: sjm.localhost:3000 http://sjm.localhost:3000/dashboardportal/inventory @ http://sjm.localhost:3000/_next/static/chunks/217dd_next_dist_9c560571._.js:2297
[  503275ms] [LOG] Detected Host: sjm.localhost:3000 http://sjm.localhost:3000/dashboardportal/inventory @ http://sjm.localhost:3000/_next/static/chunks/217dd_next_dist_9c560571._.js:2297
[  503301ms] [LOG] Detected Host: sjm.localhost:3000 http://sjm.localhost:3000/dashboardportal/inventory @ http://sjm.localhost:3000/_next/static/chunks/217dd_next_dist_9c560571._.js:2297
[  503307ms] [LOG] Detected Host: sjm.localhost:3000 http://sjm.localhost:3000/dashboardportal/inventory @ http://sjm.localhost:3000/_next/static/chunks/217dd_next_dist_9c560571._.js:2297
[  503331ms] [LOG] Detected Host: sjm.localhost:3000 http://sjm.localhost:3000/dashboardportal/inventory @ http://sjm.localhost:3000/_next/static/chunks/217dd_next_dist_9c560571._.js:2297
[  503334ms] [LOG] Detected Host: sjm.localhost:3000 http://sjm.localhost:3000/dashboardportal/inventory @ http://sjm.localhost:3000/_next/static/chunks/217dd_next_dist_9c560571._.js:2297
[  503346ms] [LOG] [Fast Refresh] rebuilding @ http://sjm.localhost:3000/_next/static/chunks/217dd_next_dist_9c560571._.js:2297
[  503349ms] [LOG] Detected Host: sjm.localhost:3000 http://sjm.localhost:3000/dashboardportal/inventory @ http://sjm.localhost:3000/_next/static/chunks/217dd_next_dist_9c560571._.js:2297
[  503353ms] [LOG] Detected Host: sjm.localhost:3000 http://sjm.localhost:3000/dashboardportal/inventory @ http://sjm.localhost:3000/_next/static/chunks/217dd_next_dist_9c560571._.js:2297
[  503526ms] [LOG] [Fast Refresh] done in 355ms @ http://sjm.localhost:3000/_next/static/chunks/217dd_next_dist_9c560571._.js:2297
[  503760ms] [LOG] [Fast Refresh] rebuilding @ http://sjm.localhost:3000/_next/static/chunks/217dd_next_dist_9c560571._.js:2297
[  505371ms] [LOG] [Fast Refresh] done in 1726ms @ http://sjm.localhost:3000/_next/static/chunks/217dd_next_dist_9c560571._.js:2297
[  505612ms] [INFO] %cDownload the React DevTools for a better development experience: https://react.dev/link/react-devtools font-weight:bold @ http://sjm.localhost:3000/_next/static/chunks/217dd_next_dist_9c560571._.js:2297
[  505662ms] [LOG] [HMR] connected @ http://sjm.localhost:3000/_next/static/chunks/217dd_next_dist_9c560571._.js:2297
[  505913ms] [LOG] Detected Host: sjm.localhost:3000 http://sjm.localhost:3000/dashboardportal/inventory/issue @ http://sjm.localhost:3000/_next/static/chunks/217dd_next_dist_9c560571._.js:2297
[  505914ms] [LOG] Detected Host: sjm.localhost:3000 http://sjm.localhost:3000/dashboardportal/inventory/issue @ http://sjm.localhost:3000/_next/static/chunks/217dd_next_dist_9c560571._.js:2297
[  505943ms] [LOG] Detected Host: sjm.localhost:3000 http://sjm.localhost:3000/dashboardportal/inventory/issue @ http://sjm.localhost:3000/_next/static/chunks/217dd_next_dist_9c560571._.js:2297
[  505944ms] [LOG] Detected Host: sjm.localhost:3000 http://sjm.localhost:3000/dashboardportal/inventory/issue @ http://sjm.localhost:3000/_next/static/chunks/217dd_next_dist_9c560571._.js:2297
[  505966ms] [LOG] Detected Host: sjm.localhost:3000 http://sjm.localhost:3000/dashboardportal/inventory/issue @ http://sjm.localhost:3000/_next/static/chunks/217dd_next_dist_9c560571._.js:2297
[  505967ms] [LOG] Detected Host: sjm.localhost:3000 http://sjm.localhost:3000/dashboardportal/inventory/issue @ http://sjm.localhost:3000/_next/static/chunks/217dd_next_dist_9c560571._.js:2297
[  505993ms] [LOG] Detected Host: sjm.localhost:3000 http://sjm.localhost:3000/dashboardportal/inventory/issue @ http://sjm.localhost:3000/_next/static/chunks/217dd_next_dist_9c560571._.js:2297
[  505994ms] [LOG] Detected Host: sjm.localhost:3000 http://sjm.localhost:3000/dashboardportal/inventory/issue @ http://sjm.localhost:3000/_next/static/chunks/217dd_next_dist_9c560571._.js:2297
[  506019ms] [LOG] Detected Host: sjm.localhost:3000 http://sjm.localhost:3000/dashboardportal/inventory/issue @ http://sjm.localhost:3000/_next/static/chunks/217dd_next_dist_9c560571._.js:2297
[  506020ms] [LOG] Detected Host: sjm.localhost:3000 http://sjm.localhost:3000/dashboardportal/inventory/issue @ http://sjm.localhost:3000/_next/static/chunks/217dd_next_dist_9c560571._.js:2297
[  506055ms] [LOG] Detected Host: sjm.localhost:3000 http://sjm.localhost:3000/dashboardportal/inventory/issue @ http://sjm.localhost:3000/_next/static/chunks/217dd_next_dist_9c560571._.js:2297
[  506057ms] [LOG] Detected Host: sjm.localhost:3000 http://sjm.localhost:3000/dashboardportal/inventory/issue @ http://sjm.localhost:3000/_next/static/chunks/217dd_next_dist_9c560571._.js:2297
[  506066ms] [LOG] [Fast Refresh] rebuilding @ http://sjm.localhost:3000/_next/static/chunks/217dd_next_dist_9c560571._.js:2297
[  506082ms] [LOG] Detected Host: sjm.localhost:3000 http://sjm.localhost:3000/dashboardportal/inventory/issue @ http://sjm.localhost:3000/_next/static/chunks/217dd_next_dist_9c560571._.js:2297
[  506082ms] [LOG] Detected Host: sjm.localhost:3000 http://sjm.localhost:3000/dashboardportal/inventory/issue @ http://sjm.localhost:3000/_next/static/chunks/217dd_next_dist_9c560571._.js:2297
[  506084ms] [LOG] [Fast Refresh] done in 131ms @ http://sjm.localhost:3000/_next/static/chunks/217dd_next_dist_9c560571._.js:2297
[  506106ms] [LOG] Detected Host: sjm.localhost:3000 http://sjm.localhost:3000/dashboardportal/inventory/issue @ http://sjm.localhost:3000/_next/static/chunks/217dd_next_dist_9c560571._.js:2297
[  506106ms] [LOG] Detected Host: sjm.localhost:3000 http://sjm.localhost:3000/dashboardportal/inventory/issue @ http://sjm.localhost:3000/_next/static/chunks/217dd_next_dist_9c560571._.js:2297
[  506183ms] [LOG] Detected Host: sjm.localhost:3000 http://sjm.localhost:3000/dashboardportal/inventory/issue @ http://sjm.localhost:3000/_next/static/chunks/217dd_next_dist_9c560571._.js:2297
[  506190ms] [LOG] Detected Host: sjm.localhost:3000 http://sjm.localhost:3000/dashboardportal/inventory/issue @ http://sjm.localhost:3000/_next/static/chunks/217dd_next_dist_9c560571._.js:2297
[  506282ms] [LOG] Detected Host: sjm.localhost:3000 http://sjm.localhost:3000/dashboardportal/inventory/issue @ http://sjm.localhost:3000/_next/static/chunks/217dd_next_dist_9c560571._.js:2297
[  506287ms] [LOG] Detected Host: sjm.localhost:3000 http://sjm.localhost:3000/dashboardportal/inventory/issue @ http://sjm.localhost:3000/_next/static/chunks/217dd_next_dist_9c560571._.js:2297
[  506403ms] [LOG] Detected Host: sjm.localhost:3000 http://sjm.localhost:3000/dashboardportal/inventory/issue @ http://sjm.localhost:3000/_next/static/chunks/217dd_next_dist_9c560571._.js:2297
[  506409ms] [LOG] Detected Host: sjm.localhost:3000 http://sjm.localhost:3000/dashboardportal/inventory/issue @ http://sjm.localhost:3000/_next/static/chunks/217dd_next_dist_9c560571._.js:2297
[  506652ms] [LOG] Detected Host: sjm.localhost:3000 http://sjm.localhost:3000/dashboardportal/inventory/issue @ http://sjm.localhost:3000/_next/static/chunks/217dd_next_dist_9c560571._.js:2297
[  506652ms] [LOG] Detected Host: sjm.localhost:3000 http://sjm.localhost:3000/dashboardportal/inventory/issue @ http://sjm.localhost:3000/_next/static/chunks/217dd_next_dist_9c560571._.js:2297
[  506747ms] [LOG] Detected Host: sjm.localhost:3000 http://sjm.localhost:3000/dashboardportal/inventory/issue @ http://sjm.localhost:3000/_next/static/chunks/217dd_next_dist_9c560571._.js:2297
[  506753ms] [LOG] Detected Host: sjm.localhost:3000 http://sjm.localhost:3000/dashboardportal/inventory/issue @ http://sjm.localhost:3000/_next/static/chunks/217dd_next_dist_9c560571._.js:2297
[  506873ms] [LOG] [Fast Refresh] rebuilding @ http://sjm.localhost:3000/_next/static/chunks/217dd_next_dist_9c560571._.js:2297
[  507051ms] [ERROR] Failed to load resource: the server responded with a status of 404 (Not Found) @ http://sjm.localhost:3000/dashboardportal/inventory/reports:0
[  507210ms] [INFO] %cDownload the React DevTools for a better development experience: https://react.dev/link/react-devtools font-weight:bold @ http://sjm.localhost:3000/_next/static/chunks/217dd_next_dist_9c560571._.js:2297
[  507241ms] [LOG] [HMR] connected @ http://sjm.localhost:3000/_next/static/chunks/217dd_next_dist_9c560571._.js:2297
[  509567ms] [INFO] %cDownload the React DevTools for a better development experience: https://react.dev/link/react-devtools font-weight:bold @ http://sjm.localhost:3000/_next/static/chunks/217dd_next_dist_9c560571._.js:2297
[  509604ms] [LOG] [HMR] connected @ http://sjm.localhost:3000/_next/static/chunks/217dd_next_dist_9c560571._.js:2297
[  509755ms] [LOG] Detected Host: sjm.localhost:3000 http://sjm.localhost:3000/dashboardportal/jutePurchase @ http://sjm.localhost:3000/_next/static/chunks/217dd_next_dist_9c560571._.js:2297
[  509756ms] [LOG] Detected Host: sjm.localhost:3000 http://sjm.localhost:3000/dashboardportal/jutePurchase @ http://sjm.localhost:3000/_next/static/chunks/217dd_next_dist_9c560571._.js:2297
[  509780ms] [LOG] Detected Host: sjm.localhost:3000 http://sjm.localhost:3000/dashboardportal/jutePurchase @ http://sjm.localhost:3000/_next/static/chunks/217dd_next_dist_9c560571._.js:2297
[  509786ms] [LOG] Detected Host: sjm.localhost:3000 http://sjm.localhost:3000/dashboardportal/jutePurchase @ http://sjm.localhost:3000/_next/static/chunks/217dd_next_dist_9c560571._.js:2297
[  509810ms] [LOG] Detected Host: sjm.localhost:3000 http://sjm.localhost:3000/dashboardportal/jutePurchase @ http://sjm.localhost:3000/_next/static/chunks/217dd_next_dist_9c560571._.js:2297
[  509815ms] [LOG] Detected Host: sjm.localhost:3000 http://sjm.localhost:3000/dashboardportal/jutePurchase @ http://sjm.localhost:3000/_next/static/chunks/217dd_next_dist_9c560571._.js:2297
[  509843ms] [LOG] Detected Host: sjm.localhost:3000 http://sjm.localhost:3000/dashboardportal/jutePurchase @ http://sjm.localhost:3000/_next/static/chunks/217dd_next_dist_9c560571._.js:2297
[  509849ms] [LOG] Detected Host: sjm.localhost:3000 http://sjm.localhost:3000/dashboardportal/jutePurchase @ http://sjm.localhost:3000/_next/static/chunks/217dd_next_dist_9c560571._.js:2297
[  509879ms] [LOG] Detected Host: sjm.localhost:3000 http://sjm.localhost:3000/dashboardportal/jutePurchase @ http://sjm.localhost:3000/_next/static/chunks/217dd_next_dist_9c560571._.js:2297
[  509882ms] [LOG] Detected Host: sjm.localhost:3000 http://sjm.localhost:3000/dashboardportal/jutePurchase @ http://sjm.localhost:3000/_next/static/chunks/217dd_next_dist_9c560571._.js:2297
[  509895ms] [LOG] Detected Host: sjm.localhost:3000 http://sjm.localhost:3000/dashboardportal/jutePurchase @ http://sjm.localhost:3000/_next/static/chunks/217dd_next_dist_9c560571._.js:2297
[  509898ms] [LOG] Detected Host: sjm.localhost:3000 http://sjm.localhost:3000/dashboardportal/jutePurchase @ http://sjm.localhost:3000/_next/static/chunks/217dd_next_dist_9c560571._.js:2297
[  510288ms] [LOG] [Fast Refresh] rebuilding @ http://sjm.localhost:3000/_next/static/chunks/217dd_next_dist_9c560571._.js:2297
[  511817ms] [LOG] [Fast Refresh] done in 1646ms @ http://sjm.localhost:3000/_next/static/chunks/217dd_next_dist_9c560571._.js:2297
[  512103ms] [INFO] %cDownload the React DevTools for a better development experience: https://react.dev/link/react-devtools font-weight:bold @ http://sjm.localhost:3000/_next/static/chunks/217dd_next_dist_9c560571._.js:2297
[  512141ms] [LOG] [HMR] connected @ http://sjm.localhost:3000/_next/static/chunks/217dd_next_dist_9c560571._.js:2297
[  512550ms] [LOG] Detected Host: sjm.localhost:3000 http://sjm.localhost:3000/dashboardportal/jutePurchase/batchPlan @ http://sjm.localhost:3000/_next/static/chunks/217dd_next_dist_9c560571._.js:2297
[  512551ms] [LOG] Detected Host: sjm.localhost:3000 http://sjm.localhost:3000/dashboardportal/jutePurchase/batchPlan @ http://sjm.localhost:3000/_next/static/chunks/217dd_next_dist_9c560571._.js:2297
[  512580ms] [LOG] Detected Host: sjm.localhost:3000 http://sjm.localhost:3000/dashboardportal/jutePurchase/batchPlan @ http://sjm.localhost:3000/_next/static/chunks/217dd_next_dist_9c560571._.js:2297
[  512580ms] [LOG] Detected Host: sjm.localhost:3000 http://sjm.localhost:3000/dashboardportal/jutePurchase/batchPlan @ http://sjm.localhost:3000/_next/static/chunks/217dd_next_dist_9c560571._.js:2297
[  512605ms] [LOG] Detected Host: sjm.localhost:3000 http://sjm.localhost:3000/dashboardportal/jutePurchase/batchPlan @ http://sjm.localhost:3000/_next/static/chunks/217dd_next_dist_9c560571._.js:2297
[  512606ms] [LOG] Detected Host: sjm.localhost:3000 http://sjm.localhost:3000/dashboardportal/jutePurchase/batchPlan @ http://sjm.localhost:3000/_next/static/chunks/217dd_next_dist_9c560571._.js:2297
[  512627ms] [LOG] Detected Host: sjm.localhost:3000 http://sjm.localhost:3000/dashboardportal/jutePurchase/batchPlan @ http://sjm.localhost:3000/_next/static/chunks/217dd_next_dist_9c560571._.js:2297
[  512628ms] [LOG] Detected Host: sjm.localhost:3000 http://sjm.localhost:3000/dashboardportal/jutePurchase/batchPlan @ http://sjm.localhost:3000/_next/static/chunks/217dd_next_dist_9c560571._.js:2297
[  512651ms] [LOG] Detected Host: sjm.localhost:3000 http://sjm.localhost:3000/dashboardportal/jutePurchase/batchPlan @ http://sjm.localhost:3000/_next/static/chunks/217dd_next_dist_9c560571._.js:2297
[  512652ms] [LOG] Detected Host: sjm.localhost:3000 http://sjm.localhost:3000/dashboardportal/jutePurchase/batchPlan @ http://sjm.localhost:3000/_next/static/chunks/217dd_next_dist_9c560571._.js:2297
[  512683ms] [LOG] Detected Host: sjm.localhost:3000 http://sjm.localhost:3000/dashboardportal/jutePurchase/batchPlan @ http://sjm.localhost:3000/_next/static/chunks/217dd_next_dist_9c560571._.js:2297
[  512684ms] [LOG] Detected Host: sjm.localhost:3000 http://sjm.localhost:3000/dashboardportal/jutePurchase/batchPlan @ http://sjm.localhost:3000/_next/static/chunks/217dd_next_dist_9c560571._.js:2297
[  512707ms] [LOG] [Fast Refresh] rebuilding @ http://sjm.localhost:3000/_next/static/chunks/217dd_next_dist_9c560571._.js:2297
[  512710ms] [LOG] Detected Host: sjm.localhost:3000 http://sjm.localhost:3000/dashboardportal/jutePurchase/batchPlan @ http://sjm.localhost:3000/_next/static/chunks/217dd_next_dist_9c560571._.js:2297
[  512710ms] [LOG] Detected Host: sjm.localhost:3000 http://sjm.localhost:3000/dashboardportal/jutePurchase/batchPlan @ http://sjm.localhost:3000/_next/static/chunks/217dd_next_dist_9c560571._.js:2297
[  512733ms] [LOG] Detected Host: sjm.localhost:3000 http://sjm.localhost:3000/dashboardportal/jutePurchase/batchPlan @ http://sjm.localhost:3000/_next/static/chunks/217dd_next_dist_9c560571._.js:2297
[  512733ms] [LOG] Detected Host: sjm.localhost:3000 http://sjm.localhost:3000/dashboardportal/jutePurchase/batchPlan @ http://sjm.localhost:3000/_next/static/chunks/217dd_next_dist_9c560571._.js:2297
[  512750ms] [LOG] [Fast Refresh] done in 152ms @ http://sjm.localhost:3000/_next/static/chunks/217dd_next_dist_9c560571._.js:2297
[  512755ms] [LOG] Detected Host: sjm.localhost:3000 http://sjm.localhost:3000/dashboardportal/jutePurchase/batchPlan @ http://sjm.localhost:3000/_next/static/chunks/217dd_next_dist_9c560571._.js:2297
[  512756ms] [LOG] Detected Host: sjm.localhost:3000 http://sjm.localhost:3000/dashboardportal/jutePurchase/batchPlan @ http://sjm.localhost:3000/_next/static/chunks/217dd_next_dist_9c560571._.js:2297
[  512779ms] [LOG] Detected Host: sjm.localhost:3000 http://sjm.localhost:3000/dashboardportal/jutePurchase/batchPlan @ http://sjm.localhost:3000/_next/static/chunks/217dd_next_dist_9c560571._.js:2297
[  512779ms] [LOG] Detected Host: sjm.localhost:3000 http://sjm.localhost:3000/dashboardportal/jutePurchase/batchPlan @ http://sjm.localhost:3000/_next/static/chunks/217dd_next_dist_9c560571._.js:2297
[  512804ms] [LOG] Detected Host: sjm.localhost:3000 http://sjm.localhost:3000/dashboardportal/jutePurchase/batchPlan @ http://sjm.localhost:3000/_next/static/chunks/217dd_next_dist_9c560571._.js:2297
[  512804ms] [LOG] Detected Host: sjm.localhost:3000 http://sjm.localhost:3000/dashboardportal/jutePurchase/batchPlan @ http://sjm.localhost:3000/_next/static/chunks/217dd_next_dist_9c560571._.js:2297
[  512828ms] [LOG] Detected Host: sjm.localhost:3000 http://sjm.localhost:3000/dashboardportal/jutePurchase/batchPlan @ http://sjm.localhost:3000/_next/static/chunks/217dd_next_dist_9c560571._.js:2297
[  512828ms] [LOG] Detected Host: sjm.localhost:3000 http://sjm.localhost:3000/dashboardportal/jutePurchase/batchPlan @ http://sjm.localhost:3000/_next/static/chunks/217dd_next_dist_9c560571._.js:2297
[  512847ms] [LOG] Detected Host: sjm.localhost:3000 http://sjm.localhost:3000/dashboardportal/jutePurchase/batchPlan @ http://sjm.localhost:3000/_next/static/chunks/217dd_next_dist_9c560571._.js:2297
[  512848ms] [LOG] Detected Host: sjm.localhost:3000 http://sjm.localhost:3000/dashboardportal/jutePurchase/batchPlan @ http://sjm.localhost:3000/_next/static/chunks/217dd_next_dist_9c560571._.js:2297
[  512862ms] [LOG] Detected Host: sjm.localhost:3000 http://sjm.localhost:3000/dashboardportal/jutePurchase/batchPlan @ http://sjm.localhost:3000/_next/static/chunks/217dd_next_dist_9c560571._.js:2297
[  512863ms] [LOG] Detected Host: sjm.localhost:3000 http://sjm.localhost:3000/dashboardportal/jutePurchase/batchPlan @ http://sjm.localhost:3000/_next/static/chunks/217dd_next_dist_9c560571._.js:2297
[  512867ms] [LOG] [Fast Refresh] rebuilding @ http://sjm.localhost:3000/_next/static/chunks/217dd_next_dist_9c560571._.js:2297
[  512871ms] [LOG] Detected Host: sjm.localhost:3000 http://sjm.localhost:3000/dashboardportal/jutePurchase/batchPlan @ http://sjm.localhost:3000/_next/static/chunks/217dd_next_dist_9c560571._.js:2297
[  512872ms] [LOG] Detected Host: sjm.localhost:3000 http://sjm.localhost:3000/dashboardportal/jutePurchase/batchPlan @ http://sjm.localhost:3000/_next/static/chunks/217dd_next_dist_9c560571._.js:2297
[  512880ms] [LOG] Detected Host: sjm.localhost:3000 http://sjm.localhost:3000/dashboardportal/jutePurchase/batchPlan @ http://sjm.localhost:3000/_next/static/chunks/217dd_next_dist_9c560571._.js:2297
[  512881ms] [LOG] Detected Host: sjm.localhost:3000 http://sjm.localhost:3000/dashboardportal/jutePurchase/batchPlan @ http://sjm.localhost:3000/_next/static/chunks/217dd_next_dist_9c560571._.js:2297
[  512889ms] [LOG] Detected Host: sjm.localhost:3000 http://sjm.localhost:3000/dashboardportal/jutePurchase/batchPlan @ http://sjm.localhost:3000/_next/static/chunks/217dd_next_dist_9c560571._.js:2297
[  512889ms] [LOG] Detected Host: sjm.localhost:3000 http://sjm.localhost:3000/dashboardportal/jutePurchase/batchPlan @ http://sjm.localhost:3000/_next/static/chunks/217dd_next_dist_9c560571._.js:2297
[  512928ms] [LOG] Detected Host: sjm.localhost:3000 http://sjm.localhost:3000/dashboardportal/jutePurchase/batchPlan @ http://sjm.localhost:3000/_next/static/chunks/217dd_next_dist_9c560571._.js:2297
[  512929ms] [LOG] Detected Host: sjm.localhost:3000 http://sjm.localhost:3000/dashboardportal/jutePurchase/batchPlan @ http://sjm.localhost:3000/_next/static/chunks/217dd_next_dist_9c560571._.js:2297
[  512942ms] [LOG] Detected Host: sjm.localhost:3000 http://sjm.localhost:3000/dashboardportal/jutePurchase/batchPlan @ http://sjm.localhost:3000/_next/static/chunks/217dd_next_dist_9c560571._.js:2297
[  512942ms] [LOG] Detected Host: sjm.localhost:3000 http://sjm.localhost:3000/dashboardportal/jutePurchase/batchPlan @ http://sjm.localhost:3000/_next/static/chunks/217dd_next_dist_9c560571._.js:2297
[  512949ms] [LOG] Detected Host: sjm.localhost:3000 http://sjm.localhost:3000/dashboardportal/jutePurchase/batchPlan @ http://sjm.localhost:3000/_next/static/chunks/217dd_next_dist_9c560571._.js:2297
[  512949ms] [LOG] Detected Host: sjm.localhost:3000 http://sjm.localhost:3000/dashboardportal/jutePurchase/batchPlan @ http://sjm.localhost:3000/_next/static/chunks/217dd_next_dist_9c560571._.js:2297
[  512959ms] [LOG] Detected Host: sjm.localhost:3000 http://sjm.localhost:3000/dashboardportal/jutePurchase/batchPlan @ http://sjm.localhost:3000/_next/static/chunks/217dd_next_dist_9c560571._.js:2297
[  512959ms] [LOG] Detected Host: sjm.localhost:3000 http://sjm.localhost:3000/dashboardportal/jutePurchase/batchPlan @ http://sjm.localhost:3000/_next/static/chunks/217dd_next_dist_9c560571._.js:2297
[  512972ms] [LOG] Detected Host: sjm.localhost:3000 http://sjm.localhost:3000/dashboardportal/jutePurchase/batchPlan @ http://sjm.localhost:3000/_next/static/chunks/217dd_next_dist_9c560571._.js:2297
[  512972ms] [LOG] Detected Host: sjm.localhost:3000 http://sjm.localhost:3000/dashboardportal/jutePurchase/batchPlan @ http://sjm.localhost:3000/_next/static/chunks/217dd_next_dist_9c560571._.js:2297
[  512981ms] [LOG] Detected Host: sjm.localhost:3000 http://sjm.localhost:3000/dashboardportal/jutePurchase/batchPlan @ http://sjm.localhost:3000/_next/static/chunks/217dd_next_dist_9c560571._.js:2297
[  512981ms] [LOG] Detected Host: sjm.localhost:3000 http://sjm.localhost:3000/dashboardportal/jutePurchase/batchPlan @ http://sjm.localhost:3000/_next/static/chunks/217dd_next_dist_9c560571._.js:2297
[  512988ms] [LOG] Detected Host: sjm.localhost:3000 http://sjm.localhost:3000/dashboardportal/jutePurchase/batchPlan @ http://sjm.localhost:3000/_next/static/chunks/217dd_next_dist_9c560571._.js:2297
[  512988ms] [LOG] Detected Host: sjm.localhost:3000 http://sjm.localhost:3000/dashboardportal/jutePurchase/batchPlan @ http://sjm.localhost:3000/_next/static/chunks/217dd_next_dist_9c560571._.js:2297
[  512997ms] [LOG] Detected Host: sjm.localhost:3000 http://sjm.localhost:3000/dashboardportal/jutePurchase/batchPlan @ http://sjm.localhost:3000/_next/static/chunks/217dd_next_dist_9c560571._.js:2297
[  512998ms] [LOG] Detected Host: sjm.localhost:3000 http://sjm.localhost:3000/dashboardportal/jutePurchase/batchPlan @ http://sjm.localhost:3000/_next/static/chunks/217dd_next_dist_9c560571._.js:2297
[  513005ms] [LOG] Detected Host: sjm.localhost:3000 http://sjm.localhost:3000/dashboardportal/jutePurchase/batchPlan @ http://sjm.localhost:3000/_next/static/chunks/217dd_next_dist_9c560571._.js:2297
[  513006ms] [LOG] Detected Host: sjm.localhost:3000 http://sjm.localhost:3000/dashboardportal/jutePurchase/batchPlan @ http://sjm.localhost:3000/_next/static/chunks/217dd_next_dist_9c560571._.js:2297
[  513015ms] [LOG] Detected Host: sjm.localhost:3000 http://sjm.localhost:3000/dashboardportal/jutePurchase/batchPlan @ http://sjm.localhost:3000/_next/static/chunks/217dd_next_dist_9c560571._.js:2297
[  513015ms] [LOG] Detected Host: sjm.localhost:3000 http://sjm.localhost:3000/dashboardportal/jutePurchase/batchPlan @ http://sjm.localhost:3000/_next/static/chunks/217dd_next_dist_9c560571._.js:2297
[  513085ms] [LOG] Detected Host: sjm.localhost:3000 http://sjm.localhost:3000/dashboardportal/jutePurchase/batchPlan @ http://sjm.localhost:3000/_next/static/chunks/217dd_next_dist_9c560571._.js:2297
[  513088ms] [LOG] Detected Host: sjm.localhost:3000 http://sjm.localhost:3000/dashboardportal/jutePurchase/batchPlan @ http://sjm.localhost:3000/_next/static/chunks/217dd_next_dist_9c560571._.js:2297
[  513158ms] [LOG] Detected Host: sjm.localhost:3000 http://sjm.localhost:3000/dashboardportal/jutePurchase/batchPlan @ http://sjm.localhost:3000/_next/static/chunks/217dd_next_dist_9c560571._.js:2297
[  513164ms] [LOG] Detected Host: sjm.localhost:3000 http://sjm.localhost:3000/dashboardportal/jutePurchase/batchPlan @ http://sjm.localhost:3000/_next/static/chunks/217dd_next_dist_9c560571._.js:2297
[  513356ms] [LOG] Detected Host: sjm.localhost:3000 http://sjm.localhost:3000/dashboardportal/jutePurchase/batchPlan @ http://sjm.localhost:3000/_next/static/chunks/217dd_next_dist_9c560571._.js:2297
[  513363ms] [LOG] Detected Host: sjm.localhost:3000 http://sjm.localhost:3000/dashboardportal/jutePurchase/batchPlan @ http://sjm.localhost:3000/_next/static/chunks/217dd_next_dist_9c560571._.js:2297
[  513597ms] [LOG] Detected Host: sjm.localhost:3000 http://sjm.localhost:3000/dashboardportal/jutePurchase/batchPlan @ http://sjm.localhost:3000/_next/static/chunks/217dd_next_dist_9c560571._.js:2297
[  513621ms] [LOG] Detected Host: sjm.localhost:3000 http://sjm.localhost:3000/dashboardportal/jutePurchase/batchPlan @ http://sjm.localhost:3000/_next/static/chunks/217dd_next_dist_9c560571._.js:2297
[  513840ms] [LOG] Detected Host: sjm.localhost:3000 http://sjm.localhost:3000/dashboardportal/jutePurchase/batchPlan @ http://sjm.localhost:3000/_next/static/chunks/217dd_next_dist_9c560571._.js:2297
[  513843ms] [LOG] Detected Host: sjm.localhost:3000 http://sjm.localhost:3000/dashboardportal/jutePurchase/batchPlan @ http://sjm.localhost:3000/_next/static/chunks/217dd_next_dist_9c560571._.js:2297
[  515377ms] [LOG] [Fast Refresh] done in 2618ms @ http://sjm.localhost:3000/_next/static/chunks/217dd_next_dist_9c560571._.js:2297
[  515610ms] [INFO] %cDownload the React DevTools for a better development experience: https://react.dev/link/react-devtools font-weight:bold @ http://sjm.localhost:3000/_next/static/chunks/217dd_next_dist_9c560571._.js:2297
[  515647ms] [LOG] [HMR] connected @ http://sjm.localhost:3000/_next/static/chunks/217dd_next_dist_9c560571._.js:2297
[  515852ms] [LOG] Detected Host: sjm.localhost:3000 http://sjm.localhost:3000/dashboardportal/jutePurchase/batchPlanMst @ http://sjm.localhost:3000/_next/static/chunks/217dd_next_dist_9c560571._.js:2297
[  515853ms] [LOG] Detected Host: sjm.localhost:3000 http://sjm.localhost:3000/dashboardportal/jutePurchase/batchPlanMst @ http://sjm.localhost:3000/_next/static/chunks/217dd_next_dist_9c560571._.js:2297
[  515880ms] [LOG] Detected Host: sjm.localhost:3000 http://sjm.localhost:3000/dashboardportal/jutePurchase/batchPlanMst @ http://sjm.localhost:3000/_next/static/chunks/217dd_next_dist_9c560571._.js:2297
[  515881ms] [LOG] Detected Host: sjm.localhost:3000 http://sjm.localhost:3000/dashboardportal/jutePurchase/batchPlanMst @ http://sjm.localhost:3000/_next/static/chunks/217dd_next_dist_9c560571._.js:2297
[  515909ms] [LOG] Detected Host: sjm.localhost:3000 http://sjm.localhost:3000/dashboardportal/jutePurchase/batchPlanMst @ http://sjm.localhost:3000/_next/static/chunks/217dd_next_dist_9c560571._.js:2297
[  515910ms] [LOG] Detected Host: sjm.localhost:3000 http://sjm.localhost:3000/dashboardportal/jutePurchase/batchPlanMst @ http://sjm.localhost:3000/_next/static/chunks/217dd_next_dist_9c560571._.js:2297
[  515934ms] [LOG] Detected Host: sjm.localhost:3000 http://sjm.localhost:3000/dashboardportal/jutePurchase/batchPlanMst @ http://sjm.localhost:3000/_next/static/chunks/217dd_next_dist_9c560571._.js:2297
[  515935ms] [LOG] Detected Host: sjm.localhost:3000 http://sjm.localhost:3000/dashboardportal/jutePurchase/batchPlanMst @ http://sjm.localhost:3000/_next/static/chunks/217dd_next_dist_9c560571._.js:2297
[  515964ms] [LOG] Detected Host: sjm.localhost:3000 http://sjm.localhost:3000/dashboardportal/jutePurchase/batchPlanMst @ http://sjm.localhost:3000/_next/static/chunks/217dd_next_dist_9c560571._.js:2297
[  515965ms] [LOG] Detected Host: sjm.localhost:3000 http://sjm.localhost:3000/dashboardportal/jutePurchase/batchPlanMst @ http://sjm.localhost:3000/_next/static/chunks/217dd_next_dist_9c560571._.js:2297
[  515989ms] [LOG] Detected Host: sjm.localhost:3000 http://sjm.localhost:3000/dashboardportal/jutePurchase/batchPlanMst @ http://sjm.localhost:3000/_next/static/chunks/217dd_next_dist_9c560571._.js:2297
[  515990ms] [LOG] Detected Host: sjm.localhost:3000 http://sjm.localhost:3000/dashboardportal/jutePurchase/batchPlanMst @ http://sjm.localhost:3000/_next/static/chunks/217dd_next_dist_9c560571._.js:2297
[  516011ms] [LOG] [Fast Refresh] rebuilding @ http://sjm.localhost:3000/_next/static/chunks/217dd_next_dist_9c560571._.js:2297
[  516013ms] [LOG] Detected Host: sjm.localhost:3000 http://sjm.localhost:3000/dashboardportal/jutePurchase/batchPlanMst @ http://sjm.localhost:3000/_next/static/chunks/217dd_next_dist_9c560571._.js:2297
[  516013ms] [LOG] Detected Host: sjm.localhost:3000 http://sjm.localhost:3000/dashboardportal/jutePurchase/batchPlanMst @ http://sjm.localhost:3000/_next/static/chunks/217dd_next_dist_9c560571._.js:2297
[  516040ms] [LOG] Detected Host: sjm.localhost:3000 http://sjm.localhost:3000/dashboardportal/jutePurchase/batchPlanMst @ http://sjm.localhost:3000/_next/static/chunks/217dd_next_dist_9c560571._.js:2297
[  516041ms] [LOG] Detected Host: sjm.localhost:3000 http://sjm.localhost:3000/dashboardportal/jutePurchase/batchPlanMst @ http://sjm.localhost:3000/_next/static/chunks/217dd_next_dist_9c560571._.js:2297
[  516045ms] [LOG] [Fast Refresh] done in 145ms @ http://sjm.localhost:3000/_next/static/chunks/217dd_next_dist_9c560571._.js:2297
[  516068ms] [LOG] Detected Host: sjm.localhost:3000 http://sjm.localhost:3000/dashboardportal/jutePurchase/batchPlanMst @ http://sjm.localhost:3000/_next/static/chunks/217dd_next_dist_9c560571._.js:2297
[  516069ms] [LOG] Detected Host: sjm.localhost:3000 http://sjm.localhost:3000/dashboardportal/jutePurchase/batchPlanMst @ http://sjm.localhost:3000/_next/static/chunks/217dd_next_dist_9c560571._.js:2297
[  516093ms] [LOG] Detected Host: sjm.localhost:3000 http://sjm.localhost:3000/dashboardportal/jutePurchase/batchPlanMst @ http://sjm.localhost:3000/_next/static/chunks/217dd_next_dist_9c560571._.js:2297
[  516094ms] [LOG] Detected Host: sjm.localhost:3000 http://sjm.localhost:3000/dashboardportal/jutePurchase/batchPlanMst @ http://sjm.localhost:3000/_next/static/chunks/217dd_next_dist_9c560571._.js:2297
[  516150ms] [LOG] Detected Host: sjm.localhost:3000 http://sjm.localhost:3000/dashboardportal/jutePurchase/batchPlanMst @ http://sjm.localhost:3000/_next/static/chunks/217dd_next_dist_9c560571._.js:2297
[  516151ms] [LOG] Detected Host: sjm.localhost:3000 http://sjm.localhost:3000/dashboardportal/jutePurchase/batchPlanMst @ http://sjm.localhost:3000/_next/static/chunks/217dd_next_dist_9c560571._.js:2297
[  516201ms] [LOG] Detected Host: sjm.localhost:3000 http://sjm.localhost:3000/dashboardportal/jutePurchase/batchPlanMst @ http://sjm.localhost:3000/_next/static/chunks/217dd_next_dist_9c560571._.js:2297
[  516207ms] [LOG] Detected Host: sjm.localhost:3000 http://sjm.localhost:3000/dashboardportal/jutePurchase/batchPlanMst @ http://sjm.localhost:3000/_next/static/chunks/217dd_next_dist_9c560571._.js:2297
[  516319ms] [LOG] Detected Host: sjm.localhost:3000 http://sjm.localhost:3000/dashboardportal/jutePurchase/batchPlanMst @ http://sjm.localhost:3000/_next/static/chunks/217dd_next_dist_9c560571._.js:2297
[  516324ms] [LOG] Detected Host: sjm.localhost:3000 http://sjm.localhost:3000/dashboardportal/jutePurchase/batchPlanMst @ http://sjm.localhost:3000/_next/static/chunks/217dd_next_dist_9c560571._.js:2297
[  516461ms] [LOG] Detected Host: sjm.localhost:3000 http://sjm.localhost:3000/dashboardportal/jutePurchase/batchPlanMst @ http://sjm.localhost:3000/_next/static/chunks/217dd_next_dist_9c560571._.js:2297
[  516466ms] [LOG] Detected Host: sjm.localhost:3000 http://sjm.localhost:3000/dashboardportal/jutePurchase/batchPlanMst @ http://sjm.localhost:3000/_next/static/chunks/217dd_next_dist_9c560571._.js:2297
[  516624ms] [LOG] Detected Host: sjm.localhost:3000 http://sjm.localhost:3000/dashboardportal/jutePurchase/batchPlanMst @ http://sjm.localhost:3000/_next/static/chunks/217dd_next_dist_9c560571._.js:2297
[  516626ms] [LOG] Detected Host: sjm.localhost:3000 http://sjm.localhost:3000/dashboardportal/jutePurchase/batchPlanMst @ http://sjm.localhost:3000/_next/static/chunks/217dd_next_dist_9c560571._.js:2297
[  516735ms] [LOG] Detected Host: sjm.localhost:3000 http://sjm.localhost:3000/dashboardportal/jutePurchase/batchPlanMst @ http://sjm.localhost:3000/_next/static/chunks/217dd_next_dist_9c560571._.js:2297
[  516738ms] [LOG] Detected Host: sjm.localhost:3000 http://sjm.localhost:3000/dashboardportal/jutePurchase/batchPlanMst @ http://sjm.localhost:3000/_next/static/chunks/217dd_next_dist_9c560571._.js:2297
[  516996ms] [LOG] [Fast Refresh] rebuilding @ http://sjm.localhost:3000/_next/static/chunks/217dd_next_dist_9c560571._.js:2297
[  518573ms] [LOG] [Fast Refresh] done in 1680ms @ http://sjm.localhost:3000/_next/static/chunks/217dd_next_dist_9c560571._.js:2297
[  518848ms] [INFO] %cDownload the React DevTools for a better development experience: https://react.dev/link/react-devtools font-weight:bold @ http://sjm.localhost:3000/_next/static/chunks/217dd_next_dist_9c560571._.js:2297
[  518923ms] [LOG] [HMR] connected @ http://sjm.localhost:3000/_next/static/chunks/217dd_next_dist_9c560571._.js:2297
[  519165ms] [LOG] Detected Host: sjm.localhost:3000 http://sjm.localhost:3000/dashboardportal/jutePurchase/billPass @ http://sjm.localhost:3000/_next/static/chunks/217dd_next_dist_9c560571._.js:2297
[  519166ms] [LOG] Detected Host: sjm.localhost:3000 http://sjm.localhost:3000/dashboardportal/jutePurchase/billPass @ http://sjm.localhost:3000/_next/static/chunks/217dd_next_dist_9c560571._.js:2297
[  519195ms] [LOG] Detected Host: sjm.localhost:3000 http://sjm.localhost:3000/dashboardportal/jutePurchase/billPass @ http://sjm.localhost:3000/_next/static/chunks/217dd_next_dist_9c560571._.js:2297
[  519195ms] [LOG] Detected Host: sjm.localhost:3000 http://sjm.localhost:3000/dashboardportal/jutePurchase/billPass @ http://sjm.localhost:3000/_next/static/chunks/217dd_next_dist_9c560571._.js:2297
[  519216ms] [LOG] Detected Host: sjm.localhost:3000 http://sjm.localhost:3000/dashboardportal/jutePurchase/billPass @ http://sjm.localhost:3000/_next/static/chunks/217dd_next_dist_9c560571._.js:2297
[  519216ms] [LOG] Detected Host: sjm.localhost:3000 http://sjm.localhost:3000/dashboardportal/jutePurchase/billPass @ http://sjm.localhost:3000/_next/static/chunks/217dd_next_dist_9c560571._.js:2297
[  519242ms] [LOG] Detected Host: sjm.localhost:3000 http://sjm.localhost:3000/dashboardportal/jutePurchase/billPass @ http://sjm.localhost:3000/_next/static/chunks/217dd_next_dist_9c560571._.js:2297
[  519242ms] [LOG] Detected Host: sjm.localhost:3000 http://sjm.localhost:3000/dashboardportal/jutePurchase/billPass @ http://sjm.localhost:3000/_next/static/chunks/217dd_next_dist_9c560571._.js:2297
[  519265ms] [LOG] Detected Host: sjm.localhost:3000 http://sjm.localhost:3000/dashboardportal/jutePurchase/billPass @ http://sjm.localhost:3000/_next/static/chunks/217dd_next_dist_9c560571._.js:2297
[  519266ms] [LOG] Detected Host: sjm.localhost:3000 http://sjm.localhost:3000/dashboardportal/jutePurchase/billPass @ http://sjm.localhost:3000/_next/static/chunks/217dd_next_dist_9c560571._.js:2297
[  519287ms] [LOG] Detected Host: sjm.localhost:3000 http://sjm.localhost:3000/dashboardportal/jutePurchase/billPass @ http://sjm.localhost:3000/_next/static/chunks/217dd_next_dist_9c560571._.js:2297
[  519287ms] [LOG] Detected Host: sjm.localhost:3000 http://sjm.localhost:3000/dashboardportal/jutePurchase/billPass @ http://sjm.localhost:3000/_next/static/chunks/217dd_next_dist_9c560571._.js:2297
[  519308ms] [LOG] Detected Host: sjm.localhost:3000 http://sjm.localhost:3000/dashboardportal/jutePurchase/billPass @ http://sjm.localhost:3000/_next/static/chunks/217dd_next_dist_9c560571._.js:2297
[  519309ms] [LOG] Detected Host: sjm.localhost:3000 http://sjm.localhost:3000/dashboardportal/jutePurchase/billPass @ http://sjm.localhost:3000/_next/static/chunks/217dd_next_dist_9c560571._.js:2297
[  519331ms] [LOG] Detected Host: sjm.localhost:3000 http://sjm.localhost:3000/dashboardportal/jutePurchase/billPass @ http://sjm.localhost:3000/_next/static/chunks/217dd_next_dist_9c560571._.js:2297
[  519332ms] [LOG] Detected Host: sjm.localhost:3000 http://sjm.localhost:3000/dashboardportal/jutePurchase/billPass @ http://sjm.localhost:3000/_next/static/chunks/217dd_next_dist_9c560571._.js:2297
[  519358ms] [LOG] Detected Host: sjm.localhost:3000 http://sjm.localhost:3000/dashboardportal/jutePurchase/billPass @ http://sjm.localhost:3000/_next/static/chunks/217dd_next_dist_9c560571._.js:2297
[  519359ms] [LOG] Detected Host: sjm.localhost:3000 http://sjm.localhost:3000/dashboardportal/jutePurchase/billPass @ http://sjm.localhost:3000/_next/static/chunks/217dd_next_dist_9c560571._.js:2297
[  519422ms] [LOG] Detected Host: sjm.localhost:3000 http://sjm.localhost:3000/dashboardportal/jutePurchase/billPass @ http://sjm.localhost:3000/_next/static/chunks/217dd_next_dist_9c560571._.js:2297
[  519430ms] [LOG] Detected Host: sjm.localhost:3000 http://sjm.localhost:3000/dashboardportal/jutePurchase/billPass @ http://sjm.localhost:3000/_next/static/chunks/217dd_next_dist_9c560571._.js:2297
[  519539ms] [LOG] Detected Host: sjm.localhost:3000 http://sjm.localhost:3000/dashboardportal/jutePurchase/billPass @ http://sjm.localhost:3000/_next/static/chunks/217dd_next_dist_9c560571._.js:2297
[  519545ms] [LOG] Detected Host: sjm.localhost:3000 http://sjm.localhost:3000/dashboardportal/jutePurchase/billPass @ http://sjm.localhost:3000/_next/static/chunks/217dd_next_dist_9c560571._.js:2297
[  519660ms] [LOG] Detected Host: sjm.localhost:3000 http://sjm.localhost:3000/dashboardportal/jutePurchase/billPass @ http://sjm.localhost:3000/_next/static/chunks/217dd_next_dist_9c560571._.js:2297
[  519666ms] [LOG] Detected Host: sjm.localhost:3000 http://sjm.localhost:3000/dashboardportal/jutePurchase/billPass @ http://sjm.localhost:3000/_next/static/chunks/217dd_next_dist_9c560571._.js:2297
[  519840ms] [LOG] Detected Host: sjm.localhost:3000 http://sjm.localhost:3000/dashboardportal/jutePurchase/billPass @ http://sjm.localhost:3000/_next/static/chunks/217dd_next_dist_9c560571._.js:2297
[  519840ms] [LOG] Detected Host: sjm.localhost:3000 http://sjm.localhost:3000/dashboardportal/jutePurchase/billPass @ http://sjm.localhost:3000/_next/static/chunks/217dd_next_dist_9c560571._.js:2297
[  519947ms] [LOG] Detected Host: sjm.localhost:3000 http://sjm.localhost:3000/dashboardportal/jutePurchase/billPass @ http://sjm.localhost:3000/_next/static/chunks/217dd_next_dist_9c560571._.js:2297
[  519950ms] [LOG] Detected Host: sjm.localhost:3000 http://sjm.localhost:3000/dashboardportal/jutePurchase/billPass @ http://sjm.localhost:3000/_next/static/chunks/217dd_next_dist_9c560571._.js:2297
[  520248ms] [LOG] [Fast Refresh] rebuilding @ http://sjm.localhost:3000/_next/static/chunks/217dd_next_dist_9c560571._.js:2297
[  521684ms] [LOG] [Fast Refresh] done in 1540ms @ http://sjm.localhost:3000/_next/static/chunks/217dd_next_dist_9c560571._.js:2297
[  521912ms] [INFO] %cDownload the React DevTools for a better development experience: https://react.dev/link/react-devtools font-weight:bold @ http://sjm.localhost:3000/_next/static/chunks/217dd_next_dist_9c560571._.js:2297
[  521952ms] [LOG] [HMR] connected @ http://sjm.localhost:3000/_next/static/chunks/217dd_next_dist_9c560571._.js:2297
[  522103ms] [LOG] Detected Host: sjm.localhost:3000 http://sjm.localhost:3000/dashboardportal/jutePurchase/gateEntry @ http://sjm.localhost:3000/_next/static/chunks/217dd_next_dist_9c560571._.js:2297
[  522104ms] [LOG] Detected Host: sjm.localhost:3000 http://sjm.localhost:3000/dashboardportal/jutePurchase/gateEntry @ http://sjm.localhost:3000/_next/static/chunks/217dd_next_dist_9c560571._.js:2297
[  522130ms] [LOG] Detected Host: sjm.localhost:3000 http://sjm.localhost:3000/dashboardportal/jutePurchase/gateEntry @ http://sjm.localhost:3000/_next/static/chunks/217dd_next_dist_9c560571._.js:2297
[  522131ms] [LOG] Detected Host: sjm.localhost:3000 http://sjm.localhost:3000/dashboardportal/jutePurchase/gateEntry @ http://sjm.localhost:3000/_next/static/chunks/217dd_next_dist_9c560571._.js:2297
[  522157ms] [LOG] Detected Host: sjm.localhost:3000 http://sjm.localhost:3000/dashboardportal/jutePurchase/gateEntry @ http://sjm.localhost:3000/_next/static/chunks/217dd_next_dist_9c560571._.js:2297
[  522158ms] [LOG] Detected Host: sjm.localhost:3000 http://sjm.localhost:3000/dashboardportal/jutePurchase/gateEntry @ http://sjm.localhost:3000/_next/static/chunks/217dd_next_dist_9c560571._.js:2297
[  522183ms] [LOG] Detected Host: sjm.localhost:3000 http://sjm.localhost:3000/dashboardportal/jutePurchase/gateEntry @ http://sjm.localhost:3000/_next/static/chunks/217dd_next_dist_9c560571._.js:2297
[  522184ms] [LOG] Detected Host: sjm.localhost:3000 http://sjm.localhost:3000/dashboardportal/jutePurchase/gateEntry @ http://sjm.localhost:3000/_next/static/chunks/217dd_next_dist_9c560571._.js:2297
[  522211ms] [LOG] Detected Host: sjm.localhost:3000 http://sjm.localhost:3000/dashboardportal/jutePurchase/gateEntry @ http://sjm.localhost:3000/_next/static/chunks/217dd_next_dist_9c560571._.js:2297
[  522212ms] [LOG] Detected Host: sjm.localhost:3000 http://sjm.localhost:3000/dashboardportal/jutePurchase/gateEntry @ http://sjm.localhost:3000/_next/static/chunks/217dd_next_dist_9c560571._.js:2297
[  522239ms] [LOG] Detected Host: sjm.localhost:3000 http://sjm.localhost:3000/dashboardportal/jutePurchase/gateEntry @ http://sjm.localhost:3000/_next/static/chunks/217dd_next_dist_9c560571._.js:2297
[  522239ms] [LOG] Detected Host: sjm.localhost:3000 http://sjm.localhost:3000/dashboardportal/jutePurchase/gateEntry @ http://sjm.localhost:3000/_next/static/chunks/217dd_next_dist_9c560571._.js:2297
[  522262ms] [LOG] Detected Host: sjm.localhost:3000 http://sjm.localhost:3000/dashboardportal/jutePurchase/gateEntry @ http://sjm.localhost:3000/_next/static/chunks/217dd_next_dist_9c560571._.js:2297
[  522262ms] [LOG] Detected Host: sjm.localhost:3000 http://sjm.localhost:3000/dashboardportal/jutePurchase/gateEntry @ http://sjm.localhost:3000/_next/static/chunks/217dd_next_dist_9c560571._.js:2297
[  522291ms] [LOG] Detected Host: sjm.localhost:3000 http://sjm.localhost:3000/dashboardportal/jutePurchase/gateEntry @ http://sjm.localhost:3000/_next/static/chunks/217dd_next_dist_9c560571._.js:2297
[  522292ms] [LOG] Detected Host: sjm.localhost:3000 http://sjm.localhost:3000/dashboardportal/jutePurchase/gateEntry @ http://sjm.localhost:3000/_next/static/chunks/217dd_next_dist_9c560571._.js:2297
[  522381ms] [LOG] Detected Host: sjm.localhost:3000 http://sjm.localhost:3000/dashboardportal/jutePurchase/gateEntry @ http://sjm.localhost:3000/_next/static/chunks/217dd_next_dist_9c560571._.js:2297
[  522387ms] [LOG] Detected Host: sjm.localhost:3000 http://sjm.localhost:3000/dashboardportal/jutePurchase/gateEntry @ http://sjm.localhost:3000/_next/static/chunks/217dd_next_dist_9c560571._.js:2297
[  522484ms] [LOG] Detected Host: sjm.localhost:3000 http://sjm.localhost:3000/dashboardportal/jutePurchase/gateEntry @ http://sjm.localhost:3000/_next/static/chunks/217dd_next_dist_9c560571._.js:2297
[  522489ms] [LOG] Detected Host: sjm.localhost:3000 http://sjm.localhost:3000/dashboardportal/jutePurchase/gateEntry @ http://sjm.localhost:3000/_next/static/chunks/217dd_next_dist_9c560571._.js:2297
[  522608ms] [LOG] Detected Host: sjm.localhost:3000 http://sjm.localhost:3000/dashboardportal/jutePurchase/gateEntry @ http://sjm.localhost:3000/_next/static/chunks/217dd_next_dist_9c560571._.js:2297
[  522614ms] [LOG] Detected Host: sjm.localhost:3000 http://sjm.localhost:3000/dashboardportal/jutePurchase/gateEntry @ http://sjm.localhost:3000/_next/static/chunks/217dd_next_dist_9c560571._.js:2297
[  522955ms] [LOG] Detected Host: sjm.localhost:3000 http://sjm.localhost:3000/dashboardportal/jutePurchase/gateEntry @ http://sjm.localhost:3000/_next/static/chunks/217dd_next_dist_9c560571._.js:2297
[  522959ms] [LOG] Detected Host: sjm.localhost:3000 http://sjm.localhost:3000/dashboardportal/jutePurchase/gateEntry @ http://sjm.localhost:3000/_next/static/chunks/217dd_next_dist_9c560571._.js:2297
[  523267ms] [LOG] Detected Host: sjm.localhost:3000 http://sjm.localhost:3000/dashboardportal/jutePurchase/gateEntry @ http://sjm.localhost:3000/_next/static/chunks/217dd_next_dist_9c560571._.js:2297
[  523271ms] [LOG] Detected Host: sjm.localhost:3000 http://sjm.localhost:3000/dashboardportal/jutePurchase/gateEntry @ http://sjm.localhost:3000/_next/static/chunks/217dd_next_dist_9c560571._.js:2297
[  523584ms] [LOG] [Fast Refresh] rebuilding @ http://sjm.localhost:3000/_next/static/chunks/217dd_next_dist_9c560571._.js:2297
[  525063ms] [LOG] [Fast Refresh] done in 1584ms @ http://sjm.localhost:3000/_next/static/chunks/217dd_next_dist_9c560571._.js:2297
[  525375ms] [INFO] %cDownload the React DevTools for a better development experience: https://react.dev/link/react-devtools font-weight:bold @ http://sjm.localhost:3000/_next/static/chunks/217dd_next_dist_9c560571._.js:2297
[  525419ms] [LOG] [HMR] connected @ http://sjm.localhost:3000/_next/static/chunks/217dd_next_dist_9c560571._.js:2297
[  525615ms] [LOG] Detected Host: sjm.localhost:3000 http://sjm.localhost:3000/dashboardportal/jutePurchase/juteIssue @ http://sjm.localhost:3000/_next/static/chunks/217dd_next_dist_9c560571._.js:2297
[  525616ms] [LOG] Detected Host: sjm.localhost:3000 http://sjm.localhost:3000/dashboardportal/jutePurchase/juteIssue @ http://sjm.localhost:3000/_next/static/chunks/217dd_next_dist_9c560571._.js:2297
[  525646ms] [LOG] Detected Host: sjm.localhost:3000 http://sjm.localhost:3000/dashboardportal/jutePurchase/juteIssue @ http://sjm.localhost:3000/_next/static/chunks/217dd_next_dist_9c560571._.js:2297
[  525647ms] [LOG] Detected Host: sjm.localhost:3000 http://sjm.localhost:3000/dashboardportal/jutePurchase/juteIssue @ http://sjm.localhost:3000/_next/static/chunks/217dd_next_dist_9c560571._.js:2297
[  525671ms] [LOG] Detected Host: sjm.localhost:3000 http://sjm.localhost:3000/dashboardportal/jutePurchase/juteIssue @ http://sjm.localhost:3000/_next/static/chunks/217dd_next_dist_9c560571._.js:2297
[  525671ms] [LOG] Detected Host: sjm.localhost:3000 http://sjm.localhost:3000/dashboardportal/jutePurchase/juteIssue @ http://sjm.localhost:3000/_next/static/chunks/217dd_next_dist_9c560571._.js:2297
[  525695ms] [LOG] Detected Host: sjm.localhost:3000 http://sjm.localhost:3000/dashboardportal/jutePurchase/juteIssue @ http://sjm.localhost:3000/_next/static/chunks/217dd_next_dist_9c560571._.js:2297
[  525696ms] [LOG] Detected Host: sjm.localhost:3000 http://sjm.localhost:3000/dashboardportal/jutePurchase/juteIssue @ http://sjm.localhost:3000/_next/static/chunks/217dd_next_dist_9c560571._.js:2297
[  525726ms] [LOG] Detected Host: sjm.localhost:3000 http://sjm.localhost:3000/dashboardportal/jutePurchase/juteIssue @ http://sjm.localhost:3000/_next/static/chunks/217dd_next_dist_9c560571._.js:2297
[  525726ms] [LOG] Detected Host: sjm.localhost:3000 http://sjm.localhost:3000/dashboardportal/jutePurchase/juteIssue @ http://sjm.localhost:3000/_next/static/chunks/217dd_next_dist_9c560571._.js:2297
[  525750ms] [LOG] Detected Host: sjm.localhost:3000 http://sjm.localhost:3000/dashboardportal/jutePurchase/juteIssue @ http://sjm.localhost:3000/_next/static/chunks/217dd_next_dist_9c560571._.js:2297
[  525751ms] [LOG] Detected Host: sjm.localhost:3000 http://sjm.localhost:3000/dashboardportal/jutePurchase/juteIssue @ http://sjm.localhost:3000/_next/static/chunks/217dd_next_dist_9c560571._.js:2297
[  525777ms] [LOG] Detected Host: sjm.localhost:3000 http://sjm.localhost:3000/dashboardportal/jutePurchase/juteIssue @ http://sjm.localhost:3000/_next/static/chunks/217dd_next_dist_9c560571._.js:2297
[  525777ms] [LOG] Detected Host: sjm.localhost:3000 http://sjm.localhost:3000/dashboardportal/jutePurchase/juteIssue @ http://sjm.localhost:3000/_next/static/chunks/217dd_next_dist_9c560571._.js:2297
[  525779ms] [LOG] [Fast Refresh] rebuilding @ http://sjm.localhost:3000/_next/static/chunks/217dd_next_dist_9c560571._.js:2297
[  525805ms] [LOG] [Fast Refresh] done in 140ms @ http://sjm.localhost:3000/_next/static/chunks/217dd_next_dist_9c560571._.js:2297
[  525854ms] [LOG] Detected Host: sjm.localhost:3000 http://sjm.localhost:3000/dashboardportal/jutePurchase/juteIssue @ http://sjm.localhost:3000/_next/static/chunks/217dd_next_dist_9c560571._.js:2297
[  525859ms] [LOG] Detected Host: sjm.localhost:3000 http://sjm.localhost:3000/dashboardportal/jutePurchase/juteIssue @ http://sjm.localhost:3000/_next/static/chunks/217dd_next_dist_9c560571._.js:2297
[  525946ms] [LOG] Detected Host: sjm.localhost:3000 http://sjm.localhost:3000/dashboardportal/jutePurchase/juteIssue @ http://sjm.localhost:3000/_next/static/chunks/217dd_next_dist_9c560571._.js:2297
[  525952ms] [LOG] Detected Host: sjm.localhost:3000 http://sjm.localhost:3000/dashboardportal/jutePurchase/juteIssue @ http://sjm.localhost:3000/_next/static/chunks/217dd_next_dist_9c560571._.js:2297
[  526110ms] [LOG] Detected Host: sjm.localhost:3000 http://sjm.localhost:3000/dashboardportal/jutePurchase/juteIssue @ http://sjm.localhost:3000/_next/static/chunks/217dd_next_dist_9c560571._.js:2297
[  526116ms] [LOG] Detected Host: sjm.localhost:3000 http://sjm.localhost:3000/dashboardportal/jutePurchase/juteIssue @ http://sjm.localhost:3000/_next/static/chunks/217dd_next_dist_9c560571._.js:2297
[  526282ms] [LOG] Detected Host: sjm.localhost:3000 http://sjm.localhost:3000/dashboardportal/jutePurchase/juteIssue @ http://sjm.localhost:3000/_next/static/chunks/217dd_next_dist_9c560571._.js:2297
[  526287ms] [LOG] Detected Host: sjm.localhost:3000 http://sjm.localhost:3000/dashboardportal/jutePurchase/juteIssue @ http://sjm.localhost:3000/_next/static/chunks/217dd_next_dist_9c560571._.js:2297
[  526430ms] [LOG] Detected Host: sjm.localhost:3000 http://sjm.localhost:3000/dashboardportal/jutePurchase/juteIssue @ http://sjm.localhost:3000/_next/static/chunks/217dd_next_dist_9c560571._.js:2297
[  526433ms] [LOG] Detected Host: sjm.localhost:3000 http://sjm.localhost:3000/dashboardportal/jutePurchase/juteIssue @ http://sjm.localhost:3000/_next/static/chunks/217dd_next_dist_9c560571._.js:2297
[  526666ms] [LOG] [Fast Refresh] rebuilding @ http://sjm.localhost:3000/_next/static/chunks/217dd_next_dist_9c560571._.js:2297
[  528611ms] [LOG] [Fast Refresh] done in 2046ms @ http://sjm.localhost:3000/_next/static/chunks/217dd_next_dist_9c560571._.js:2297
[  529099ms] [INFO] %cDownload the React DevTools for a better development experience: https://react.dev/link/react-devtools font-weight:bold @ http://sjm.localhost:3000/_next/static/chunks/217dd_next_dist_9c560571._.js:2297
[  529193ms] [LOG] [HMR] connected @ http://sjm.localhost:3000/_next/static/chunks/217dd_next_dist_9c560571._.js:2297
[  529435ms] [LOG] Detected Host: sjm.localhost:3000 http://sjm.localhost:3000/dashboardportal/jutePurchase/juteMukamRecv @ http://sjm.localhost:3000/_next/static/chunks/217dd_next_dist_9c560571._.js:2297
[  529436ms] [LOG] Detected Host: sjm.localhost:3000 http://sjm.localhost:3000/dashboardportal/jutePurchase/juteMukamRecv @ http://sjm.localhost:3000/_next/static/chunks/217dd_next_dist_9c560571._.js:2297
[  529465ms] [LOG] Detected Host: sjm.localhost:3000 http://sjm.localhost:3000/dashboardportal/jutePurchase/juteMukamRecv @ http://sjm.localhost:3000/_next/static/chunks/217dd_next_dist_9c560571._.js:2297
[  529468ms] [LOG] Detected Host: sjm.localhost:3000 http://sjm.localhost:3000/dashboardportal/jutePurchase/juteMukamRecv @ http://sjm.localhost:3000/_next/static/chunks/217dd_next_dist_9c560571._.js:2297
[  529493ms] [LOG] Detected Host: sjm.localhost:3000 http://sjm.localhost:3000/dashboardportal/jutePurchase/juteMukamRecv @ http://sjm.localhost:3000/_next/static/chunks/217dd_next_dist_9c560571._.js:2297
[  529494ms] [LOG] Detected Host: sjm.localhost:3000 http://sjm.localhost:3000/dashboardportal/jutePurchase/juteMukamRecv @ http://sjm.localhost:3000/_next/static/chunks/217dd_next_dist_9c560571._.js:2297
[  529522ms] [LOG] Detected Host: sjm.localhost:3000 http://sjm.localhost:3000/dashboardportal/jutePurchase/juteMukamRecv @ http://sjm.localhost:3000/_next/static/chunks/217dd_next_dist_9c560571._.js:2297
[  529523ms] [LOG] Detected Host: sjm.localhost:3000 http://sjm.localhost:3000/dashboardportal/jutePurchase/juteMukamRecv @ http://sjm.localhost:3000/_next/static/chunks/217dd_next_dist_9c560571._.js:2297
[  529538ms] [LOG] [Fast Refresh] rebuilding @ http://sjm.localhost:3000/_next/static/chunks/217dd_next_dist_9c560571._.js:2297
[  529553ms] [LOG] Detected Host: sjm.localhost:3000 http://sjm.localhost:3000/dashboardportal/jutePurchase/juteMukamRecv @ http://sjm.localhost:3000/_next/static/chunks/217dd_next_dist_9c560571._.js:2297
[  529554ms] [LOG] Detected Host: sjm.localhost:3000 http://sjm.localhost:3000/dashboardportal/jutePurchase/juteMukamRecv @ http://sjm.localhost:3000/_next/static/chunks/217dd_next_dist_9c560571._.js:2297
[  529581ms] [LOG] Detected Host: sjm.localhost:3000 http://sjm.localhost:3000/dashboardportal/jutePurchase/juteMukamRecv @ http://sjm.localhost:3000/_next/static/chunks/217dd_next_dist_9c560571._.js:2297
[  529582ms] [LOG] Detected Host: sjm.localhost:3000 http://sjm.localhost:3000/dashboardportal/jutePurchase/juteMukamRecv @ http://sjm.localhost:3000/_next/static/chunks/217dd_next_dist_9c560571._.js:2297
[  529652ms] [LOG] Detected Host: sjm.localhost:3000 http://sjm.localhost:3000/dashboardportal/jutePurchase/juteMukamRecv @ http://sjm.localhost:3000/_next/static/chunks/217dd_next_dist_9c560571._.js:2297
[  529659ms] [LOG] Detected Host: sjm.localhost:3000 http://sjm.localhost:3000/dashboardportal/jutePurchase/juteMukamRecv @ http://sjm.localhost:3000/_next/static/chunks/217dd_next_dist_9c560571._.js:2297
[  529697ms] [LOG] Detected Host: sjm.localhost:3000 http://sjm.localhost:3000/dashboardportal/jutePurchase/juteMukamRecv @ http://sjm.localhost:3000/_next/static/chunks/217dd_next_dist_9c560571._.js:2297
[  529702ms] [LOG] Detected Host: sjm.localhost:3000 http://sjm.localhost:3000/dashboardportal/jutePurchase/juteMukamRecv @ http://sjm.localhost:3000/_next/static/chunks/217dd_next_dist_9c560571._.js:2297
[  529738ms] [LOG] Detected Host: sjm.localhost:3000 http://sjm.localhost:3000/dashboardportal/jutePurchase/juteMukamRecv @ http://sjm.localhost:3000/_next/static/chunks/217dd_next_dist_9c560571._.js:2297
[  529744ms] [LOG] Detected Host: sjm.localhost:3000 http://sjm.localhost:3000/dashboardportal/jutePurchase/juteMukamRecv @ http://sjm.localhost:3000/_next/static/chunks/217dd_next_dist_9c560571._.js:2297
[  529781ms] [LOG] Detected Host: sjm.localhost:3000 http://sjm.localhost:3000/dashboardportal/jutePurchase/juteMukamRecv @ http://sjm.localhost:3000/_next/static/chunks/217dd_next_dist_9c560571._.js:2297
[  529785ms] [LOG] Detected Host: sjm.localhost:3000 http://sjm.localhost:3000/dashboardportal/jutePurchase/juteMukamRecv @ http://sjm.localhost:3000/_next/static/chunks/217dd_next_dist_9c560571._.js:2297
[  529818ms] [LOG] Detected Host: sjm.localhost:3000 http://sjm.localhost:3000/dashboardportal/jutePurchase/juteMukamRecv @ http://sjm.localhost:3000/_next/static/chunks/217dd_next_dist_9c560571._.js:2297
[  529822ms] [LOG] Detected Host: sjm.localhost:3000 http://sjm.localhost:3000/dashboardportal/jutePurchase/juteMukamRecv @ http://sjm.localhost:3000/_next/static/chunks/217dd_next_dist_9c560571._.js:2297
[  532147ms] [LOG] [Fast Refresh] done in 2713ms @ http://sjm.localhost:3000/_next/static/chunks/217dd_next_dist_9c560571._.js:2297
[  532374ms] [INFO] %cDownload the React DevTools for a better development experience: https://react.dev/link/react-devtools font-weight:bold @ http://sjm.localhost:3000/_next/static/chunks/217dd_next_dist_9c560571._.js:2297
[  532429ms] [LOG] [HMR] connected @ http://sjm.localhost:3000/_next/static/chunks/217dd_next_dist_9c560571._.js:2297
[  532654ms] [LOG] Detected Host: sjm.localhost:3000 http://sjm.localhost:3000/dashboardportal/jutePurchase/materialInspection @ http://sjm.localhost:3000/_next/static/chunks/217dd_next_dist_9c560571._.js:2297
[  532655ms] [LOG] Detected Host: sjm.localhost:3000 http://sjm.localhost:3000/dashboardportal/jutePurchase/materialInspection @ http://sjm.localhost:3000/_next/static/chunks/217dd_next_dist_9c560571._.js:2297
[  532682ms] [LOG] Detected Host: sjm.localhost:3000 http://sjm.localhost:3000/dashboardportal/jutePurchase/materialInspection @ http://sjm.localhost:3000/_next/static/chunks/217dd_next_dist_9c560571._.js:2297
[  532683ms] [LOG] Detected Host: sjm.localhost:3000 http://sjm.localhost:3000/dashboardportal/jutePurchase/materialInspection @ http://sjm.localhost:3000/_next/static/chunks/217dd_next_dist_9c560571._.js:2297
[  532715ms] [LOG] Detected Host: sjm.localhost:3000 http://sjm.localhost:3000/dashboardportal/jutePurchase/materialInspection @ http://sjm.localhost:3000/_next/static/chunks/217dd_next_dist_9c560571._.js:2297
[  532716ms] [LOG] Detected Host: sjm.localhost:3000 http://sjm.localhost:3000/dashboardportal/jutePurchase/materialInspection @ http://sjm.localhost:3000/_next/static/chunks/217dd_next_dist_9c560571._.js:2297
[  532739ms] [LOG] Detected Host: sjm.localhost:3000 http://sjm.localhost:3000/dashboardportal/jutePurchase/materialInspection @ http://sjm.localhost:3000/_next/static/chunks/217dd_next_dist_9c560571._.js:2297
[  532740ms] [LOG] Detected Host: sjm.localhost:3000 http://sjm.localhost:3000/dashboardportal/jutePurchase/materialInspection @ http://sjm.localhost:3000/_next/static/chunks/217dd_next_dist_9c560571._.js:2297
[  532763ms] [LOG] Detected Host: sjm.localhost:3000 http://sjm.localhost:3000/dashboardportal/jutePurchase/materialInspection @ http://sjm.localhost:3000/_next/static/chunks/217dd_next_dist_9c560571._.js:2297
[  532763ms] [LOG] Detected Host: sjm.localhost:3000 http://sjm.localhost:3000/dashboardportal/jutePurchase/materialInspection @ http://sjm.localhost:3000/_next/static/chunks/217dd_next_dist_9c560571._.js:2297
[  532784ms] [LOG] Detected Host: sjm.localhost:3000 http://sjm.localhost:3000/dashboardportal/jutePurchase/materialInspection @ http://sjm.localhost:3000/_next/static/chunks/217dd_next_dist_9c560571._.js:2297
[  532784ms] [LOG] Detected Host: sjm.localhost:3000 http://sjm.localhost:3000/dashboardportal/jutePurchase/materialInspection @ http://sjm.localhost:3000/_next/static/chunks/217dd_next_dist_9c560571._.js:2297
[  532840ms] [LOG] Detected Host: sjm.localhost:3000 http://sjm.localhost:3000/dashboardportal/jutePurchase/materialInspection @ http://sjm.localhost:3000/_next/static/chunks/217dd_next_dist_9c560571._.js:2297
[  532841ms] [LOG] Detected Host: sjm.localhost:3000 http://sjm.localhost:3000/dashboardportal/jutePurchase/materialInspection @ http://sjm.localhost:3000/_next/static/chunks/217dd_next_dist_9c560571._.js:2297
[  532892ms] [LOG] Detected Host: sjm.localhost:3000 http://sjm.localhost:3000/dashboardportal/jutePurchase/materialInspection @ http://sjm.localhost:3000/_next/static/chunks/217dd_next_dist_9c560571._.js:2297
[  532899ms] [LOG] Detected Host: sjm.localhost:3000 http://sjm.localhost:3000/dashboardportal/jutePurchase/materialInspection @ http://sjm.localhost:3000/_next/static/chunks/217dd_next_dist_9c560571._.js:2297
[  533039ms] [LOG] Detected Host: sjm.localhost:3000 http://sjm.localhost:3000/dashboardportal/jutePurchase/materialInspection @ http://sjm.localhost:3000/_next/static/chunks/217dd_next_dist_9c560571._.js:2297
[  533046ms] [LOG] Detected Host: sjm.localhost:3000 http://sjm.localhost:3000/dashboardportal/jutePurchase/materialInspection @ http://sjm.localhost:3000/_next/static/chunks/217dd_next_dist_9c560571._.js:2297
[  533183ms] [LOG] Detected Host: sjm.localhost:3000 http://sjm.localhost:3000/dashboardportal/jutePurchase/materialInspection @ http://sjm.localhost:3000/_next/static/chunks/217dd_next_dist_9c560571._.js:2297
[  533189ms] [LOG] Detected Host: sjm.localhost:3000 http://sjm.localhost:3000/dashboardportal/jutePurchase/materialInspection @ http://sjm.localhost:3000/_next/static/chunks/217dd_next_dist_9c560571._.js:2297
[  533455ms] [LOG] Detected Host: sjm.localhost:3000 http://sjm.localhost:3000/dashboardportal/jutePurchase/materialInspection @ http://sjm.localhost:3000/_next/static/chunks/217dd_next_dist_9c560571._.js:2297
[  533460ms] [LOG] Detected Host: sjm.localhost:3000 http://sjm.localhost:3000/dashboardportal/jutePurchase/materialInspection @ http://sjm.localhost:3000/_next/static/chunks/217dd_next_dist_9c560571._.js:2297
[  533870ms] [LOG] Detected Host: sjm.localhost:3000 http://sjm.localhost:3000/dashboardportal/jutePurchase/materialInspection @ http://sjm.localhost:3000/_next/static/chunks/217dd_next_dist_9c560571._.js:2297
[  533873ms] [LOG] Detected Host: sjm.localhost:3000 http://sjm.localhost:3000/dashboardportal/jutePurchase/materialInspection @ http://sjm.localhost:3000/_next/static/chunks/217dd_next_dist_9c560571._.js:2297
[  534201ms] [LOG] [Fast Refresh] rebuilding @ http://sjm.localhost:3000/_next/static/chunks/217dd_next_dist_9c560571._.js:2297
[  536292ms] [LOG] [Fast Refresh] done in 2192ms @ http://sjm.localhost:3000/_next/static/chunks/217dd_next_dist_9c560571._.js:2297
[  536518ms] [INFO] %cDownload the React DevTools for a better development experience: https://react.dev/link/react-devtools font-weight:bold @ http://sjm.localhost:3000/_next/static/chunks/217dd_next_dist_9c560571._.js:2297
[  536560ms] [LOG] [HMR] connected @ http://sjm.localhost:3000/_next/static/chunks/217dd_next_dist_9c560571._.js:2297
[  536667ms] [LOG] Detected Host: sjm.localhost:3000 http://sjm.localhost:3000/dashboardportal/jutePurchase/mr @ http://sjm.localhost:3000/_next/static/chunks/217dd_next_dist_9c560571._.js:2297
[  536668ms] [LOG] Detected Host: sjm.localhost:3000 http://sjm.localhost:3000/dashboardportal/jutePurchase/mr @ http://sjm.localhost:3000/_next/static/chunks/217dd_next_dist_9c560571._.js:2297
[  536698ms] [LOG] Detected Host: sjm.localhost:3000 http://sjm.localhost:3000/dashboardportal/jutePurchase/mr @ http://sjm.localhost:3000/_next/static/chunks/217dd_next_dist_9c560571._.js:2297
[  536698ms] [LOG] Detected Host: sjm.localhost:3000 http://sjm.localhost:3000/dashboardportal/jutePurchase/mr @ http://sjm.localhost:3000/_next/static/chunks/217dd_next_dist_9c560571._.js:2297
[  536720ms] [LOG] Detected Host: sjm.localhost:3000 http://sjm.localhost:3000/dashboardportal/jutePurchase/mr @ http://sjm.localhost:3000/_next/static/chunks/217dd_next_dist_9c560571._.js:2297
[  536720ms] [LOG] Detected Host: sjm.localhost:3000 http://sjm.localhost:3000/dashboardportal/jutePurchase/mr @ http://sjm.localhost:3000/_next/static/chunks/217dd_next_dist_9c560571._.js:2297
[  536744ms] [LOG] Detected Host: sjm.localhost:3000 http://sjm.localhost:3000/dashboardportal/jutePurchase/mr @ http://sjm.localhost:3000/_next/static/chunks/217dd_next_dist_9c560571._.js:2297
[  536744ms] [LOG] Detected Host: sjm.localhost:3000 http://sjm.localhost:3000/dashboardportal/jutePurchase/mr @ http://sjm.localhost:3000/_next/static/chunks/217dd_next_dist_9c560571._.js:2297
[  536766ms] [LOG] Detected Host: sjm.localhost:3000 http://sjm.localhost:3000/dashboardportal/jutePurchase/mr @ http://sjm.localhost:3000/_next/static/chunks/217dd_next_dist_9c560571._.js:2297
[  536767ms] [LOG] Detected Host: sjm.localhost:3000 http://sjm.localhost:3000/dashboardportal/jutePurchase/mr @ http://sjm.localhost:3000/_next/static/chunks/217dd_next_dist_9c560571._.js:2297
[  536796ms] [LOG] Detected Host: sjm.localhost:3000 http://sjm.localhost:3000/dashboardportal/jutePurchase/mr @ http://sjm.localhost:3000/_next/static/chunks/217dd_next_dist_9c560571._.js:2297
[  536796ms] [LOG] Detected Host: sjm.localhost:3000 http://sjm.localhost:3000/dashboardportal/jutePurchase/mr @ http://sjm.localhost:3000/_next/static/chunks/217dd_next_dist_9c560571._.js:2297
[  536819ms] [LOG] Detected Host: sjm.localhost:3000 http://sjm.localhost:3000/dashboardportal/jutePurchase/mr @ http://sjm.localhost:3000/_next/static/chunks/217dd_next_dist_9c560571._.js:2297
[  536820ms] [LOG] Detected Host: sjm.localhost:3000 http://sjm.localhost:3000/dashboardportal/jutePurchase/mr @ http://sjm.localhost:3000/_next/static/chunks/217dd_next_dist_9c560571._.js:2297
[  536842ms] [LOG] Detected Host: sjm.localhost:3000 http://sjm.localhost:3000/dashboardportal/jutePurchase/mr @ http://sjm.localhost:3000/_next/static/chunks/217dd_next_dist_9c560571._.js:2297
[  536843ms] [LOG] Detected Host: sjm.localhost:3000 http://sjm.localhost:3000/dashboardportal/jutePurchase/mr @ http://sjm.localhost:3000/_next/static/chunks/217dd_next_dist_9c560571._.js:2297
[  536870ms] [LOG] Detected Host: sjm.localhost:3000 http://sjm.localhost:3000/dashboardportal/jutePurchase/mr @ http://sjm.localhost:3000/_next/static/chunks/217dd_next_dist_9c560571._.js:2297
[  536871ms] [LOG] Detected Host: sjm.localhost:3000 http://sjm.localhost:3000/dashboardportal/jutePurchase/mr @ http://sjm.localhost:3000/_next/static/chunks/217dd_next_dist_9c560571._.js:2297
[  536922ms] [LOG] Detected Host: sjm.localhost:3000 http://sjm.localhost:3000/dashboardportal/jutePurchase/mr @ http://sjm.localhost:3000/_next/static/chunks/217dd_next_dist_9c560571._.js:2297
[  536923ms] [LOG] Detected Host: sjm.localhost:3000 http://sjm.localhost:3000/dashboardportal/jutePurchase/mr @ http://sjm.localhost:3000/_next/static/chunks/217dd_next_dist_9c560571._.js:2297
[  536972ms] [LOG] Detected Host: sjm.localhost:3000 http://sjm.localhost:3000/dashboardportal/jutePurchase/mr @ http://sjm.localhost:3000/_next/static/chunks/217dd_next_dist_9c560571._.js:2297
[  536980ms] [LOG] Detected Host: sjm.localhost:3000 http://sjm.localhost:3000/dashboardportal/jutePurchase/mr @ http://sjm.localhost:3000/_next/static/chunks/217dd_next_dist_9c560571._.js:2297
[  537077ms] [LOG] Detected Host: sjm.localhost:3000 http://sjm.localhost:3000/dashboardportal/jutePurchase/mr @ http://sjm.localhost:3000/_next/static/chunks/217dd_next_dist_9c560571._.js:2297
[  537082ms] [LOG] Detected Host: sjm.localhost:3000 http://sjm.localhost:3000/dashboardportal/jutePurchase/mr @ http://sjm.localhost:3000/_next/static/chunks/217dd_next_dist_9c560571._.js:2297
[  537217ms] [LOG] Detected Host: sjm.localhost:3000 http://sjm.localhost:3000/dashboardportal/jutePurchase/mr @ http://sjm.localhost:3000/_next/static/chunks/217dd_next_dist_9c560571._.js:2297
[  537236ms] [LOG] Detected Host: sjm.localhost:3000 http://sjm.localhost:3000/dashboardportal/jutePurchase/mr @ http://sjm.localhost:3000/_next/static/chunks/217dd_next_dist_9c560571._.js:2297
[  537501ms] [LOG] Detected Host: sjm.localhost:3000 http://sjm.localhost:3000/dashboardportal/jutePurchase/mr @ http://sjm.localhost:3000/_next/static/chunks/217dd_next_dist_9c560571._.js:2297
[  537502ms] [LOG] Detected Host: sjm.localhost:3000 http://sjm.localhost:3000/dashboardportal/jutePurchase/mr @ http://sjm.localhost:3000/_next/static/chunks/217dd_next_dist_9c560571._.js:2297
[  537649ms] [LOG] Detected Host: sjm.localhost:3000 http://sjm.localhost:3000/dashboardportal/jutePurchase/mr @ http://sjm.localhost:3000/_next/static/chunks/217dd_next_dist_9c560571._.js:2297
[  537653ms] [LOG] Detected Host: sjm.localhost:3000 http://sjm.localhost:3000/dashboardportal/jutePurchase/mr @ http://sjm.localhost:3000/_next/static/chunks/217dd_next_dist_9c560571._.js:2297
[  537983ms] [LOG] [Fast Refresh] rebuilding @ http://sjm.localhost:3000/_next/static/chunks/217dd_next_dist_9c560571._.js:2297
[  538053ms] [LOG] [Fast Refresh] done in 175ms @ http://sjm.localhost:3000/_next/static/chunks/217dd_next_dist_9c560571._.js:2297
[  538283ms] [INFO] %cDownload the React DevTools for a better development experience: https://react.dev/link/react-devtools font-weight:bold @ http://sjm.localhost:3000/_next/static/chunks/217dd_next_dist_9c560571._.js:2297
[  538325ms] [LOG] [HMR] connected @ http://sjm.localhost:3000/_next/static/chunks/217dd_next_dist_9c560571._.js:2297
[  538511ms] [LOG] Detected Host: sjm.localhost:3000 http://sjm.localhost:3000/dashboardportal/jutePurchase/po @ http://sjm.localhost:3000/_next/static/chunks/217dd_next_dist_9c560571._.js:2297
[  538512ms] [LOG] Detected Host: sjm.localhost:3000 http://sjm.localhost:3000/dashboardportal/jutePurchase/po @ http://sjm.localhost:3000/_next/static/chunks/217dd_next_dist_9c560571._.js:2297
[  538539ms] [LOG] Detected Host: sjm.localhost:3000 http://sjm.localhost:3000/dashboardportal/jutePurchase/po @ http://sjm.localhost:3000/_next/static/chunks/217dd_next_dist_9c560571._.js:2297
[  538541ms] [LOG] Detected Host: sjm.localhost:3000 http://sjm.localhost:3000/dashboardportal/jutePurchase/po @ http://sjm.localhost:3000/_next/static/chunks/217dd_next_dist_9c560571._.js:2297
[  538565ms] [LOG] Detected Host: sjm.localhost:3000 http://sjm.localhost:3000/dashboardportal/jutePurchase/po @ http://sjm.localhost:3000/_next/static/chunks/217dd_next_dist_9c560571._.js:2297
[  538566ms] [LOG] Detected Host: sjm.localhost:3000 http://sjm.localhost:3000/dashboardportal/jutePurchase/po @ http://sjm.localhost:3000/_next/static/chunks/217dd_next_dist_9c560571._.js:2297
[  538593ms] [LOG] Detected Host: sjm.localhost:3000 http://sjm.localhost:3000/dashboardportal/jutePurchase/po @ http://sjm.localhost:3000/_next/static/chunks/217dd_next_dist_9c560571._.js:2297
[  538594ms] [LOG] Detected Host: sjm.localhost:3000 http://sjm.localhost:3000/dashboardportal/jutePurchase/po @ http://sjm.localhost:3000/_next/static/chunks/217dd_next_dist_9c560571._.js:2297
[  538619ms] [LOG] Detected Host: sjm.localhost:3000 http://sjm.localhost:3000/dashboardportal/jutePurchase/po @ http://sjm.localhost:3000/_next/static/chunks/217dd_next_dist_9c560571._.js:2297
[  538620ms] [LOG] Detected Host: sjm.localhost:3000 http://sjm.localhost:3000/dashboardportal/jutePurchase/po @ http://sjm.localhost:3000/_next/static/chunks/217dd_next_dist_9c560571._.js:2297
[  538644ms] [LOG] Detected Host: sjm.localhost:3000 http://sjm.localhost:3000/dashboardportal/jutePurchase/po @ http://sjm.localhost:3000/_next/static/chunks/217dd_next_dist_9c560571._.js:2297
[  538645ms] [LOG] Detected Host: sjm.localhost:3000 http://sjm.localhost:3000/dashboardportal/jutePurchase/po @ http://sjm.localhost:3000/_next/static/chunks/217dd_next_dist_9c560571._.js:2297
[  538680ms] [LOG] [Fast Refresh] rebuilding @ http://sjm.localhost:3000/_next/static/chunks/217dd_next_dist_9c560571._.js:2297
[  538687ms] [LOG] [Fast Refresh] done in 131ms @ http://sjm.localhost:3000/_next/static/chunks/217dd_next_dist_9c560571._.js:2297
[  538689ms] [LOG] Detected Host: sjm.localhost:3000 http://sjm.localhost:3000/dashboardportal/jutePurchase/po @ http://sjm.localhost:3000/_next/static/chunks/217dd_next_dist_9c560571._.js:2297
[  538689ms] [LOG] Detected Host: sjm.localhost:3000 http://sjm.localhost:3000/dashboardportal/jutePurchase/po @ http://sjm.localhost:3000/_next/static/chunks/217dd_next_dist_9c560571._.js:2297
[  538735ms] [LOG] Detected Host: sjm.localhost:3000 http://sjm.localhost:3000/dashboardportal/jutePurchase/po @ http://sjm.localhost:3000/_next/static/chunks/217dd_next_dist_9c560571._.js:2297
[  538741ms] [LOG] Detected Host: sjm.localhost:3000 http://sjm.localhost:3000/dashboardportal/jutePurchase/po @ http://sjm.localhost:3000/_next/static/chunks/217dd_next_dist_9c560571._.js:2297
[  538836ms] [LOG] Detected Host: sjm.localhost:3000 http://sjm.localhost:3000/dashboardportal/jutePurchase/po @ http://sjm.localhost:3000/_next/static/chunks/217dd_next_dist_9c560571._.js:2297
[  538842ms] [LOG] Detected Host: sjm.localhost:3000 http://sjm.localhost:3000/dashboardportal/jutePurchase/po @ http://sjm.localhost:3000/_next/static/chunks/217dd_next_dist_9c560571._.js:2297
[  538964ms] [LOG] Detected Host: sjm.localhost:3000 http://sjm.localhost:3000/dashboardportal/jutePurchase/po @ http://sjm.localhost:3000/_next/static/chunks/217dd_next_dist_9c560571._.js:2297
[  538972ms] [LOG] Detected Host: sjm.localhost:3000 http://sjm.localhost:3000/dashboardportal/jutePurchase/po @ http://sjm.localhost:3000/_next/static/chunks/217dd_next_dist_9c560571._.js:2297
[  539242ms] [LOG] Detected Host: sjm.localhost:3000 http://sjm.localhost:3000/dashboardportal/jutePurchase/po @ http://sjm.localhost:3000/_next/static/chunks/217dd_next_dist_9c560571._.js:2297
[  539246ms] [LOG] Detected Host: sjm.localhost:3000 http://sjm.localhost:3000/dashboardportal/jutePurchase/po @ http://sjm.localhost:3000/_next/static/chunks/217dd_next_dist_9c560571._.js:2297
[  539543ms] [LOG] Detected Host: sjm.localhost:3000 http://sjm.localhost:3000/dashboardportal/jutePurchase/po @ http://sjm.localhost:3000/_next/static/chunks/217dd_next_dist_9c560571._.js:2297
[  539546ms] [LOG] Detected Host: sjm.localhost:3000 http://sjm.localhost:3000/dashboardportal/jutePurchase/po @ http://sjm.localhost:3000/_next/static/chunks/217dd_next_dist_9c560571._.js:2297
[  539799ms] [LOG] [Fast Refresh] rebuilding @ http://sjm.localhost:3000/_next/static/chunks/217dd_next_dist_9c560571._.js:2297
[  541566ms] [LOG] [Fast Refresh] done in 1873ms @ http://sjm.localhost:3000/_next/static/chunks/217dd_next_dist_9c560571._.js:2297
[  541836ms] [INFO] %cDownload the React DevTools for a better development experience: https://react.dev/link/react-devtools font-weight:bold @ http://sjm.localhost:3000/_next/static/chunks/217dd_next_dist_9c560571._.js:2297
[  541882ms] [LOG] [HMR] connected @ http://sjm.localhost:3000/_next/static/chunks/217dd_next_dist_9c560571._.js:2297
[  542028ms] [LOG] Detected Host: sjm.localhost:3000 http://sjm.localhost:3000/dashboardportal/jutePurchase/poapp @ http://sjm.localhost:3000/_next/static/chunks/217dd_next_dist_9c560571._.js:2297
[  542029ms] [LOG] Detected Host: sjm.localhost:3000 http://sjm.localhost:3000/dashboardportal/jutePurchase/poapp @ http://sjm.localhost:3000/_next/static/chunks/217dd_next_dist_9c560571._.js:2297
[  542059ms] [LOG] Detected Host: sjm.localhost:3000 http://sjm.localhost:3000/dashboardportal/jutePurchase/poapp @ http://sjm.localhost:3000/_next/static/chunks/217dd_next_dist_9c560571._.js:2297
[  542059ms] [LOG] Detected Host: sjm.localhost:3000 http://sjm.localhost:3000/dashboardportal/jutePurchase/poapp @ http://sjm.localhost:3000/_next/static/chunks/217dd_next_dist_9c560571._.js:2297
[  542080ms] [LOG] Detected Host: sjm.localhost:3000 http://sjm.localhost:3000/dashboardportal/jutePurchase/poapp @ http://sjm.localhost:3000/_next/static/chunks/217dd_next_dist_9c560571._.js:2297
[  542081ms] [LOG] Detected Host: sjm.localhost:3000 http://sjm.localhost:3000/dashboardportal/jutePurchase/poapp @ http://sjm.localhost:3000/_next/static/chunks/217dd_next_dist_9c560571._.js:2297
[  542109ms] [LOG] Detected Host: sjm.localhost:3000 http://sjm.localhost:3000/dashboardportal/jutePurchase/poapp @ http://sjm.localhost:3000/_next/static/chunks/217dd_next_dist_9c560571._.js:2297
[  542110ms] [LOG] Detected Host: sjm.localhost:3000 http://sjm.localhost:3000/dashboardportal/jutePurchase/poapp @ http://sjm.localhost:3000/_next/static/chunks/217dd_next_dist_9c560571._.js:2297
[  542135ms] [LOG] Detected Host: sjm.localhost:3000 http://sjm.localhost:3000/dashboardportal/jutePurchase/poapp @ http://sjm.localhost:3000/_next/static/chunks/217dd_next_dist_9c560571._.js:2297
[  542136ms] [LOG] Detected Host: sjm.localhost:3000 http://sjm.localhost:3000/dashboardportal/jutePurchase/poapp @ http://sjm.localhost:3000/_next/static/chunks/217dd_next_dist_9c560571._.js:2297
[  542164ms] [LOG] Detected Host: sjm.localhost:3000 http://sjm.localhost:3000/dashboardportal/jutePurchase/poapp @ http://sjm.localhost:3000/_next/static/chunks/217dd_next_dist_9c560571._.js:2297
[  542165ms] [LOG] Detected Host: sjm.localhost:3000 http://sjm.localhost:3000/dashboardportal/jutePurchase/poapp @ http://sjm.localhost:3000/_next/static/chunks/217dd_next_dist_9c560571._.js:2297
[  542187ms] [LOG] Detected Host: sjm.localhost:3000 http://sjm.localhost:3000/dashboardportal/jutePurchase/poapp @ http://sjm.localhost:3000/_next/static/chunks/217dd_next_dist_9c560571._.js:2297
[  542187ms] [LOG] Detected Host: sjm.localhost:3000 http://sjm.localhost:3000/dashboardportal/jutePurchase/poapp @ http://sjm.localhost:3000/_next/static/chunks/217dd_next_dist_9c560571._.js:2297
[  542213ms] [LOG] Detected Host: sjm.localhost:3000 http://sjm.localhost:3000/dashboardportal/jutePurchase/poapp @ http://sjm.localhost:3000/_next/static/chunks/217dd_next_dist_9c560571._.js:2297
[  542214ms] [LOG] Detected Host: sjm.localhost:3000 http://sjm.localhost:3000/dashboardportal/jutePurchase/poapp @ http://sjm.localhost:3000/_next/static/chunks/217dd_next_dist_9c560571._.js:2297
[  542234ms] [LOG] Detected Host: sjm.localhost:3000 http://sjm.localhost:3000/dashboardportal/jutePurchase/poapp @ http://sjm.localhost:3000/_next/static/chunks/217dd_next_dist_9c560571._.js:2297
[  542235ms] [LOG] Detected Host: sjm.localhost:3000 http://sjm.localhost:3000/dashboardportal/jutePurchase/poapp @ http://sjm.localhost:3000/_next/static/chunks/217dd_next_dist_9c560571._.js:2297
[  542255ms] [LOG] Detected Host: sjm.localhost:3000 http://sjm.localhost:3000/dashboardportal/jutePurchase/poapp @ http://sjm.localhost:3000/_next/static/chunks/217dd_next_dist_9c560571._.js:2297
[  542256ms] [LOG] Detected Host: sjm.localhost:3000 http://sjm.localhost:3000/dashboardportal/jutePurchase/poapp @ http://sjm.localhost:3000/_next/static/chunks/217dd_next_dist_9c560571._.js:2297
[  542283ms] [LOG] Detected Host: sjm.localhost:3000 http://sjm.localhost:3000/dashboardportal/jutePurchase/poapp @ http://sjm.localhost:3000/_next/static/chunks/217dd_next_dist_9c560571._.js:2297
[  542284ms] [LOG] Detected Host: sjm.localhost:3000 http://sjm.localhost:3000/dashboardportal/jutePurchase/poapp @ http://sjm.localhost:3000/_next/static/chunks/217dd_next_dist_9c560571._.js:2297
[  542358ms] [LOG] Detected Host: sjm.localhost:3000 http://sjm.localhost:3000/dashboardportal/jutePurchase/poapp @ http://sjm.localhost:3000/_next/static/chunks/217dd_next_dist_9c560571._.js:2297
[  542365ms] [LOG] Detected Host: sjm.localhost:3000 http://sjm.localhost:3000/dashboardportal/jutePurchase/poapp @ http://sjm.localhost:3000/_next/static/chunks/217dd_next_dist_9c560571._.js:2297
[  542483ms] [LOG] Detected Host: sjm.localhost:3000 http://sjm.localhost:3000/dashboardportal/jutePurchase/poapp @ http://sjm.localhost:3000/_next/static/chunks/217dd_next_dist_9c560571._.js:2297
[  542489ms] [LOG] Detected Host: sjm.localhost:3000 http://sjm.localhost:3000/dashboardportal/jutePurchase/poapp @ http://sjm.localhost:3000/_next/static/chunks/217dd_next_dist_9c560571._.js:2297
[  542655ms] [LOG] Detected Host: sjm.localhost:3000 http://sjm.localhost:3000/dashboardportal/jutePurchase/poapp @ http://sjm.localhost:3000/_next/static/chunks/217dd_next_dist_9c560571._.js:2297
[  542662ms] [LOG] Detected Host: sjm.localhost:3000 http://sjm.localhost:3000/dashboardportal/jutePurchase/poapp @ http://sjm.localhost:3000/_next/static/chunks/217dd_next_dist_9c560571._.js:2297
[  542949ms] [LOG] Detected Host: sjm.localhost:3000 http://sjm.localhost:3000/dashboardportal/jutePurchase/poapp @ http://sjm.localhost:3000/_next/static/chunks/217dd_next_dist_9c560571._.js:2297
[  542954ms] [LOG] Detected Host: sjm.localhost:3000 http://sjm.localhost:3000/dashboardportal/jutePurchase/poapp @ http://sjm.localhost:3000/_next/static/chunks/217dd_next_dist_9c560571._.js:2297
[  543277ms] [LOG] Detected Host: sjm.localhost:3000 http://sjm.localhost:3000/dashboardportal/jutePurchase/poapp @ http://sjm.localhost:3000/_next/static/chunks/217dd_next_dist_9c560571._.js:2297
[  543279ms] [LOG] Detected Host: sjm.localhost:3000 http://sjm.localhost:3000/dashboardportal/jutePurchase/poapp @ http://sjm.localhost:3000/_next/static/chunks/217dd_next_dist_9c560571._.js:2297
[  543573ms] [LOG] [Fast Refresh] rebuilding @ http://sjm.localhost:3000/_next/static/chunks/217dd_next_dist_9c560571._.js:2297
[  545545ms] [LOG] [Fast Refresh] done in 2076ms @ http://sjm.localhost:3000/_next/static/chunks/217dd_next_dist_9c560571._.js:2297
[  545934ms] [INFO] %cDownload the React DevTools for a better development experience: https://react.dev/link/react-devtools font-weight:bold @ http://sjm.localhost:3000/_next/static/chunks/217dd_next_dist_9c560571._.js:2297
[  546013ms] [LOG] [HMR] connected @ http://sjm.localhost:3000/_next/static/chunks/217dd_next_dist_9c560571._.js:2297
[  546258ms] [LOG] Detected Host: sjm.localhost:3000 http://sjm.localhost:3000/dashboardportal/jutePurchase/reports @ http://sjm.localhost:3000/_next/static/chunks/217dd_next_dist_9c560571._.js:2297
[  546259ms] [LOG] Detected Host: sjm.localhost:3000 http://sjm.localhost:3000/dashboardportal/jutePurchase/reports @ http://sjm.localhost:3000/_next/static/chunks/217dd_next_dist_9c560571._.js:2297
[  546287ms] [LOG] Detected Host: sjm.localhost:3000 http://sjm.localhost:3000/dashboardportal/jutePurchase/reports @ http://sjm.localhost:3000/_next/static/chunks/217dd_next_dist_9c560571._.js:2297
[  546287ms] [LOG] Detected Host: sjm.localhost:3000 http://sjm.localhost:3000/dashboardportal/jutePurchase/reports @ http://sjm.localhost:3000/_next/static/chunks/217dd_next_dist_9c560571._.js:2297
[  546310ms] [LOG] Detected Host: sjm.localhost:3000 http://sjm.localhost:3000/dashboardportal/jutePurchase/reports @ http://sjm.localhost:3000/_next/static/chunks/217dd_next_dist_9c560571._.js:2297
[  546311ms] [LOG] Detected Host: sjm.localhost:3000 http://sjm.localhost:3000/dashboardportal/jutePurchase/reports @ http://sjm.localhost:3000/_next/static/chunks/217dd_next_dist_9c560571._.js:2297
[  546337ms] [LOG] Detected Host: sjm.localhost:3000 http://sjm.localhost:3000/dashboardportal/jutePurchase/reports @ http://sjm.localhost:3000/_next/static/chunks/217dd_next_dist_9c560571._.js:2297
[  546338ms] [LOG] Detected Host: sjm.localhost:3000 http://sjm.localhost:3000/dashboardportal/jutePurchase/reports @ http://sjm.localhost:3000/_next/static/chunks/217dd_next_dist_9c560571._.js:2297
[  546362ms] [LOG] Detected Host: sjm.localhost:3000 http://sjm.localhost:3000/dashboardportal/jutePurchase/reports @ http://sjm.localhost:3000/_next/static/chunks/217dd_next_dist_9c560571._.js:2297
[  546362ms] [LOG] Detected Host: sjm.localhost:3000 http://sjm.localhost:3000/dashboardportal/jutePurchase/reports @ http://sjm.localhost:3000/_next/static/chunks/217dd_next_dist_9c560571._.js:2297
[  546383ms] [LOG] Detected Host: sjm.localhost:3000 http://sjm.localhost:3000/dashboardportal/jutePurchase/reports @ http://sjm.localhost:3000/_next/static/chunks/217dd_next_dist_9c560571._.js:2297
[  546384ms] [LOG] Detected Host: sjm.localhost:3000 http://sjm.localhost:3000/dashboardportal/jutePurchase/reports @ http://sjm.localhost:3000/_next/static/chunks/217dd_next_dist_9c560571._.js:2297
[  546434ms] [LOG] [Fast Refresh] rebuilding @ http://sjm.localhost:3000/_next/static/chunks/217dd_next_dist_9c560571._.js:2297
[  546458ms] [LOG] [Fast Refresh] done in 154ms @ http://sjm.localhost:3000/_next/static/chunks/217dd_next_dist_9c560571._.js:2297
[  546518ms] [LOG] Detected Host: sjm.localhost:3000 http://sjm.localhost:3000/dashboardportal/jutePurchase/reports @ http://sjm.localhost:3000/_next/static/chunks/217dd_next_dist_9c560571._.js:2297
[  546527ms] [LOG] Detected Host: sjm.localhost:3000 http://sjm.localhost:3000/dashboardportal/jutePurchase/reports @ http://sjm.localhost:3000/_next/static/chunks/217dd_next_dist_9c560571._.js:2297
[  546596ms] [LOG] Detected Host: sjm.localhost:3000 http://sjm.localhost:3000/dashboardportal/jutePurchase/reports @ http://sjm.localhost:3000/_next/static/chunks/217dd_next_dist_9c560571._.js:2297
[  546602ms] [LOG] Detected Host: sjm.localhost:3000 http://sjm.localhost:3000/dashboardportal/jutePurchase/reports @ http://sjm.localhost:3000/_next/static/chunks/217dd_next_dist_9c560571._.js:2297
[  546673ms] [LOG] Detected Host: sjm.localhost:3000 http://sjm.localhost:3000/dashboardportal/jutePurchase/reports @ http://sjm.localhost:3000/_next/static/chunks/217dd_next_dist_9c560571._.js:2297
[  546679ms] [LOG] Detected Host: sjm.localhost:3000 http://sjm.localhost:3000/dashboardportal/jutePurchase/reports @ http://sjm.localhost:3000/_next/static/chunks/217dd_next_dist_9c560571._.js:2297
[  546765ms] [LOG] Detected Host: sjm.localhost:3000 http://sjm.localhost:3000/dashboardportal/jutePurchase/reports @ http://sjm.localhost:3000/_next/static/chunks/217dd_next_dist_9c560571._.js:2297
[  546769ms] [LOG] Detected Host: sjm.localhost:3000 http://sjm.localhost:3000/dashboardportal/jutePurchase/reports @ http://sjm.localhost:3000/_next/static/chunks/217dd_next_dist_9c560571._.js:2297
[  546807ms] [LOG] [Fast Refresh] rebuilding @ http://sjm.localhost:3000/_next/static/chunks/217dd_next_dist_9c560571._.js:2297
[  546818ms] [LOG] Detected Host: sjm.localhost:3000 http://sjm.localhost:3000/dashboardportal/jutePurchase/reports @ http://sjm.localhost:3000/_next/static/chunks/217dd_next_dist_9c560571._.js:2297
[  546824ms] [LOG] Detected Host: sjm.localhost:3000 http://sjm.localhost:3000/dashboardportal/jutePurchase/reports @ http://sjm.localhost:3000/_next/static/chunks/217dd_next_dist_9c560571._.js:2297
[  547586ms] [LOG] [Fast Refresh] done in 1119ms @ http://sjm.localhost:3000/_next/static/chunks/217dd_next_dist_9c560571._.js:2297
[  547784ms] [INFO] %cDownload the React DevTools for a better development experience: https://react.dev/link/react-devtools font-weight:bold @ http://sjm.localhost:3000/_next/static/chunks/217dd_next_dist_9c560571._.js:2297
[  547823ms] [LOG] [HMR] connected @ http://sjm.localhost:3000/_next/static/chunks/217dd_next_dist_9c560571._.js:2297
[  547934ms] [LOG] Detected Host: sjm.localhost:3000 http://sjm.localhost:3000/dashboardportal/juteSQC @ http://sjm.localhost:3000/_next/static/chunks/217dd_next_dist_9c560571._.js:2297
[  547935ms] [LOG] Detected Host: sjm.localhost:3000 http://sjm.localhost:3000/dashboardportal/juteSQC @ http://sjm.localhost:3000/_next/static/chunks/217dd_next_dist_9c560571._.js:2297
[  547950ms] [LOG] Detected Host: sjm.localhost:3000 http://sjm.localhost:3000/dashboardportal/juteSQC @ http://sjm.localhost:3000/_next/static/chunks/217dd_next_dist_9c560571._.js:2297
[  547955ms] [LOG] Detected Host: sjm.localhost:3000 http://sjm.localhost:3000/dashboardportal/juteSQC @ http://sjm.localhost:3000/_next/static/chunks/217dd_next_dist_9c560571._.js:2297
[  547972ms] [LOG] Detected Host: sjm.localhost:3000 http://sjm.localhost:3000/dashboardportal/juteSQC @ http://sjm.localhost:3000/_next/static/chunks/217dd_next_dist_9c560571._.js:2297
[  547976ms] [LOG] Detected Host: sjm.localhost:3000 http://sjm.localhost:3000/dashboardportal/juteSQC @ http://sjm.localhost:3000/_next/static/chunks/217dd_next_dist_9c560571._.js:2297
[  547997ms] [LOG] Detected Host: sjm.localhost:3000 http://sjm.localhost:3000/dashboardportal/juteSQC @ http://sjm.localhost:3000/_next/static/chunks/217dd_next_dist_9c560571._.js:2297
[  548002ms] [LOG] Detected Host: sjm.localhost:3000 http://sjm.localhost:3000/dashboardportal/juteSQC @ http://sjm.localhost:3000/_next/static/chunks/217dd_next_dist_9c560571._.js:2297
[  548030ms] [LOG] Detected Host: sjm.localhost:3000 http://sjm.localhost:3000/dashboardportal/juteSQC @ http://sjm.localhost:3000/_next/static/chunks/217dd_next_dist_9c560571._.js:2297
[  548034ms] [LOG] Detected Host: sjm.localhost:3000 http://sjm.localhost:3000/dashboardportal/juteSQC @ http://sjm.localhost:3000/_next/static/chunks/217dd_next_dist_9c560571._.js:2297
[  548048ms] [LOG] Detected Host: sjm.localhost:3000 http://sjm.localhost:3000/dashboardportal/juteSQC @ http://sjm.localhost:3000/_next/static/chunks/217dd_next_dist_9c560571._.js:2297
[  548051ms] [LOG] Detected Host: sjm.localhost:3000 http://sjm.localhost:3000/dashboardportal/juteSQC @ http://sjm.localhost:3000/_next/static/chunks/217dd_next_dist_9c560571._.js:2297
[  548504ms] [LOG] [Fast Refresh] rebuilding @ http://sjm.localhost:3000/_next/static/chunks/217dd_next_dist_9c560571._.js:2297
[  550194ms] [LOG] [Fast Refresh] done in 1793ms @ http://sjm.localhost:3000/_next/static/chunks/217dd_next_dist_9c560571._.js:2297
[  550445ms] [INFO] %cDownload the React DevTools for a better development experience: https://react.dev/link/react-devtools font-weight:bold @ http://sjm.localhost:3000/_next/static/chunks/217dd_next_dist_9c560571._.js:2297
[  550486ms] [LOG] [HMR] connected @ http://sjm.localhost:3000/_next/static/chunks/217dd_next_dist_9c560571._.js:2297
[  550709ms] [LOG] Detected Host: sjm.localhost:3000 http://sjm.localhost:3000/dashboardportal/juteSQC/r-08-01 @ http://sjm.localhost:3000/_next/static/chunks/217dd_next_dist_9c560571._.js:2297
[  550709ms] [LOG] Detected Host: sjm.localhost:3000 http://sjm.localhost:3000/dashboardportal/juteSQC/r-08-01 @ http://sjm.localhost:3000/_next/static/chunks/217dd_next_dist_9c560571._.js:2297
[  550737ms] [LOG] Detected Host: sjm.localhost:3000 http://sjm.localhost:3000/dashboardportal/juteSQC/r-08-01 @ http://sjm.localhost:3000/_next/static/chunks/217dd_next_dist_9c560571._.js:2297
[  550738ms] [LOG] Detected Host: sjm.localhost:3000 http://sjm.localhost:3000/dashboardportal/juteSQC/r-08-01 @ http://sjm.localhost:3000/_next/static/chunks/217dd_next_dist_9c560571._.js:2297
[  550761ms] [LOG] Detected Host: sjm.localhost:3000 http://sjm.localhost:3000/dashboardportal/juteSQC/r-08-01 @ http://sjm.localhost:3000/_next/static/chunks/217dd_next_dist_9c560571._.js:2297
[  550762ms] [LOG] Detected Host: sjm.localhost:3000 http://sjm.localhost:3000/dashboardportal/juteSQC/r-08-01 @ http://sjm.localhost:3000/_next/static/chunks/217dd_next_dist_9c560571._.js:2297
[  550793ms] [LOG] Detected Host: sjm.localhost:3000 http://sjm.localhost:3000/dashboardportal/juteSQC/r-08-01 @ http://sjm.localhost:3000/_next/static/chunks/217dd_next_dist_9c560571._.js:2297
[  550794ms] [LOG] Detected Host: sjm.localhost:3000 http://sjm.localhost:3000/dashboardportal/juteSQC/r-08-01 @ http://sjm.localhost:3000/_next/static/chunks/217dd_next_dist_9c560571._.js:2297
[  550820ms] [LOG] Detected Host: sjm.localhost:3000 http://sjm.localhost:3000/dashboardportal/juteSQC/r-08-01 @ http://sjm.localhost:3000/_next/static/chunks/217dd_next_dist_9c560571._.js:2297
[  550821ms] [LOG] Detected Host: sjm.localhost:3000 http://sjm.localhost:3000/dashboardportal/juteSQC/r-08-01 @ http://sjm.localhost:3000/_next/static/chunks/217dd_next_dist_9c560571._.js:2297
[  550847ms] [LOG] Detected Host: sjm.localhost:3000 http://sjm.localhost:3000/dashboardportal/juteSQC/r-08-01 @ http://sjm.localhost:3000/_next/static/chunks/217dd_next_dist_9c560571._.js:2297
[  550847ms] [LOG] Detected Host: sjm.localhost:3000 http://sjm.localhost:3000/dashboardportal/juteSQC/r-08-01 @ http://sjm.localhost:3000/_next/static/chunks/217dd_next_dist_9c560571._.js:2297
[  550870ms] [LOG] Detected Host: sjm.localhost:3000 http://sjm.localhost:3000/dashboardportal/juteSQC/r-08-01 @ http://sjm.localhost:3000/_next/static/chunks/217dd_next_dist_9c560571._.js:2297
[  550871ms] [LOG] Detected Host: sjm.localhost:3000 http://sjm.localhost:3000/dashboardportal/juteSQC/r-08-01 @ http://sjm.localhost:3000/_next/static/chunks/217dd_next_dist_9c560571._.js:2297
[  550892ms] [LOG] Detected Host: sjm.localhost:3000 http://sjm.localhost:3000/dashboardportal/juteSQC/r-08-01 @ http://sjm.localhost:3000/_next/static/chunks/217dd_next_dist_9c560571._.js:2297
[  550893ms] [LOG] Detected Host: sjm.localhost:3000 http://sjm.localhost:3000/dashboardportal/juteSQC/r-08-01 @ http://sjm.localhost:3000/_next/static/chunks/217dd_next_dist_9c560571._.js:2297
[  550922ms] [LOG] Detected Host: sjm.localhost:3000 http://sjm.localhost:3000/dashboardportal/juteSQC/r-08-01 @ http://sjm.localhost:3000/_next/static/chunks/217dd_next_dist_9c560571._.js:2297
[  550922ms] [LOG] Detected Host: sjm.localhost:3000 http://sjm.localhost:3000/dashboardportal/juteSQC/r-08-01 @ http://sjm.localhost:3000/_next/static/chunks/217dd_next_dist_9c560571._.js:2297
[  550987ms] [LOG] Detected Host: sjm.localhost:3000 http://sjm.localhost:3000/dashboardportal/juteSQC/r-08-01 @ http://sjm.localhost:3000/_next/static/chunks/217dd_next_dist_9c560571._.js:2297
[  550988ms] [LOG] Detected Host: sjm.localhost:3000 http://sjm.localhost:3000/dashboardportal/juteSQC/r-08-01 @ http://sjm.localhost:3000/_next/static/chunks/217dd_next_dist_9c560571._.js:2297
[  551058ms] [LOG] Detected Host: sjm.localhost:3000 http://sjm.localhost:3000/dashboardportal/juteSQC/r-08-01 @ http://sjm.localhost:3000/_next/static/chunks/217dd_next_dist_9c560571._.js:2297
[  551065ms] [LOG] Detected Host: sjm.localhost:3000 http://sjm.localhost:3000/dashboardportal/juteSQC/r-08-01 @ http://sjm.localhost:3000/_next/static/chunks/217dd_next_dist_9c560571._.js:2297
[  551234ms] [LOG] Detected Host: sjm.localhost:3000 http://sjm.localhost:3000/dashboardportal/juteSQC/r-08-01 @ http://sjm.localhost:3000/_next/static/chunks/217dd_next_dist_9c560571._.js:2297
[  551240ms] [LOG] Detected Host: sjm.localhost:3000 http://sjm.localhost:3000/dashboardportal/juteSQC/r-08-01 @ http://sjm.localhost:3000/_next/static/chunks/217dd_next_dist_9c560571._.js:2297
[  551404ms] [LOG] Detected Host: sjm.localhost:3000 http://sjm.localhost:3000/dashboardportal/juteSQC/r-08-01 @ http://sjm.localhost:3000/_next/static/chunks/217dd_next_dist_9c560571._.js:2297
[  551410ms] [LOG] Detected Host: sjm.localhost:3000 http://sjm.localhost:3000/dashboardportal/juteSQC/r-08-01 @ http://sjm.localhost:3000/_next/static/chunks/217dd_next_dist_9c560571._.js:2297
[  551690ms] [LOG] Detected Host: sjm.localhost:3000 http://sjm.localhost:3000/dashboardportal/juteSQC/r-08-01 @ http://sjm.localhost:3000/_next/static/chunks/217dd_next_dist_9c560571._.js:2297
[  551696ms] [LOG] Detected Host: sjm.localhost:3000 http://sjm.localhost:3000/dashboardportal/juteSQC/r-08-01 @ http://sjm.localhost:3000/_next/static/chunks/217dd_next_dist_9c560571._.js:2297
[  552054ms] [LOG] Detected Host: sjm.localhost:3000 http://sjm.localhost:3000/dashboardportal/juteSQC/r-08-01 @ http://sjm.localhost:3000/_next/static/chunks/217dd_next_dist_9c560571._.js:2297
[  552058ms] [LOG] Detected Host: sjm.localhost:3000 http://sjm.localhost:3000/dashboardportal/juteSQC/r-08-01 @ http://sjm.localhost:3000/_next/static/chunks/217dd_next_dist_9c560571._.js:2297
[  552264ms] [ERROR] Failed to load resource: the server responded with a status of 404 (Not Found) @ http://sjm.localhost:3000/dashboardportal/jute_procurement/reports/jut01:0
[  552461ms] [INFO] %cDownload the React DevTools for a better development experience: https://react.dev/link/react-devtools font-weight:bold @ http://sjm.localhost:3000/_next/static/chunks/217dd_next_dist_9c560571._.js:2297
[  552493ms] [LOG] [HMR] connected @ http://sjm.localhost:3000/_next/static/chunks/217dd_next_dist_9c560571._.js:2297
[  552631ms] [LOG] [Fast Refresh] rebuilding @ http://sjm.localhost:3000/_next/static/chunks/217dd_next_dist_9c560571._.js:2297
[  557833ms] [INFO] %cDownload the React DevTools for a better development experience: https://react.dev/link/react-devtools font-weight:bold @ http://sjm.localhost:3000/_next/static/chunks/217dd_next_dist_9c560571._.js:2297
[  557866ms] [LOG] [HMR] connected @ http://sjm.localhost:3000/_next/static/chunks/217dd_next_dist_9c560571._.js:2297
[  558119ms] [LOG] Detected Host: sjm.localhost:3000 http://sjm.localhost:3000/dashboardportal/masters @ http://sjm.localhost:3000/_next/static/chunks/217dd_next_dist_9c560571._.js:2297
[  558120ms] [LOG] Detected Host: sjm.localhost:3000 http://sjm.localhost:3000/dashboardportal/masters @ http://sjm.localhost:3000/_next/static/chunks/217dd_next_dist_9c560571._.js:2297
[  558142ms] [LOG] Detected Host: sjm.localhost:3000 http://sjm.localhost:3000/dashboardportal/masters @ http://sjm.localhost:3000/_next/static/chunks/217dd_next_dist_9c560571._.js:2297
[  558149ms] [LOG] Detected Host: sjm.localhost:3000 http://sjm.localhost:3000/dashboardportal/masters @ http://sjm.localhost:3000/_next/static/chunks/217dd_next_dist_9c560571._.js:2297
[  558173ms] [LOG] Detected Host: sjm.localhost:3000 http://sjm.localhost:3000/dashboardportal/masters @ http://sjm.localhost:3000/_next/static/chunks/217dd_next_dist_9c560571._.js:2297
[  558179ms] [LOG] Detected Host: sjm.localhost:3000 http://sjm.localhost:3000/dashboardportal/masters @ http://sjm.localhost:3000/_next/static/chunks/217dd_next_dist_9c560571._.js:2297
[  558206ms] [LOG] Detected Host: sjm.localhost:3000 http://sjm.localhost:3000/dashboardportal/masters @ http://sjm.localhost:3000/_next/static/chunks/217dd_next_dist_9c560571._.js:2297
[  558212ms] [LOG] Detected Host: sjm.localhost:3000 http://sjm.localhost:3000/dashboardportal/masters @ http://sjm.localhost:3000/_next/static/chunks/217dd_next_dist_9c560571._.js:2297
[  558241ms] [LOG] Detected Host: sjm.localhost:3000 http://sjm.localhost:3000/dashboardportal/masters @ http://sjm.localhost:3000/_next/static/chunks/217dd_next_dist_9c560571._.js:2297
[  558246ms] [LOG] Detected Host: sjm.localhost:3000 http://sjm.localhost:3000/dashboardportal/masters @ http://sjm.localhost:3000/_next/static/chunks/217dd_next_dist_9c560571._.js:2297
[  558260ms] [LOG] [Fast Refresh] rebuilding @ http://sjm.localhost:3000/_next/static/chunks/217dd_next_dist_9c560571._.js:2297
[  558262ms] [LOG] Detected Host: sjm.localhost:3000 http://sjm.localhost:3000/dashboardportal/masters @ http://sjm.localhost:3000/_next/static/chunks/217dd_next_dist_9c560571._.js:2297
[  558269ms] [LOG] Detected Host: sjm.localhost:3000 http://sjm.localhost:3000/dashboardportal/masters @ http://sjm.localhost:3000/_next/static/chunks/217dd_next_dist_9c560571._.js:2297
[  558448ms] [LOG] [Fast Refresh] done in 331ms @ http://sjm.localhost:3000/_next/static/chunks/217dd_next_dist_9c560571._.js:2297
[  558553ms] [LOG] [Fast Refresh] rebuilding @ http://sjm.localhost:3000/_next/static/chunks/217dd_next_dist_9c560571._.js:2297
[  561775ms] [LOG] [Fast Refresh] done in 3327ms @ http://sjm.localhost:3000/_next/static/chunks/217dd_next_dist_9c560571._.js:2297
[  562288ms] [INFO] %cDownload the React DevTools for a better development experience: https://react.dev/link/react-devtools font-weight:bold @ http://sjm.localhost:3000/_next/static/chunks/217dd_next_dist_9c560571._.js:2297
[  562328ms] [LOG] [HMR] connected @ http://sjm.localhost:3000/_next/static/chunks/217dd_next_dist_9c560571._.js:2297
[  563063ms] [LOG] Detected Host: sjm.localhost:3000 http://sjm.localhost:3000/dashboardportal/masters/bankDetailsMaster @ http://sjm.localhost:3000/_next/static/chunks/217dd_next_dist_9c560571._.js:2297
[  563064ms] [LOG] Detected Host: sjm.localhost:3000 http://sjm.localhost:3000/dashboardportal/masters/bankDetailsMaster @ http://sjm.localhost:3000/_next/static/chunks/217dd_next_dist_9c560571._.js:2297
[  563075ms] [LOG] Detected Host: sjm.localhost:3000 http://sjm.localhost:3000/dashboardportal/masters/bankDetailsMaster @ http://sjm.localhost:3000/_next/static/chunks/217dd_next_dist_9c560571._.js:2297
[  563075ms] [LOG] Detected Host: sjm.localhost:3000 http://sjm.localhost:3000/dashboardportal/masters/bankDetailsMaster @ http://sjm.localhost:3000/_next/static/chunks/217dd_next_dist_9c560571._.js:2297
[  563086ms] [LOG] Detected Host: sjm.localhost:3000 http://sjm.localhost:3000/dashboardportal/masters/bankDetailsMaster @ http://sjm.localhost:3000/_next/static/chunks/217dd_next_dist_9c560571._.js:2297
[  563086ms] [LOG] Detected Host: sjm.localhost:3000 http://sjm.localhost:3000/dashboardportal/masters/bankDetailsMaster @ http://sjm.localhost:3000/_next/static/chunks/217dd_next_dist_9c560571._.js:2297
[  563095ms] [LOG] Detected Host: sjm.localhost:3000 http://sjm.localhost:3000/dashboardportal/masters/bankDetailsMaster @ http://sjm.localhost:3000/_next/static/chunks/217dd_next_dist_9c560571._.js:2297
[  563096ms] [LOG] Detected Host: sjm.localhost:3000 http://sjm.localhost:3000/dashboardportal/masters/bankDetailsMaster @ http://sjm.localhost:3000/_next/static/chunks/217dd_next_dist_9c560571._.js:2297
[  563105ms] [LOG] Detected Host: sjm.localhost:3000 http://sjm.localhost:3000/dashboardportal/masters/bankDetailsMaster @ http://sjm.localhost:3000/_next/static/chunks/217dd_next_dist_9c560571._.js:2297
[  563106ms] [LOG] Detected Host: sjm.localhost:3000 http://sjm.localhost:3000/dashboardportal/masters/bankDetailsMaster @ http://sjm.localhost:3000/_next/static/chunks/217dd_next_dist_9c560571._.js:2297
[  563167ms] [LOG] Detected Host: sjm.localhost:3000 http://sjm.localhost:3000/dashboardportal/masters/bankDetailsMaster @ http://sjm.localhost:3000/_next/static/chunks/217dd_next_dist_9c560571._.js:2297
[  563168ms] [LOG] Detected Host: sjm.localhost:3000 http://sjm.localhost:3000/dashboardportal/masters/bankDetailsMaster @ http://sjm.localhost:3000/_next/static/chunks/217dd_next_dist_9c560571._.js:2297
[  563176ms] [LOG] Detected Host: sjm.localhost:3000 http://sjm.localhost:3000/dashboardportal/masters/bankDetailsMaster @ http://sjm.localhost:3000/_next/static/chunks/217dd_next_dist_9c560571._.js:2297
[  563176ms] [LOG] Detected Host: sjm.localhost:3000 http://sjm.localhost:3000/dashboardportal/masters/bankDetailsMaster @ http://sjm.localhost:3000/_next/static/chunks/217dd_next_dist_9c560571._.js:2297
[  563187ms] [LOG] Detected Host: sjm.localhost:3000 http://sjm.localhost:3000/dashboardportal/masters/bankDetailsMaster @ http://sjm.localhost:3000/_next/static/chunks/217dd_next_dist_9c560571._.js:2297
[  563188ms] [LOG] Detected Host: sjm.localhost:3000 http://sjm.localhost:3000/dashboardportal/masters/bankDetailsMaster @ http://sjm.localhost:3000/_next/static/chunks/217dd_next_dist_9c560571._.js:2297
[  563197ms] [LOG] Detected Host: sjm.localhost:3000 http://sjm.localhost:3000/dashboardportal/masters/bankDetailsMaster @ http://sjm.localhost:3000/_next/static/chunks/217dd_next_dist_9c560571._.js:2297
[  563198ms] [LOG] Detected Host: sjm.localhost:3000 http://sjm.localhost:3000/dashboardportal/masters/bankDetailsMaster @ http://sjm.localhost:3000/_next/static/chunks/217dd_next_dist_9c560571._.js:2297
[  563206ms] [LOG] Detected Host: sjm.localhost:3000 http://sjm.localhost:3000/dashboardportal/masters/bankDetailsMaster @ http://sjm.localhost:3000/_next/static/chunks/217dd_next_dist_9c560571._.js:2297
[  563206ms] [LOG] Detected Host: sjm.localhost:3000 http://sjm.localhost:3000/dashboardportal/masters/bankDetailsMaster @ http://sjm.localhost:3000/_next/static/chunks/217dd_next_dist_9c560571._.js:2297
[  563214ms] [LOG] Detected Host: sjm.localhost:3000 http://sjm.localhost:3000/dashboardportal/masters/bankDetailsMaster @ http://sjm.localhost:3000/_next/static/chunks/217dd_next_dist_9c560571._.js:2297
[  563215ms] [LOG] Detected Host: sjm.localhost:3000 http://sjm.localhost:3000/dashboardportal/masters/bankDetailsMaster @ http://sjm.localhost:3000/_next/static/chunks/217dd_next_dist_9c560571._.js:2297
[  563225ms] [LOG] Detected Host: sjm.localhost:3000 http://sjm.localhost:3000/dashboardportal/masters/bankDetailsMaster @ http://sjm.localhost:3000/_next/static/chunks/217dd_next_dist_9c560571._.js:2297
[  563226ms] [LOG] Detected Host: sjm.localhost:3000 http://sjm.localhost:3000/dashboardportal/masters/bankDetailsMaster @ http://sjm.localhost:3000/_next/static/chunks/217dd_next_dist_9c560571._.js:2297
[  563251ms] [LOG] Detected Host: sjm.localhost:3000 http://sjm.localhost:3000/dashboardportal/masters/bankDetailsMaster @ http://sjm.localhost:3000/_next/static/chunks/217dd_next_dist_9c560571._.js:2297
[  563252ms] [LOG] Detected Host: sjm.localhost:3000 http://sjm.localhost:3000/dashboardportal/masters/bankDetailsMaster @ http://sjm.localhost:3000/_next/static/chunks/217dd_next_dist_9c560571._.js:2297
[  563259ms] [LOG] Detected Host: sjm.localhost:3000 http://sjm.localhost:3000/dashboardportal/masters/bankDetailsMaster @ http://sjm.localhost:3000/_next/static/chunks/217dd_next_dist_9c560571._.js:2297
[  563259ms] [LOG] Detected Host: sjm.localhost:3000 http://sjm.localhost:3000/dashboardportal/masters/bankDetailsMaster @ http://sjm.localhost:3000/_next/static/chunks/217dd_next_dist_9c560571._.js:2297
[  563269ms] [LOG] Detected Host: sjm.localhost:3000 http://sjm.localhost:3000/dashboardportal/masters/bankDetailsMaster @ http://sjm.localhost:3000/_next/static/chunks/217dd_next_dist_9c560571._.js:2297
[  563270ms] [LOG] Detected Host: sjm.localhost:3000 http://sjm.localhost:3000/dashboardportal/masters/bankDetailsMaster @ http://sjm.localhost:3000/_next/static/chunks/217dd_next_dist_9c560571._.js:2297
[  563277ms] [LOG] Detected Host: sjm.localhost:3000 http://sjm.localhost:3000/dashboardportal/masters/bankDetailsMaster @ http://sjm.localhost:3000/_next/static/chunks/217dd_next_dist_9c560571._.js:2297
[  563280ms] [LOG] Detected Host: sjm.localhost:3000 http://sjm.localhost:3000/dashboardportal/masters/bankDetailsMaster @ http://sjm.localhost:3000/_next/static/chunks/217dd_next_dist_9c560571._.js:2297
[  563286ms] [LOG] [Fast Refresh] rebuilding @ http://sjm.localhost:3000/_next/static/chunks/217dd_next_dist_9c560571._.js:2297
[  563292ms] [LOG] Detected Host: sjm.localhost:3000 http://sjm.localhost:3000/dashboardportal/masters/bankDetailsMaster @ http://sjm.localhost:3000/_next/static/chunks/217dd_next_dist_9c560571._.js:2297
[  563293ms] [LOG] Detected Host: sjm.localhost:3000 http://sjm.localhost:3000/dashboardportal/masters/bankDetailsMaster @ http://sjm.localhost:3000/_next/static/chunks/217dd_next_dist_9c560571._.js:2297
[  563309ms] [LOG] Detected Host: sjm.localhost:3000 http://sjm.localhost:3000/dashboardportal/masters/bankDetailsMaster @ http://sjm.localhost:3000/_next/static/chunks/217dd_next_dist_9c560571._.js:2297
[  563309ms] [LOG] Detected Host: sjm.localhost:3000 http://sjm.localhost:3000/dashboardportal/masters/bankDetailsMaster @ http://sjm.localhost:3000/_next/static/chunks/217dd_next_dist_9c560571._.js:2297
[  563325ms] [LOG] Detected Host: sjm.localhost:3000 http://sjm.localhost:3000/dashboardportal/masters/bankDetailsMaster @ http://sjm.localhost:3000/_next/static/chunks/217dd_next_dist_9c560571._.js:2297
[  563325ms] [LOG] Detected Host: sjm.localhost:3000 http://sjm.localhost:3000/dashboardportal/masters/bankDetailsMaster @ http://sjm.localhost:3000/_next/static/chunks/217dd_next_dist_9c560571._.js:2297
[  563357ms] [LOG] Detected Host: sjm.localhost:3000 http://sjm.localhost:3000/dashboardportal/masters/bankDetailsMaster @ http://sjm.localhost:3000/_next/static/chunks/217dd_next_dist_9c560571._.js:2297
[  563358ms] [LOG] Detected Host: sjm.localhost:3000 http://sjm.localhost:3000/dashboardportal/masters/bankDetailsMaster @ http://sjm.localhost:3000/_next/static/chunks/217dd_next_dist_9c560571._.js:2297
[  563391ms] [LOG] Detected Host: sjm.localhost:3000 http://sjm.localhost:3000/dashboardportal/masters/bankDetailsMaster @ http://sjm.localhost:3000/_next/static/chunks/217dd_next_dist_9c560571._.js:2297
[  563392ms] [LOG] Detected Host: sjm.localhost:3000 http://sjm.localhost:3000/dashboardportal/masters/bankDetailsMaster @ http://sjm.localhost:3000/_next/static/chunks/217dd_next_dist_9c560571._.js:2297
[  563420ms] [LOG] Detected Host: sjm.localhost:3000 http://sjm.localhost:3000/dashboardportal/masters/bankDetailsMaster @ http://sjm.localhost:3000/_next/static/chunks/217dd_next_dist_9c560571._.js:2297
[  563422ms] [LOG] Detected Host: sjm.localhost:3000 http://sjm.localhost:3000/dashboardportal/masters/bankDetailsMaster @ http://sjm.localhost:3000/_next/static/chunks/217dd_next_dist_9c560571._.js:2297
[  563423ms] [LOG] [Fast Refresh] done in 246ms @ http://sjm.localhost:3000/_next/static/chunks/217dd_next_dist_9c560571._.js:2297
[  563461ms] [LOG] Detected Host: sjm.localhost:3000 http://sjm.localhost:3000/dashboardportal/masters/bankDetailsMaster @ http://sjm.localhost:3000/_next/static/chunks/217dd_next_dist_9c560571._.js:2297
[  563464ms] [LOG] Detected Host: sjm.localhost:3000 http://sjm.localhost:3000/dashboardportal/masters/bankDetailsMaster @ http://sjm.localhost:3000/_next/static/chunks/217dd_next_dist_9c560571._.js:2297
[  563494ms] [LOG] Detected Host: sjm.localhost:3000 http://sjm.localhost:3000/dashboardportal/masters/bankDetailsMaster @ http://sjm.localhost:3000/_next/static/chunks/217dd_next_dist_9c560571._.js:2297
[  563497ms] [LOG] Detected Host: sjm.localhost:3000 http://sjm.localhost:3000/dashboardportal/masters/bankDetailsMaster @ http://sjm.localhost:3000/_next/static/chunks/217dd_next_dist_9c560571._.js:2297
[  563529ms] [LOG] Detected Host: sjm.localhost:3000 http://sjm.localhost:3000/dashboardportal/masters/bankDetailsMaster @ http://sjm.localhost:3000/_next/static/chunks/217dd_next_dist_9c560571._.js:2297
[  563530ms] [LOG] Detected Host: sjm.localhost:3000 http://sjm.localhost:3000/dashboardportal/masters/bankDetailsMaster @ http://sjm.localhost:3000/_next/static/chunks/217dd_next_dist_9c560571._.js:2297
[  563538ms] [LOG] [Fast Refresh] rebuilding @ http://sjm.localhost:3000/_next/static/chunks/217dd_next_dist_9c560571._.js:2297
[  563555ms] [LOG] Detected Host: sjm.localhost:3000 http://sjm.localhost:3000/dashboardportal/masters/bankDetailsMaster @ http://sjm.localhost:3000/_next/static/chunks/217dd_next_dist_9c560571._.js:2297
[  563556ms] [LOG] Detected Host: sjm.localhost:3000 http://sjm.localhost:3000/dashboardportal/masters/bankDetailsMaster @ http://sjm.localhost:3000/_next/static/chunks/217dd_next_dist_9c560571._.js:2297
[  563581ms] [LOG] Detected Host: sjm.localhost:3000 http://sjm.localhost:3000/dashboardportal/masters/bankDetailsMaster @ http://sjm.localhost:3000/_next/static/chunks/217dd_next_dist_9c560571._.js:2297
[  563582ms] [LOG] Detected Host: sjm.localhost:3000 http://sjm.localhost:3000/dashboardportal/masters/bankDetailsMaster @ http://sjm.localhost:3000/_next/static/chunks/217dd_next_dist_9c560571._.js:2297
[  563616ms] [LOG] Detected Host: sjm.localhost:3000 http://sjm.localhost:3000/dashboardportal/masters/bankDetailsMaster @ http://sjm.localhost:3000/_next/static/chunks/217dd_next_dist_9c560571._.js:2297
[  563616ms] [LOG] Detected Host: sjm.localhost:3000 http://sjm.localhost:3000/dashboardportal/masters/bankDetailsMaster @ http://sjm.localhost:3000/_next/static/chunks/217dd_next_dist_9c560571._.js:2297
[  563644ms] [LOG] Detected Host: sjm.localhost:3000 http://sjm.localhost:3000/dashboardportal/masters/bankDetailsMaster @ http://sjm.localhost:3000/_next/static/chunks/217dd_next_dist_9c560571._.js:2297
[  563646ms] [LOG] Detected Host: sjm.localhost:3000 http://sjm.localhost:3000/dashboardportal/masters/bankDetailsMaster @ http://sjm.localhost:3000/_next/static/chunks/217dd_next_dist_9c560571._.js:2297
[  563671ms] [LOG] Detected Host: sjm.localhost:3000 http://sjm.localhost:3000/dashboardportal/masters/bankDetailsMaster @ http://sjm.localhost:3000/_next/static/chunks/217dd_next_dist_9c560571._.js:2297
[  563671ms] [LOG] Detected Host: sjm.localhost:3000 http://sjm.localhost:3000/dashboardportal/masters/bankDetailsMaster @ http://sjm.localhost:3000/_next/static/chunks/217dd_next_dist_9c560571._.js:2297
[  563688ms] [LOG] Detected Host: sjm.localhost:3000 http://sjm.localhost:3000/dashboardportal/masters/bankDetailsMaster @ http://sjm.localhost:3000/_next/static/chunks/217dd_next_dist_9c560571._.js:2297
[  563689ms] [LOG] Detected Host: sjm.localhost:3000 http://sjm.localhost:3000/dashboardportal/masters/bankDetailsMaster @ http://sjm.localhost:3000/_next/static/chunks/217dd_next_dist_9c560571._.js:2297
[  563707ms] [LOG] Detected Host: sjm.localhost:3000 http://sjm.localhost:3000/dashboardportal/masters/bankDetailsMaster @ http://sjm.localhost:3000/_next/static/chunks/217dd_next_dist_9c560571._.js:2297
[  563708ms] [LOG] Detected Host: sjm.localhost:3000 http://sjm.localhost:3000/dashboardportal/masters/bankDetailsMaster @ http://sjm.localhost:3000/_next/static/chunks/217dd_next_dist_9c560571._.js:2297
[  563726ms] [LOG] Detected Host: sjm.localhost:3000 http://sjm.localhost:3000/dashboardportal/masters/bankDetailsMaster @ http://sjm.localhost:3000/_next/static/chunks/217dd_next_dist_9c560571._.js:2297
[  563727ms] [LOG] Detected Host: sjm.localhost:3000 http://sjm.localhost:3000/dashboardportal/masters/bankDetailsMaster @ http://sjm.localhost:3000/_next/static/chunks/217dd_next_dist_9c560571._.js:2297
[  563753ms] [LOG] Detected Host: sjm.localhost:3000 http://sjm.localhost:3000/dashboardportal/masters/bankDetailsMaster @ http://sjm.localhost:3000/_next/static/chunks/217dd_next_dist_9c560571._.js:2297
[  563754ms] [LOG] Detected Host: sjm.localhost:3000 http://sjm.localhost:3000/dashboardportal/masters/bankDetailsMaster @ http://sjm.localhost:3000/_next/static/chunks/217dd_next_dist_9c560571._.js:2297
[  563771ms] [LOG] Detected Host: sjm.localhost:3000 http://sjm.localhost:3000/dashboardportal/masters/bankDetailsMaster @ http://sjm.localhost:3000/_next/static/chunks/217dd_next_dist_9c560571._.js:2297
[  563771ms] [LOG] Detected Host: sjm.localhost:3000 http://sjm.localhost:3000/dashboardportal/masters/bankDetailsMaster @ http://sjm.localhost:3000/_next/static/chunks/217dd_next_dist_9c560571._.js:2297
[  563791ms] [LOG] Detected Host: sjm.localhost:3000 http://sjm.localhost:3000/dashboardportal/masters/bankDetailsMaster @ http://sjm.localhost:3000/_next/static/chunks/217dd_next_dist_9c560571._.js:2297
[  563792ms] [LOG] Detected Host: sjm.localhost:3000 http://sjm.localhost:3000/dashboardportal/masters/bankDetailsMaster @ http://sjm.localhost:3000/_next/static/chunks/217dd_next_dist_9c560571._.js:2297
[  563815ms] [LOG] Detected Host: sjm.localhost:3000 http://sjm.localhost:3000/dashboardportal/masters/bankDetailsMaster @ http://sjm.localhost:3000/_next/static/chunks/217dd_next_dist_9c560571._.js:2297
[  563816ms] [LOG] Detected Host: sjm.localhost:3000 http://sjm.localhost:3000/dashboardportal/masters/bankDetailsMaster @ http://sjm.localhost:3000/_next/static/chunks/217dd_next_dist_9c560571._.js:2297
[  563942ms] [LOG] Detected Host: sjm.localhost:3000 http://sjm.localhost:3000/dashboardportal/masters/bankDetailsMaster @ http://sjm.localhost:3000/_next/static/chunks/217dd_next_dist_9c560571._.js:2297
[  563943ms] [LOG] Detected Host: sjm.localhost:3000 http://sjm.localhost:3000/dashboardportal/masters/bankDetailsMaster @ http://sjm.localhost:3000/_next/static/chunks/217dd_next_dist_9c560571._.js:2297
[  563976ms] [LOG] Detected Host: sjm.localhost:3000 http://sjm.localhost:3000/dashboardportal/masters/bankDetailsMaster @ http://sjm.localhost:3000/_next/static/chunks/217dd_next_dist_9c560571._.js:2297
[  563977ms] [LOG] Detected Host: sjm.localhost:3000 http://sjm.localhost:3000/dashboardportal/masters/bankDetailsMaster @ http://sjm.localhost:3000/_next/static/chunks/217dd_next_dist_9c560571._.js:2297
[  563992ms] [LOG] Detected Host: sjm.localhost:3000 http://sjm.localhost:3000/dashboardportal/masters/bankDetailsMaster @ http://sjm.localhost:3000/_next/static/chunks/217dd_next_dist_9c560571._.js:2297
[  563992ms] [LOG] Detected Host: sjm.localhost:3000 http://sjm.localhost:3000/dashboardportal/masters/bankDetailsMaster @ http://sjm.localhost:3000/_next/static/chunks/217dd_next_dist_9c560571._.js:2297
[  564009ms] [LOG] Detected Host: sjm.localhost:3000 http://sjm.localhost:3000/dashboardportal/masters/bankDetailsMaster @ http://sjm.localhost:3000/_next/static/chunks/217dd_next_dist_9c560571._.js:2297
[  564009ms] [LOG] Detected Host: sjm.localhost:3000 http://sjm.localhost:3000/dashboardportal/masters/bankDetailsMaster @ http://sjm.localhost:3000/_next/static/chunks/217dd_next_dist_9c560571._.js:2297
[  564027ms] [LOG] Detected Host: sjm.localhost:3000 http://sjm.localhost:3000/dashboardportal/masters/bankDetailsMaster @ http://sjm.localhost:3000/_next/static/chunks/217dd_next_dist_9c560571._.js:2297
[  564028ms] [LOG] Detected Host: sjm.localhost:3000 http://sjm.localhost:3000/dashboardportal/masters/bankDetailsMaster @ http://sjm.localhost:3000/_next/static/chunks/217dd_next_dist_9c560571._.js:2297
[  564045ms] [LOG] Detected Host: sjm.localhost:3000 http://sjm.localhost:3000/dashboardportal/masters/bankDetailsMaster @ http://sjm.localhost:3000/_next/static/chunks/217dd_next_dist_9c560571._.js:2297
[  564046ms] [LOG] Detected Host: sjm.localhost:3000 http://sjm.localhost:3000/dashboardportal/masters/bankDetailsMaster @ http://sjm.localhost:3000/_next/static/chunks/217dd_next_dist_9c560571._.js:2297
[  564066ms] [LOG] Detected Host: sjm.localhost:3000 http://sjm.localhost:3000/dashboardportal/masters/bankDetailsMaster @ http://sjm.localhost:3000/_next/static/chunks/217dd_next_dist_9c560571._.js:2297
[  564067ms] [LOG] Detected Host: sjm.localhost:3000 http://sjm.localhost:3000/dashboardportal/masters/bankDetailsMaster @ http://sjm.localhost:3000/_next/static/chunks/217dd_next_dist_9c560571._.js:2297
[  564083ms] [LOG] Detected Host: sjm.localhost:3000 http://sjm.localhost:3000/dashboardportal/masters/bankDetailsMaster @ http://sjm.localhost:3000/_next/static/chunks/217dd_next_dist_9c560571._.js:2297
[  564083ms] [LOG] Detected Host: sjm.localhost:3000 http://sjm.localhost:3000/dashboardportal/masters/bankDetailsMaster @ http://sjm.localhost:3000/_next/static/chunks/217dd_next_dist_9c560571._.js:2297
[  564175ms] [LOG] Detected Host: sjm.localhost:3000 http://sjm.localhost:3000/dashboardportal/masters/bankDetailsMaster @ http://sjm.localhost:3000/_next/static/chunks/217dd_next_dist_9c560571._.js:2297
[  564180ms] [LOG] Detected Host: sjm.localhost:3000 http://sjm.localhost:3000/dashboardportal/masters/bankDetailsMaster @ http://sjm.localhost:3000/_next/static/chunks/217dd_next_dist_9c560571._.js:2297
[  564199ms] [LOG] Detected Host: sjm.localhost:3000 http://sjm.localhost:3000/dashboardportal/masters/bankDetailsMaster @ http://sjm.localhost:3000/_next/static/chunks/217dd_next_dist_9c560571._.js:2297
[  564200ms] [LOG] Detected Host: sjm.localhost:3000 http://sjm.localhost:3000/dashboardportal/masters/bankDetailsMaster @ http://sjm.localhost:3000/_next/static/chunks/217dd_next_dist_9c560571._.js:2297
[  564215ms] [LOG] Detected Host: sjm.localhost:3000 http://sjm.localhost:3000/dashboardportal/masters/bankDetailsMaster @ http://sjm.localhost:3000/_next/static/chunks/217dd_next_dist_9c560571._.js:2297
[  564215ms] [LOG] Detected Host: sjm.localhost:3000 http://sjm.localhost:3000/dashboardportal/masters/bankDetailsMaster @ http://sjm.localhost:3000/_next/static/chunks/217dd_next_dist_9c560571._.js:2297
[  564221ms] [LOG] Detected Host: sjm.localhost:3000 http://sjm.localhost:3000/dashboardportal/masters/bankDetailsMaster @ http://sjm.localhost:3000/_next/static/chunks/217dd_next_dist_9c560571._.js:2297
[  564221ms] [LOG] Detected Host: sjm.localhost:3000 http://sjm.localhost:3000/dashboardportal/masters/bankDetailsMaster @ http://sjm.localhost:3000/_next/static/chunks/217dd_next_dist_9c560571._.js:2297
[  564228ms] [LOG] Detected Host: sjm.localhost:3000 http://sjm.localhost:3000/dashboardportal/masters/bankDetailsMaster @ http://sjm.localhost:3000/_next/static/chunks/217dd_next_dist_9c560571._.js:2297
[  564228ms] [LOG] Detected Host: sjm.localhost:3000 http://sjm.localhost:3000/dashboardportal/masters/bankDetailsMaster @ http://sjm.localhost:3000/_next/static/chunks/217dd_next_dist_9c560571._.js:2297
[  564235ms] [LOG] Detected Host: sjm.localhost:3000 http://sjm.localhost:3000/dashboardportal/masters/bankDetailsMaster @ http://sjm.localhost:3000/_next/static/chunks/217dd_next_dist_9c560571._.js:2297
[  564235ms] [LOG] Detected Host: sjm.localhost:3000 http://sjm.localhost:3000/dashboardportal/masters/bankDetailsMaster @ http://sjm.localhost:3000/_next/static/chunks/217dd_next_dist_9c560571._.js:2297
[  564241ms] [LOG] Detected Host: sjm.localhost:3000 http://sjm.localhost:3000/dashboardportal/masters/bankDetailsMaster @ http://sjm.localhost:3000/_next/static/chunks/217dd_next_dist_9c560571._.js:2297
[  564241ms] [LOG] Detected Host: sjm.localhost:3000 http://sjm.localhost:3000/dashboardportal/masters/bankDetailsMaster @ http://sjm.localhost:3000/_next/static/chunks/217dd_next_dist_9c560571._.js:2297
[  564247ms] [LOG] Detected Host: sjm.localhost:3000 http://sjm.localhost:3000/dashboardportal/masters/bankDetailsMaster @ http://sjm.localhost:3000/_next/static/chunks/217dd_next_dist_9c560571._.js:2297
[  564248ms] [LOG] Detected Host: sjm.localhost:3000 http://sjm.localhost:3000/dashboardportal/masters/bankDetailsMaster @ http://sjm.localhost:3000/_next/static/chunks/217dd_next_dist_9c560571._.js:2297
[  564254ms] [LOG] Detected Host: sjm.localhost:3000 http://sjm.localhost:3000/dashboardportal/masters/bankDetailsMaster @ http://sjm.localhost:3000/_next/static/chunks/217dd_next_dist_9c560571._.js:2297
[  564255ms] [LOG] Detected Host: sjm.localhost:3000 http://sjm.localhost:3000/dashboardportal/masters/bankDetailsMaster @ http://sjm.localhost:3000/_next/static/chunks/217dd_next_dist_9c560571._.js:2297
[  564261ms] [LOG] Detected Host: sjm.localhost:3000 http://sjm.localhost:3000/dashboardportal/masters/bankDetailsMaster @ http://sjm.localhost:3000/_next/static/chunks/217dd_next_dist_9c560571._.js:2297
[  564262ms] [LOG] Detected Host: sjm.localhost:3000 http://sjm.localhost:3000/dashboardportal/masters/bankDetailsMaster @ http://sjm.localhost:3000/_next/static/chunks/217dd_next_dist_9c560571._.js:2297
[  564267ms] [LOG] Detected Host: sjm.localhost:3000 http://sjm.localhost:3000/dashboardportal/masters/bankDetailsMaster @ http://sjm.localhost:3000/_next/static/chunks/217dd_next_dist_9c560571._.js:2297
[  564268ms] [LOG] Detected Host: sjm.localhost:3000 http://sjm.localhost:3000/dashboardportal/masters/bankDetailsMaster @ http://sjm.localhost:3000/_next/static/chunks/217dd_next_dist_9c560571._.js:2297
[  564275ms] [LOG] Detected Host: sjm.localhost:3000 http://sjm.localhost:3000/dashboardportal/masters/bankDetailsMaster @ http://sjm.localhost:3000/_next/static/chunks/217dd_next_dist_9c560571._.js:2297
[  564275ms] [LOG] Detected Host: sjm.localhost:3000 http://sjm.localhost:3000/dashboardportal/masters/bankDetailsMaster @ http://sjm.localhost:3000/_next/static/chunks/217dd_next_dist_9c560571._.js:2297
[  564281ms] [LOG] Detected Host: sjm.localhost:3000 http://sjm.localhost:3000/dashboardportal/masters/bankDetailsMaster @ http://sjm.localhost:3000/_next/static/chunks/217dd_next_dist_9c560571._.js:2297
[  564281ms] [LOG] Detected Host: sjm.localhost:3000 http://sjm.localhost:3000/dashboardportal/masters/bankDetailsMaster @ http://sjm.localhost:3000/_next/static/chunks/217dd_next_dist_9c560571._.js:2297
[  564288ms] [LOG] Detected Host: sjm.localhost:3000 http://sjm.localhost:3000/dashboardportal/masters/bankDetailsMaster @ http://sjm.localhost:3000/_next/static/chunks/217dd_next_dist_9c560571._.js:2297
[  564288ms] [LOG] Detected Host: sjm.localhost:3000 http://sjm.localhost:3000/dashboardportal/masters/bankDetailsMaster @ http://sjm.localhost:3000/_next/static/chunks/217dd_next_dist_9c560571._.js:2297
[  564293ms] [LOG] Detected Host: sjm.localhost:3000 http://sjm.localhost:3000/dashboardportal/masters/bankDetailsMaster @ http://sjm.localhost:3000/_next/static/chunks/217dd_next_dist_9c560571._.js:2297
[  564294ms] [LOG] Detected Host: sjm.localhost:3000 http://sjm.localhost:3000/dashboardportal/masters/bankDetailsMaster @ http://sjm.localhost:3000/_next/static/chunks/217dd_next_dist_9c560571._.js:2297
[  564302ms] [LOG] Detected Host: sjm.localhost:3000 http://sjm.localhost:3000/dashboardportal/masters/bankDetailsMaster @ http://sjm.localhost:3000/_next/static/chunks/217dd_next_dist_9c560571._.js:2297
[  564303ms] [LOG] Detected Host: sjm.localhost:3000 http://sjm.localhost:3000/dashboardportal/masters/bankDetailsMaster @ http://sjm.localhost:3000/_next/static/chunks/217dd_next_dist_9c560571._.js:2297
[  564312ms] [LOG] Detected Host: sjm.localhost:3000 http://sjm.localhost:3000/dashboardportal/masters/bankDetailsMaster @ http://sjm.localhost:3000/_next/static/chunks/217dd_next_dist_9c560571._.js:2297
[  564312ms] [LOG] Detected Host: sjm.localhost:3000 http://sjm.localhost:3000/dashboardportal/masters/bankDetailsMaster @ http://sjm.localhost:3000/_next/static/chunks/217dd_next_dist_9c560571._.js:2297
[  564318ms] [LOG] Detected Host: sjm.localhost:3000 http://sjm.localhost:3000/dashboardportal/masters/bankDetailsMaster @ http://sjm.localhost:3000/_next/static/chunks/217dd_next_dist_9c560571._.js:2297
[  564319ms] [LOG] Detected Host: sjm.localhost:3000 http://sjm.localhost:3000/dashboardportal/masters/bankDetailsMaster @ http://sjm.localhost:3000/_next/static/chunks/217dd_next_dist_9c560571._.js:2297
[  564325ms] [LOG] Detected Host: sjm.localhost:3000 http://sjm.localhost:3000/dashboardportal/masters/bankDetailsMaster @ http://sjm.localhost:3000/_next/static/chunks/217dd_next_dist_9c560571._.js:2297
[  564326ms] [LOG] Detected Host: sjm.localhost:3000 http://sjm.localhost:3000/dashboardportal/masters/bankDetailsMaster @ http://sjm.localhost:3000/_next/static/chunks/217dd_next_dist_9c560571._.js:2297
[  564334ms] [LOG] Detected Host: sjm.localhost:3000 http://sjm.localhost:3000/dashboardportal/masters/bankDetailsMaster @ http://sjm.localhost:3000/_next/static/chunks/217dd_next_dist_9c560571._.js:2297
[  564334ms] [LOG] Detected Host: sjm.localhost:3000 http://sjm.localhost:3000/dashboardportal/masters/bankDetailsMaster @ http://sjm.localhost:3000/_next/static/chunks/217dd_next_dist_9c560571._.js:2297
[  564374ms] [LOG] Detected Host: sjm.localhost:3000 http://sjm.localhost:3000/dashboardportal/masters/bankDetailsMaster @ http://sjm.localhost:3000/_next/static/chunks/217dd_next_dist_9c560571._.js:2297
[  564375ms] [LOG] Detected Host: sjm.localhost:3000 http://sjm.localhost:3000/dashboardportal/masters/bankDetailsMaster @ http://sjm.localhost:3000/_next/static/chunks/217dd_next_dist_9c560571._.js:2297
[  564396ms] [LOG] Detected Host: sjm.localhost:3000 http://sjm.localhost:3000/dashboardportal/masters/bankDetailsMaster @ http://sjm.localhost:3000/_next/static/chunks/217dd_next_dist_9c560571._.js:2297
[  564397ms] [LOG] Detected Host: sjm.localhost:3000 http://sjm.localhost:3000/dashboardportal/masters/bankDetailsMaster @ http://sjm.localhost:3000/_next/static/chunks/217dd_next_dist_9c560571._.js:2297
[  564417ms] [LOG] Detected Host: sjm.localhost:3000 http://sjm.localhost:3000/dashboardportal/masters/bankDetailsMaster @ http://sjm.localhost:3000/_next/static/chunks/217dd_next_dist_9c560571._.js:2297
[  564418ms] [LOG] Detected Host: sjm.localhost:3000 http://sjm.localhost:3000/dashboardportal/masters/bankDetailsMaster @ http://sjm.localhost:3000/_next/static/chunks/217dd_next_dist_9c560571._.js:2297
[  564437ms] [LOG] Detected Host: sjm.localhost:3000 http://sjm.localhost:3000/dashboardportal/masters/bankDetailsMaster @ http://sjm.localhost:3000/_next/static/chunks/217dd_next_dist_9c560571._.js:2297
[  564438ms] [LOG] Detected Host: sjm.localhost:3000 http://sjm.localhost:3000/dashboardportal/masters/bankDetailsMaster @ http://sjm.localhost:3000/_next/static/chunks/217dd_next_dist_9c560571._.js:2297
[  564455ms] [LOG] Detected Host: sjm.localhost:3000 http://sjm.localhost:3000/dashboardportal/masters/bankDetailsMaster @ http://sjm.localhost:3000/_next/static/chunks/217dd_next_dist_9c560571._.js:2297
[  564456ms] [LOG] Detected Host: sjm.localhost:3000 http://sjm.localhost:3000/dashboardportal/masters/bankDetailsMaster @ http://sjm.localhost:3000/_next/static/chunks/217dd_next_dist_9c560571._.js:2297
[  564557ms] [LOG] Detected Host: sjm.localhost:3000 http://sjm.localhost:3000/dashboardportal/masters/bankDetailsMaster @ http://sjm.localhost:3000/_next/static/chunks/217dd_next_dist_9c560571._.js:2297
[  564558ms] [LOG] Detected Host: sjm.localhost:3000 http://sjm.localhost:3000/dashboardportal/masters/bankDetailsMaster @ http://sjm.localhost:3000/_next/static/chunks/217dd_next_dist_9c560571._.js:2297
[  564578ms] [LOG] Detected Host: sjm.localhost:3000 http://sjm.localhost:3000/dashboardportal/masters/bankDetailsMaster @ http://sjm.localhost:3000/_next/static/chunks/217dd_next_dist_9c560571._.js:2297
[  564579ms] [LOG] Detected Host: sjm.localhost:3000 http://sjm.localhost:3000/dashboardportal/masters/bankDetailsMaster @ http://sjm.localhost:3000/_next/static/chunks/217dd_next_dist_9c560571._.js:2297
[  564606ms] [LOG] Detected Host: sjm.localhost:3000 http://sjm.localhost:3000/dashboardportal/masters/bankDetailsMaster @ http://sjm.localhost:3000/_next/static/chunks/217dd_next_dist_9c560571._.js:2297
[  564607ms] [LOG] Detected Host: sjm.localhost:3000 http://sjm.localhost:3000/dashboardportal/masters/bankDetailsMaster @ http://sjm.localhost:3000/_next/static/chunks/217dd_next_dist_9c560571._.js:2297
[  564630ms] [LOG] Detected Host: sjm.localhost:3000 http://sjm.localhost:3000/dashboardportal/masters/bankDetailsMaster @ http://sjm.localhost:3000/_next/static/chunks/217dd_next_dist_9c560571._.js:2297
[  564631ms] [LOG] Detected Host: sjm.localhost:3000 http://sjm.localhost:3000/dashboardportal/masters/bankDetailsMaster @ http://sjm.localhost:3000/_next/static/chunks/217dd_next_dist_9c560571._.js:2297
[  564648ms] [LOG] Detected Host: sjm.localhost:3000 http://sjm.localhost:3000/dashboardportal/masters/bankDetailsMaster @ http://sjm.localhost:3000/_next/static/chunks/217dd_next_dist_9c560571._.js:2297
[  564649ms] [LOG] Detected Host: sjm.localhost:3000 http://sjm.localhost:3000/dashboardportal/masters/bankDetailsMaster @ http://sjm.localhost:3000/_next/static/chunks/217dd_next_dist_9c560571._.js:2297
[  564670ms] [LOG] Detected Host: sjm.localhost:3000 http://sjm.localhost:3000/dashboardportal/masters/bankDetailsMaster @ http://sjm.localhost:3000/_next/static/chunks/217dd_next_dist_9c560571._.js:2297
[  564670ms] [LOG] Detected Host: sjm.localhost:3000 http://sjm.localhost:3000/dashboardportal/masters/bankDetailsMaster @ http://sjm.localhost:3000/_next/static/chunks/217dd_next_dist_9c560571._.js:2297
[  564686ms] [LOG] Detected Host: sjm.localhost:3000 http://sjm.localhost:3000/dashboardportal/masters/bankDetailsMaster @ http://sjm.localhost:3000/_next/static/chunks/217dd_next_dist_9c560571._.js:2297
[  564686ms] [LOG] Detected Host: sjm.localhost:3000 http://sjm.localhost:3000/dashboardportal/masters/bankDetailsMaster @ http://sjm.localhost:3000/_next/static/chunks/217dd_next_dist_9c560571._.js:2297
[  564702ms] [LOG] Detected Host: sjm.localhost:3000 http://sjm.localhost:3000/dashboardportal/masters/bankDetailsMaster @ http://sjm.localhost:3000/_next/static/chunks/217dd_next_dist_9c560571._.js:2297
[  564703ms] [LOG] Detected Host: sjm.localhost:3000 http://sjm.localhost:3000/dashboardportal/masters/bankDetailsMaster @ http://sjm.localhost:3000/_next/static/chunks/217dd_next_dist_9c560571._.js:2297
[  564720ms] [LOG] Detected Host: sjm.localhost:3000 http://sjm.localhost:3000/dashboardportal/masters/bankDetailsMaster @ http://sjm.localhost:3000/_next/static/chunks/217dd_next_dist_9c560571._.js:2297
[  564722ms] [LOG] Detected Host: sjm.localhost:3000 http://sjm.localhost:3000/dashboardportal/masters/bankDetailsMaster @ http://sjm.localhost:3000/_next/static/chunks/217dd_next_dist_9c560571._.js:2297
[  564737ms] [LOG] Detected Host: sjm.localhost:3000 http://sjm.localhost:3000/dashboardportal/masters/bankDetailsMaster @ http://sjm.localhost:3000/_next/static/chunks/217dd_next_dist_9c560571._.js:2297
[  564738ms] [LOG] Detected Host: sjm.localhost:3000 http://sjm.localhost:3000/dashboardportal/masters/bankDetailsMaster @ http://sjm.localhost:3000/_next/static/chunks/217dd_next_dist_9c560571._.js:2297
[  564753ms] [LOG] Detected Host: sjm.localhost:3000 http://sjm.localhost:3000/dashboardportal/masters/bankDetailsMaster @ http://sjm.localhost:3000/_next/static/chunks/217dd_next_dist_9c560571._.js:2297
[  564754ms] [LOG] Detected Host: sjm.localhost:3000 http://sjm.localhost:3000/dashboardportal/masters/bankDetailsMaster @ http://sjm.localhost:3000/_next/static/chunks/217dd_next_dist_9c560571._.js:2297
[  564769ms] [LOG] Detected Host: sjm.localhost:3000 http://sjm.localhost:3000/dashboardportal/masters/bankDetailsMaster @ http://sjm.localhost:3000/_next/static/chunks/217dd_next_dist_9c560571._.js:2297
[  564770ms] [LOG] Detected Host: sjm.localhost:3000 http://sjm.localhost:3000/dashboardportal/masters/bankDetailsMaster @ http://sjm.localhost:3000/_next/static/chunks/217dd_next_dist_9c560571._.js:2297
[  564786ms] [LOG] Detected Host: sjm.localhost:3000 http://sjm.localhost:3000/dashboardportal/masters/bankDetailsMaster @ http://sjm.localhost:3000/_next/static/chunks/217dd_next_dist_9c560571._.js:2297
[  564786ms] [LOG] Detected Host: sjm.localhost:3000 http://sjm.localhost:3000/dashboardportal/masters/bankDetailsMaster @ http://sjm.localhost:3000/_next/static/chunks/217dd_next_dist_9c560571._.js:2297
[  564801ms] [LOG] Detected Host: sjm.localhost:3000 http://sjm.localhost:3000/dashboardportal/masters/bankDetailsMaster @ http://sjm.localhost:3000/_next/static/chunks/217dd_next_dist_9c560571._.js:2297
[  564802ms] [LOG] Detected Host: sjm.localhost:3000 http://sjm.localhost:3000/dashboardportal/masters/bankDetailsMaster @ http://sjm.localhost:3000/_next/static/chunks/217dd_next_dist_9c560571._.js:2297
[  564817ms] [LOG] Detected Host: sjm.localhost:3000 http://sjm.localhost:3000/dashboardportal/masters/bankDetailsMaster @ http://sjm.localhost:3000/_next/static/chunks/217dd_next_dist_9c560571._.js:2297
[  564817ms] [LOG] Detected Host: sjm.localhost:3000 http://sjm.localhost:3000/dashboardportal/masters/bankDetailsMaster @ http://sjm.localhost:3000/_next/static/chunks/217dd_next_dist_9c560571._.js:2297
[  564832ms] [LOG] Detected Host: sjm.localhost:3000 http://sjm.localhost:3000/dashboardportal/masters/bankDetailsMaster @ http://sjm.localhost:3000/_next/static/chunks/217dd_next_dist_9c560571._.js:2297
[  564833ms] [LOG] Detected Host: sjm.localhost:3000 http://sjm.localhost:3000/dashboardportal/masters/bankDetailsMaster @ http://sjm.localhost:3000/_next/static/chunks/217dd_next_dist_9c560571._.js:2297
[  564847ms] [LOG] Detected Host: sjm.localhost:3000 http://sjm.localhost:3000/dashboardportal/masters/bankDetailsMaster @ http://sjm.localhost:3000/_next/static/chunks/217dd_next_dist_9c560571._.js:2297
[  564848ms] [LOG] Detected Host: sjm.localhost:3000 http://sjm.localhost:3000/dashboardportal/masters/bankDetailsMaster @ http://sjm.localhost:3000/_next/static/chunks/217dd_next_dist_9c560571._.js:2297
[  564862ms] [LOG] Detected Host: sjm.localhost:3000 http://sjm.localhost:3000/dashboardportal/masters/bankDetailsMaster @ http://sjm.localhost:3000/_next/static/chunks/217dd_next_dist_9c560571._.js:2297
[  564863ms] [LOG] Detected Host: sjm.localhost:3000 http://sjm.localhost:3000/dashboardportal/masters/bankDetailsMaster @ http://sjm.localhost:3000/_next/static/chunks/217dd_next_dist_9c560571._.js:2297
[  564878ms] [LOG] Detected Host: sjm.localhost:3000 http://sjm.localhost:3000/dashboardportal/masters/bankDetailsMaster @ http://sjm.localhost:3000/_next/static/chunks/217dd_next_dist_9c560571._.js:2297
[  564879ms] [LOG] Detected Host: sjm.localhost:3000 http://sjm.localhost:3000/dashboardportal/masters/bankDetailsMaster @ http://sjm.localhost:3000/_next/static/chunks/217dd_next_dist_9c560571._.js:2297
[  564893ms] [LOG] Detected Host: sjm.localhost:3000 http://sjm.localhost:3000/dashboardportal/masters/bankDetailsMaster @ http://sjm.localhost:3000/_next/static/chunks/217dd_next_dist_9c560571._.js:2297
[  564893ms] [LOG] Detected Host: sjm.localhost:3000 http://sjm.localhost:3000/dashboardportal/masters/bankDetailsMaster @ http://sjm.localhost:3000/_next/static/chunks/217dd_next_dist_9c560571._.js:2297
[  564907ms] [LOG] Detected Host: sjm.localhost:3000 http://sjm.localhost:3000/dashboardportal/masters/bankDetailsMaster @ http://sjm.localhost:3000/_next/static/chunks/217dd_next_dist_9c560571._.js:2297
[  564908ms] [LOG] Detected Host: sjm.localhost:3000 http://sjm.localhost:3000/dashboardportal/masters/bankDetailsMaster @ http://sjm.localhost:3000/_next/static/chunks/217dd_next_dist_9c560571._.js:2297
[  564922ms] [LOG] Detected Host: sjm.localhost:3000 http://sjm.localhost:3000/dashboardportal/masters/bankDetailsMaster @ http://sjm.localhost:3000/_next/static/chunks/217dd_next_dist_9c560571._.js:2297
[  564922ms] [LOG] Detected Host: sjm.localhost:3000 http://sjm.localhost:3000/dashboardportal/masters/bankDetailsMaster @ http://sjm.localhost:3000/_next/static/chunks/217dd_next_dist_9c560571._.js:2297
[  564937ms] [LOG] Detected Host: sjm.localhost:3000 http://sjm.localhost:3000/dashboardportal/masters/bankDetailsMaster @ http://sjm.localhost:3000/_next/static/chunks/217dd_next_dist_9c560571._.js:2297
[  564938ms] [LOG] Detected Host: sjm.localhost:3000 http://sjm.localhost:3000/dashboardportal/masters/bankDetailsMaster @ http://sjm.localhost:3000/_next/static/chunks/217dd_next_dist_9c560571._.js:2297
[  565025ms] [LOG] Detected Host: sjm.localhost:3000 http://sjm.localhost:3000/dashboardportal/masters/bankDetailsMaster @ http://sjm.localhost:3000/_next/static/chunks/217dd_next_dist_9c560571._.js:2297
[  565026ms] [LOG] Detected Host: sjm.localhost:3000 http://sjm.localhost:3000/dashboardportal/masters/bankDetailsMaster @ http://sjm.localhost:3000/_next/static/chunks/217dd_next_dist_9c560571._.js:2297
[  565033ms] [LOG] Detected Host: sjm.localhost:3000 http://sjm.localhost:3000/dashboardportal/masters/bankDetailsMaster @ http://sjm.localhost:3000/_next/static/chunks/217dd_next_dist_9c560571._.js:2297
[  565033ms] [LOG] Detected Host: sjm.localhost:3000 http://sjm.localhost:3000/dashboardportal/masters/bankDetailsMaster @ http://sjm.localhost:3000/_next/static/chunks/217dd_next_dist_9c560571._.js:2297
[  565041ms] [LOG] Detected Host: sjm.localhost:3000 http://sjm.localhost:3000/dashboardportal/masters/bankDetailsMaster @ http://sjm.localhost:3000/_next/static/chunks/217dd_next_dist_9c560571._.js:2297
[  565041ms] [LOG] Detected Host: sjm.localhost:3000 http://sjm.localhost:3000/dashboardportal/masters/bankDetailsMaster @ http://sjm.localhost:3000/_next/static/chunks/217dd_next_dist_9c560571._.js:2297
[  565048ms] [LOG] Detected Host: sjm.localhost:3000 http://sjm.localhost:3000/dashboardportal/masters/bankDetailsMaster @ http://sjm.localhost:3000/_next/static/chunks/217dd_next_dist_9c560571._.js:2297
[  565049ms] [LOG] Detected Host: sjm.localhost:3000 http://sjm.localhost:3000/dashboardportal/masters/bankDetailsMaster @ http://sjm.localhost:3000/_next/static/chunks/217dd_next_dist_9c560571._.js:2297
[  565057ms] [LOG] Detected Host: sjm.localhost:3000 http://sjm.localhost:3000/dashboardportal/masters/bankDetailsMaster @ http://sjm.localhost:3000/_next/static/chunks/217dd_next_dist_9c560571._.js:2297
[  565059ms] [LOG] Detected Host: sjm.localhost:3000 http://sjm.localhost:3000/dashboardportal/masters/bankDetailsMaster @ http://sjm.localhost:3000/_next/static/chunks/217dd_next_dist_9c560571._.js:2297
[  565069ms] [LOG] Detected Host: sjm.localhost:3000 http://sjm.localhost:3000/dashboardportal/masters/bankDetailsMaster @ http://sjm.localhost:3000/_next/static/chunks/217dd_next_dist_9c560571._.js:2297
[  565070ms] [LOG] Detected Host: sjm.localhost:3000 http://sjm.localhost:3000/dashboardportal/masters/bankDetailsMaster @ http://sjm.localhost:3000/_next/static/chunks/217dd_next_dist_9c560571._.js:2297
[  565080ms] [LOG] Detected Host: sjm.localhost:3000 http://sjm.localhost:3000/dashboardportal/masters/bankDetailsMaster @ http://sjm.localhost:3000/_next/static/chunks/217dd_next_dist_9c560571._.js:2297
[  565080ms] [LOG] Detected Host: sjm.localhost:3000 http://sjm.localhost:3000/dashboardportal/masters/bankDetailsMaster @ http://sjm.localhost:3000/_next/static/chunks/217dd_next_dist_9c560571._.js:2297
[  565088ms] [LOG] Detected Host: sjm.localhost:3000 http://sjm.localhost:3000/dashboardportal/masters/bankDetailsMaster @ http://sjm.localhost:3000/_next/static/chunks/217dd_next_dist_9c560571._.js:2297
[  565089ms] [LOG] Detected Host: sjm.localhost:3000 http://sjm.localhost:3000/dashboardportal/masters/bankDetailsMaster @ http://sjm.localhost:3000/_next/static/chunks/217dd_next_dist_9c560571._.js:2297
[  565096ms] [LOG] Detected Host: sjm.localhost:3000 http://sjm.localhost:3000/dashboardportal/masters/bankDetailsMaster @ http://sjm.localhost:3000/_next/static/chunks/217dd_next_dist_9c560571._.js:2297
[  565097ms] [LOG] Detected Host: sjm.localhost:3000 http://sjm.localhost:3000/dashboardportal/masters/bankDetailsMaster @ http://sjm.localhost:3000/_next/static/chunks/217dd_next_dist_9c560571._.js:2297
[  565104ms] [LOG] Detected Host: sjm.localhost:3000 http://sjm.localhost:3000/dashboardportal/masters/bankDetailsMaster @ http://sjm.localhost:3000/_next/static/chunks/217dd_next_dist_9c560571._.js:2297
[  565105ms] [LOG] Detected Host: sjm.localhost:3000 http://sjm.localhost:3000/dashboardportal/masters/bankDetailsMaster @ http://sjm.localhost:3000/_next/static/chunks/217dd_next_dist_9c560571._.js:2297
[  565113ms] [LOG] Detected Host: sjm.localhost:3000 http://sjm.localhost:3000/dashboardportal/masters/bankDetailsMaster @ http://sjm.localhost:3000/_next/static/chunks/217dd_next_dist_9c560571._.js:2297
[  565114ms] [LOG] Detected Host: sjm.localhost:3000 http://sjm.localhost:3000/dashboardportal/masters/bankDetailsMaster @ http://sjm.localhost:3000/_next/static/chunks/217dd_next_dist_9c560571._.js:2297
[  565121ms] [LOG] Detected Host: sjm.localhost:3000 http://sjm.localhost:3000/dashboardportal/masters/bankDetailsMaster @ http://sjm.localhost:3000/_next/static/chunks/217dd_next_dist_9c560571._.js:2297
[  565122ms] [LOG] Detected Host: sjm.localhost:3000 http://sjm.localhost:3000/dashboardportal/masters/bankDetailsMaster @ http://sjm.localhost:3000/_next/static/chunks/217dd_next_dist_9c560571._.js:2297
[  565132ms] [LOG] Detected Host: sjm.localhost:3000 http://sjm.localhost:3000/dashboardportal/masters/bankDetailsMaster @ http://sjm.localhost:3000/_next/static/chunks/217dd_next_dist_9c560571._.js:2297
[  565133ms] [LOG] Detected Host: sjm.localhost:3000 http://sjm.localhost:3000/dashboardportal/masters/bankDetailsMaster @ http://sjm.localhost:3000/_next/static/chunks/217dd_next_dist_9c560571._.js:2297
[  565140ms] [LOG] Detected Host: sjm.localhost:3000 http://sjm.localhost:3000/dashboardportal/masters/bankDetailsMaster @ http://sjm.localhost:3000/_next/static/chunks/217dd_next_dist_9c560571._.js:2297
[  565140ms] [LOG] Detected Host: sjm.localhost:3000 http://sjm.localhost:3000/dashboardportal/masters/bankDetailsMaster @ http://sjm.localhost:3000/_next/static/chunks/217dd_next_dist_9c560571._.js:2297
[  565146ms] [LOG] Detected Host: sjm.localhost:3000 http://sjm.localhost:3000/dashboardportal/masters/bankDetailsMaster @ http://sjm.localhost:3000/_next/static/chunks/217dd_next_dist_9c560571._.js:2297
[  565146ms] [LOG] Detected Host: sjm.localhost:3000 http://sjm.localhost:3000/dashboardportal/masters/bankDetailsMaster @ http://sjm.localhost:3000/_next/static/chunks/217dd_next_dist_9c560571._.js:2297
[  565152ms] [LOG] Detected Host: sjm.localhost:3000 http://sjm.localhost:3000/dashboardportal/masters/bankDetailsMaster @ http://sjm.localhost:3000/_next/static/chunks/217dd_next_dist_9c560571._.js:2297
[  565152ms] [LOG] Detected Host: sjm.localhost:3000 http://sjm.localhost:3000/dashboardportal/masters/bankDetailsMaster @ http://sjm.localhost:3000/_next/static/chunks/217dd_next_dist_9c560571._.js:2297
[  565158ms] [LOG] Detected Host: sjm.localhost:3000 http://sjm.localhost:3000/dashboardportal/masters/bankDetailsMaster @ http://sjm.localhost:3000/_next/static/chunks/217dd_next_dist_9c560571._.js:2297
[  565158ms] [LOG] Detected Host: sjm.localhost:3000 http://sjm.localhost:3000/dashboardportal/masters/bankDetailsMaster @ http://sjm.localhost:3000/_next/static/chunks/217dd_next_dist_9c560571._.js:2297
[  565164ms] [LOG] Detected Host: sjm.localhost:3000 http://sjm.localhost:3000/dashboardportal/masters/bankDetailsMaster @ http://sjm.localhost:3000/_next/static/chunks/217dd_next_dist_9c560571._.js:2297
[  565165ms] [LOG] Detected Host: sjm.localhost:3000 http://sjm.localhost:3000/dashboardportal/masters/bankDetailsMaster @ http://sjm.localhost:3000/_next/static/chunks/217dd_next_dist_9c560571._.js:2297
[  565171ms] [LOG] Detected Host: sjm.localhost:3000 http://sjm.localhost:3000/dashboardportal/masters/bankDetailsMaster @ http://sjm.localhost:3000/_next/static/chunks/217dd_next_dist_9c560571._.js:2297
[  565172ms] [LOG] Detected Host: sjm.localhost:3000 http://sjm.localhost:3000/dashboardportal/masters/bankDetailsMaster @ http://sjm.localhost:3000/_next/static/chunks/217dd_next_dist_9c560571._.js:2297
[  565177ms] [LOG] Detected Host: sjm.localhost:3000 http://sjm.localhost:3000/dashboardportal/masters/bankDetailsMaster @ http://sjm.localhost:3000/_next/static/chunks/217dd_next_dist_9c560571._.js:2297
[  565178ms] [LOG] Detected Host: sjm.localhost:3000 http://sjm.localhost:3000/dashboardportal/masters/bankDetailsMaster @ http://sjm.localhost:3000/_next/static/chunks/217dd_next_dist_9c560571._.js:2297
[  565183ms] [LOG] Detected Host: sjm.localhost:3000 http://sjm.localhost:3000/dashboardportal/masters/bankDetailsMaster @ http://sjm.localhost:3000/_next/static/chunks/217dd_next_dist_9c560571._.js:2297
[  565184ms] [LOG] Detected Host: sjm.localhost:3000 http://sjm.localhost:3000/dashboardportal/masters/bankDetailsMaster @ http://sjm.localhost:3000/_next/static/chunks/217dd_next_dist_9c560571._.js:2297
[  565189ms] [LOG] Detected Host: sjm.localhost:3000 http://sjm.localhost:3000/dashboardportal/masters/bankDetailsMaster @ http://sjm.localhost:3000/_next/static/chunks/217dd_next_dist_9c560571._.js:2297
[  565190ms] [LOG] Detected Host: sjm.localhost:3000 http://sjm.localhost:3000/dashboardportal/masters/bankDetailsMaster @ http://sjm.localhost:3000/_next/static/chunks/217dd_next_dist_9c560571._.js:2297
[  565195ms] [LOG] Detected Host: sjm.localhost:3000 http://sjm.localhost:3000/dashboardportal/masters/bankDetailsMaster @ http://sjm.localhost:3000/_next/static/chunks/217dd_next_dist_9c560571._.js:2297
[  565195ms] [LOG] Detected Host: sjm.localhost:3000 http://sjm.localhost:3000/dashboardportal/masters/bankDetailsMaster @ http://sjm.localhost:3000/_next/static/chunks/217dd_next_dist_9c560571._.js:2297
[  565201ms] [LOG] Detected Host: sjm.localhost:3000 http://sjm.localhost:3000/dashboardportal/masters/bankDetailsMaster @ http://sjm.localhost:3000/_next/static/chunks/217dd_next_dist_9c560571._.js:2297
[  565201ms] [LOG] Detected Host: sjm.localhost:3000 http://sjm.localhost:3000/dashboardportal/masters/bankDetailsMaster @ http://sjm.localhost:3000/_next/static/chunks/217dd_next_dist_9c560571._.js:2297
[  565206ms] [LOG] Detected Host: sjm.localhost:3000 http://sjm.localhost:3000/dashboardportal/masters/bankDetailsMaster @ http://sjm.localhost:3000/_next/static/chunks/217dd_next_dist_9c560571._.js:2297
[  565207ms] [LOG] Detected Host: sjm.localhost:3000 http://sjm.localhost:3000/dashboardportal/masters/bankDetailsMaster @ http://sjm.localhost:3000/_next/static/chunks/217dd_next_dist_9c560571._.js:2297
[  565212ms] [LOG] Detected Host: sjm.localhost:3000 http://sjm.localhost:3000/dashboardportal/masters/bankDetailsMaster @ http://sjm.localhost:3000/_next/static/chunks/217dd_next_dist_9c560571._.js:2297
[  565213ms] [LOG] Detected Host: sjm.localhost:3000 http://sjm.localhost:3000/dashboardportal/masters/bankDetailsMaster @ http://sjm.localhost:3000/_next/static/chunks/217dd_next_dist_9c560571._.js:2297
[  565218ms] [LOG] Detected Host: sjm.localhost:3000 http://sjm.localhost:3000/dashboardportal/masters/bankDetailsMaster @ http://sjm.localhost:3000/_next/static/chunks/217dd_next_dist_9c560571._.js:2297
[  565218ms] [LOG] Detected Host: sjm.localhost:3000 http://sjm.localhost:3000/dashboardportal/masters/bankDetailsMaster @ http://sjm.localhost:3000/_next/static/chunks/217dd_next_dist_9c560571._.js:2297
[  565224ms] [LOG] Detected Host: sjm.localhost:3000 http://sjm.localhost:3000/dashboardportal/masters/bankDetailsMaster @ http://sjm.localhost:3000/_next/static/chunks/217dd_next_dist_9c560571._.js:2297
[  565224ms] [LOG] Detected Host: sjm.localhost:3000 http://sjm.localhost:3000/dashboardportal/masters/bankDetailsMaster @ http://sjm.localhost:3000/_next/static/chunks/217dd_next_dist_9c560571._.js:2297
[  565230ms] [LOG] Detected Host: sjm.localhost:3000 http://sjm.localhost:3000/dashboardportal/masters/bankDetailsMaster @ http://sjm.localhost:3000/_next/static/chunks/217dd_next_dist_9c560571._.js:2297
[  565230ms] [LOG] Detected Host: sjm.localhost:3000 http://sjm.localhost:3000/dashboardportal/masters/bankDetailsMaster @ http://sjm.localhost:3000/_next/static/chunks/217dd_next_dist_9c560571._.js:2297
[  565236ms] [LOG] Detected Host: sjm.localhost:3000 http://sjm.localhost:3000/dashboardportal/masters/bankDetailsMaster @ http://sjm.localhost:3000/_next/static/chunks/217dd_next_dist_9c560571._.js:2297
[  565236ms] [LOG] Detected Host: sjm.localhost:3000 http://sjm.localhost:3000/dashboardportal/masters/bankDetailsMaster @ http://sjm.localhost:3000/_next/static/chunks/217dd_next_dist_9c560571._.js:2297
[  565242ms] [LOG] Detected Host: sjm.localhost:3000 http://sjm.localhost:3000/dashboardportal/masters/bankDetailsMaster @ http://sjm.localhost:3000/_next/static/chunks/217dd_next_dist_9c560571._.js:2297
[  565242ms] [LOG] Detected Host: sjm.localhost:3000 http://sjm.localhost:3000/dashboardportal/masters/bankDetailsMaster @ http://sjm.localhost:3000/_next/static/chunks/217dd_next_dist_9c560571._.js:2297
[  565248ms] [LOG] Detected Host: sjm.localhost:3000 http://sjm.localhost:3000/dashboardportal/masters/bankDetailsMaster @ http://sjm.localhost:3000/_next/static/chunks/217dd_next_dist_9c560571._.js:2297
[  565248ms] [LOG] Detected Host: sjm.localhost:3000 http://sjm.localhost:3000/dashboardportal/masters/bankDetailsMaster @ http://sjm.localhost:3000/_next/static/chunks/217dd_next_dist_9c560571._.js:2297
[  565254ms] [LOG] Detected Host: sjm.localhost:3000 http://sjm.localhost:3000/dashboardportal/masters/bankDetailsMaster @ http://sjm.localhost:3000/_next/static/chunks/217dd_next_dist_9c560571._.js:2297
[  565254ms] [LOG] Detected Host: sjm.localhost:3000 http://sjm.localhost:3000/dashboardportal/masters/bankDetailsMaster @ http://sjm.localhost:3000/_next/static/chunks/217dd_next_dist_9c560571._.js:2297
[  565259ms] [LOG] Detected Host: sjm.localhost:3000 http://sjm.localhost:3000/dashboardportal/masters/bankDetailsMaster @ http://sjm.localhost:3000/_next/static/chunks/217dd_next_dist_9c560571._.js:2297
[  565260ms] [LOG] Detected Host: sjm.localhost:3000 http://sjm.localhost:3000/dashboardportal/masters/bankDetailsMaster @ http://sjm.localhost:3000/_next/static/chunks/217dd_next_dist_9c560571._.js:2297
[  565265ms] [LOG] Detected Host: sjm.localhost:3000 http://sjm.localhost:3000/dashboardportal/masters/bankDetailsMaster @ http://sjm.localhost:3000/_next/static/chunks/217dd_next_dist_9c560571._.js:2297
[  565265ms] [LOG] Detected Host: sjm.localhost:3000 http://sjm.localhost:3000/dashboardportal/masters/bankDetailsMaster @ http://sjm.localhost:3000/_next/static/chunks/217dd_next_dist_9c560571._.js:2297
[  565271ms] [LOG] Detected Host: sjm.localhost:3000 http://sjm.localhost:3000/dashboardportal/masters/bankDetailsMaster @ http://sjm.localhost:3000/_next/static/chunks/217dd_next_dist_9c560571._.js:2297
[  565272ms] [LOG] Detected Host: sjm.localhost:3000 http://sjm.localhost:3000/dashboardportal/masters/bankDetailsMaster @ http://sjm.localhost:3000/_next/static/chunks/217dd_next_dist_9c560571._.js:2297
[  565277ms] [LOG] Detected Host: sjm.localhost:3000 http://sjm.localhost:3000/dashboardportal/masters/bankDetailsMaster @ http://sjm.localhost:3000/_next/static/chunks/217dd_next_dist_9c560571._.js:2297
[  565278ms] [LOG] Detected Host: sjm.localhost:3000 http://sjm.localhost:3000/dashboardportal/masters/bankDetailsMaster @ http://sjm.localhost:3000/_next/static/chunks/217dd_next_dist_9c560571._.js:2297
[  565283ms] [LOG] Detected Host: sjm.localhost:3000 http://sjm.localhost:3000/dashboardportal/masters/bankDetailsMaster @ http://sjm.localhost:3000/_next/static/chunks/217dd_next_dist_9c560571._.js:2297
[  565283ms] [LOG] Detected Host: sjm.localhost:3000 http://sjm.localhost:3000/dashboardportal/masters/bankDetailsMaster @ http://sjm.localhost:3000/_next/static/chunks/217dd_next_dist_9c560571._.js:2297
[  565289ms] [LOG] Detected Host: sjm.localhost:3000 http://sjm.localhost:3000/dashboardportal/masters/bankDetailsMaster @ http://sjm.localhost:3000/_next/static/chunks/217dd_next_dist_9c560571._.js:2297
[  565289ms] [LOG] Detected Host: sjm.localhost:3000 http://sjm.localhost:3000/dashboardportal/masters/bankDetailsMaster @ http://sjm.localhost:3000/_next/static/chunks/217dd_next_dist_9c560571._.js:2297
[  565294ms] [LOG] Detected Host: sjm.localhost:3000 http://sjm.localhost:3000/dashboardportal/masters/bankDetailsMaster @ http://sjm.localhost:3000/_next/static/chunks/217dd_next_dist_9c560571._.js:2297
[  565295ms] [LOG] Detected Host: sjm.localhost:3000 http://sjm.localhost:3000/dashboardportal/masters/bankDetailsMaster @ http://sjm.localhost:3000/_next/static/chunks/217dd_next_dist_9c560571._.js:2297
[  565301ms] [LOG] Detected Host: sjm.localhost:3000 http://sjm.localhost:3000/dashboardportal/masters/bankDetailsMaster @ http://sjm.localhost:3000/_next/static/chunks/217dd_next_dist_9c560571._.js:2297
[  565301ms] [LOG] Detected Host: sjm.localhost:3000 http://sjm.localhost:3000/dashboardportal/masters/bankDetailsMaster @ http://sjm.localhost:3000/_next/static/chunks/217dd_next_dist_9c560571._.js:2297
[  565308ms] [LOG] Detected Host: sjm.localhost:3000 http://sjm.localhost:3000/dashboardportal/masters/bankDetailsMaster @ http://sjm.localhost:3000/_next/static/chunks/217dd_next_dist_9c560571._.js:2297
[  565308ms] [LOG] Detected Host: sjm.localhost:3000 http://sjm.localhost:3000/dashboardportal/masters/bankDetailsMaster @ http://sjm.localhost:3000/_next/static/chunks/217dd_next_dist_9c560571._.js:2297
[  565315ms] [LOG] Detected Host: sjm.localhost:3000 http://sjm.localhost:3000/dashboardportal/masters/bankDetailsMaster @ http://sjm.localhost:3000/_next/static/chunks/217dd_next_dist_9c560571._.js:2297
[  565315ms] [LOG] Detected Host: sjm.localhost:3000 http://sjm.localhost:3000/dashboardportal/masters/bankDetailsMaster @ http://sjm.localhost:3000/_next/static/chunks/217dd_next_dist_9c560571._.js:2297
[  565321ms] [LOG] Detected Host: sjm.localhost:3000 http://sjm.localhost:3000/dashboardportal/masters/bankDetailsMaster @ http://sjm.localhost:3000/_next/static/chunks/217dd_next_dist_9c560571._.js:2297
[  565322ms] [LOG] Detected Host: sjm.localhost:3000 http://sjm.localhost:3000/dashboardportal/masters/bankDetailsMaster @ http://sjm.localhost:3000/_next/static/chunks/217dd_next_dist_9c560571._.js:2297
[  565328ms] [LOG] Detected Host: sjm.localhost:3000 http://sjm.localhost:3000/dashboardportal/masters/bankDetailsMaster @ http://sjm.localhost:3000/_next/static/chunks/217dd_next_dist_9c560571._.js:2297
[  565328ms] [LOG] Detected Host: sjm.localhost:3000 http://sjm.localhost:3000/dashboardportal/masters/bankDetailsMaster @ http://sjm.localhost:3000/_next/static/chunks/217dd_next_dist_9c560571._.js:2297
[  565333ms] [LOG] Detected Host: sjm.localhost:3000 http://sjm.localhost:3000/dashboardportal/masters/bankDetailsMaster @ http://sjm.localhost:3000/_next/static/chunks/217dd_next_dist_9c560571._.js:2297
[  565334ms] [LOG] Detected Host: sjm.localhost:3000 http://sjm.localhost:3000/dashboardportal/masters/bankDetailsMaster @ http://sjm.localhost:3000/_next/static/chunks/217dd_next_dist_9c560571._.js:2297
[  565339ms] [LOG] Detected Host: sjm.localhost:3000 http://sjm.localhost:3000/dashboardportal/masters/bankDetailsMaster @ http://sjm.localhost:3000/_next/static/chunks/217dd_next_dist_9c560571._.js:2297
[  565339ms] [LOG] Detected Host: sjm.localhost:3000 http://sjm.localhost:3000/dashboardportal/masters/bankDetailsMaster @ http://sjm.localhost:3000/_next/static/chunks/217dd_next_dist_9c560571._.js:2297
[  565345ms] [LOG] Detected Host: sjm.localhost:3000 http://sjm.localhost:3000/dashboardportal/masters/bankDetailsMaster @ http://sjm.localhost:3000/_next/static/chunks/217dd_next_dist_9c560571._.js:2297
[  565345ms] [LOG] Detected Host: sjm.localhost:3000 http://sjm.localhost:3000/dashboardportal/masters/bankDetailsMaster @ http://sjm.localhost:3000/_next/static/chunks/217dd_next_dist_9c560571._.js:2297
[  565351ms] [LOG] Detected Host: sjm.localhost:3000 http://sjm.localhost:3000/dashboardportal/masters/bankDetailsMaster @ http://sjm.localhost:3000/_next/static/chunks/217dd_next_dist_9c560571._.js:2297
[  565351ms] [LOG] Detected Host: sjm.localhost:3000 http://sjm.localhost:3000/dashboardportal/masters/bankDetailsMaster @ http://sjm.localhost:3000/_next/static/chunks/217dd_next_dist_9c560571._.js:2297
[  565356ms] [LOG] Detected Host: sjm.localhost:3000 http://sjm.localhost:3000/dashboardportal/masters/bankDetailsMaster @ http://sjm.localhost:3000/_next/static/chunks/217dd_next_dist_9c560571._.js:2297
[  565357ms] [LOG] Detected Host: sjm.localhost:3000 http://sjm.localhost:3000/dashboardportal/masters/bankDetailsMaster @ http://sjm.localhost:3000/_next/static/chunks/217dd_next_dist_9c560571._.js:2297
[  565362ms] [LOG] Detected Host: sjm.localhost:3000 http://sjm.localhost:3000/dashboardportal/masters/bankDetailsMaster @ http://sjm.localhost:3000/_next/static/chunks/217dd_next_dist_9c560571._.js:2297
[  565362ms] [LOG] Detected Host: sjm.localhost:3000 http://sjm.localhost:3000/dashboardportal/masters/bankDetailsMaster @ http://sjm.localhost:3000/_next/static/chunks/217dd_next_dist_9c560571._.js:2297
[  565373ms] [LOG] Detected Host: sjm.localhost:3000 http://sjm.localhost:3000/dashboardportal/masters/bankDetailsMaster @ http://sjm.localhost:3000/_next/static/chunks/217dd_next_dist_9c560571._.js:2297
[  565373ms] [LOG] Detected Host: sjm.localhost:3000 http://sjm.localhost:3000/dashboardportal/masters/bankDetailsMaster @ http://sjm.localhost:3000/_next/static/chunks/217dd_next_dist_9c560571._.js:2297
[  565389ms] [LOG] Detected Host: sjm.localhost:3000 http://sjm.localhost:3000/dashboardportal/masters/bankDetailsMaster @ http://sjm.localhost:3000/_next/static/chunks/217dd_next_dist_9c560571._.js:2297
[  565389ms] [LOG] Detected Host: sjm.localhost:3000 http://sjm.localhost:3000/dashboardportal/masters/bankDetailsMaster @ http://sjm.localhost:3000/_next/static/chunks/217dd_next_dist_9c560571._.js:2297
[  565407ms] [LOG] Detected Host: sjm.localhost:3000 http://sjm.localhost:3000/dashboardportal/masters/bankDetailsMaster @ http://sjm.localhost:3000/_next/static/chunks/217dd_next_dist_9c560571._.js:2297
[  565407ms] [LOG] Detected Host: sjm.localhost:3000 http://sjm.localhost:3000/dashboardportal/masters/bankDetailsMaster @ http://sjm.localhost:3000/_next/static/chunks/217dd_next_dist_9c560571._.js:2297
[  565429ms] [LOG] Detected Host: sjm.localhost:3000 http://sjm.localhost:3000/dashboardportal/masters/bankDetailsMaster @ http://sjm.localhost:3000/_next/static/chunks/217dd_next_dist_9c560571._.js:2297
[  565432ms] [LOG] Detected Host: sjm.localhost:3000 http://sjm.localhost:3000/dashboardportal/masters/bankDetailsMaster @ http://sjm.localhost:3000/_next/static/chunks/217dd_next_dist_9c560571._.js:2297
[  565480ms] [LOG] Detected Host: sjm.localhost:3000 http://sjm.localhost:3000/dashboardportal/masters/bankDetailsMaster @ http://sjm.localhost:3000/_next/static/chunks/217dd_next_dist_9c560571._.js:2297
[  565481ms] [LOG] Detected Host: sjm.localhost:3000 http://sjm.localhost:3000/dashboardportal/masters/bankDetailsMaster @ http://sjm.localhost:3000/_next/static/chunks/217dd_next_dist_9c560571._.js:2297
[  565497ms] [LOG] Detected Host: sjm.localhost:3000 http://sjm.localhost:3000/dashboardportal/masters/bankDetailsMaster @ http://sjm.localhost:3000/_next/static/chunks/217dd_next_dist_9c560571._.js:2297
[  565498ms] [LOG] Detected Host: sjm.localhost:3000 http://sjm.localhost:3000/dashboardportal/masters/bankDetailsMaster @ http://sjm.localhost:3000/_next/static/chunks/217dd_next_dist_9c560571._.js:2297
[  565515ms] [LOG] Detected Host: sjm.localhost:3000 http://sjm.localhost:3000/dashboardportal/masters/bankDetailsMaster @ http://sjm.localhost:3000/_next/static/chunks/217dd_next_dist_9c560571._.js:2297
[  565516ms] [LOG] Detected Host: sjm.localhost:3000 http://sjm.localhost:3000/dashboardportal/masters/bankDetailsMaster @ http://sjm.localhost:3000/_next/static/chunks/217dd_next_dist_9c560571._.js:2297
[  565536ms] [LOG] Detected Host: sjm.localhost:3000 http://sjm.localhost:3000/dashboardportal/masters/bankDetailsMaster @ http://sjm.localhost:3000/_next/static/chunks/217dd_next_dist_9c560571._.js:2297
[  565538ms] [LOG] Detected Host: sjm.localhost:3000 http://sjm.localhost:3000/dashboardportal/masters/bankDetailsMaster @ http://sjm.localhost:3000/_next/static/chunks/217dd_next_dist_9c560571._.js:2297
[  565562ms] [LOG] Detected Host: sjm.localhost:3000 http://sjm.localhost:3000/dashboardportal/masters/bankDetailsMaster @ http://sjm.localhost:3000/_next/static/chunks/217dd_next_dist_9c560571._.js:2297
[  565563ms] [LOG] Detected Host: sjm.localhost:3000 http://sjm.localhost:3000/dashboardportal/masters/bankDetailsMaster @ http://sjm.localhost:3000/_next/static/chunks/217dd_next_dist_9c560571._.js:2297
[  565588ms] [LOG] Detected Host: sjm.localhost:3000 http://sjm.localhost:3000/dashboardportal/masters/bankDetailsMaster @ http://sjm.localhost:3000/_next/static/chunks/217dd_next_dist_9c560571._.js:2297
[  565589ms] [LOG] Detected Host: sjm.localhost:3000 http://sjm.localhost:3000/dashboardportal/masters/bankDetailsMaster @ http://sjm.localhost:3000/_next/static/chunks/217dd_next_dist_9c560571._.js:2297
[  565604ms] [LOG] Detected Host: sjm.localhost:3000 http://sjm.localhost:3000/dashboardportal/masters/bankDetailsMaster @ http://sjm.localhost:3000/_next/static/chunks/217dd_next_dist_9c560571._.js:2297
[  565605ms] [LOG] Detected Host: sjm.localhost:3000 http://sjm.localhost:3000/dashboardportal/masters/bankDetailsMaster @ http://sjm.localhost:3000/_next/static/chunks/217dd_next_dist_9c560571._.js:2297
[  565620ms] [LOG] Detected Host: sjm.localhost:3000 http://sjm.localhost:3000/dashboardportal/masters/bankDetailsMaster @ http://sjm.localhost:3000/_next/static/chunks/217dd_next_dist_9c560571._.js:2297
[  565621ms] [LOG] Detected Host: sjm.localhost:3000 http://sjm.localhost:3000/dashboardportal/masters/bankDetailsMaster @ http://sjm.localhost:3000/_next/static/chunks/217dd_next_dist_9c560571._.js:2297
[  565635ms] [LOG] Detected Host: sjm.localhost:3000 http://sjm.localhost:3000/dashboardportal/masters/bankDetailsMaster @ http://sjm.localhost:3000/_next/static/chunks/217dd_next_dist_9c560571._.js:2297
[  565636ms] [LOG] Detected Host: sjm.localhost:3000 http://sjm.localhost:3000/dashboardportal/masters/bankDetailsMaster @ http://sjm.localhost:3000/_next/static/chunks/217dd_next_dist_9c560571._.js:2297
[  565651ms] [LOG] Detected Host: sjm.localhost:3000 http://sjm.localhost:3000/dashboardportal/masters/bankDetailsMaster @ http://sjm.localhost:3000/_next/static/chunks/217dd_next_dist_9c560571._.js:2297
[  565651ms] [LOG] Detected Host: sjm.localhost:3000 http://sjm.localhost:3000/dashboardportal/masters/bankDetailsMaster @ http://sjm.localhost:3000/_next/static/chunks/217dd_next_dist_9c560571._.js:2297
[  565665ms] [LOG] Detected Host: sjm.localhost:3000 http://sjm.localhost:3000/dashboardportal/masters/bankDetailsMaster @ http://sjm.localhost:3000/_next/static/chunks/217dd_next_dist_9c560571._.js:2297
[  565666ms] [LOG] Detected Host: sjm.localhost:3000 http://sjm.localhost:3000/dashboardportal/masters/bankDetailsMaster @ http://sjm.localhost:3000/_next/static/chunks/217dd_next_dist_9c560571._.js:2297
[  565682ms] [LOG] Detected Host: sjm.localhost:3000 http://sjm.localhost:3000/dashboardportal/masters/bankDetailsMaster @ http://sjm.localhost:3000/_next/static/chunks/217dd_next_dist_9c560571._.js:2297
[  565683ms] [LOG] Detected Host: sjm.localhost:3000 http://sjm.localhost:3000/dashboardportal/masters/bankDetailsMaster @ http://sjm.localhost:3000/_next/static/chunks/217dd_next_dist_9c560571._.js:2297
[  565701ms] [LOG] Detected Host: sjm.localhost:3000 http://sjm.localhost:3000/dashboardportal/masters/bankDetailsMaster @ http://sjm.localhost:3000/_next/static/chunks/217dd_next_dist_9c560571._.js:2297
[  565701ms] [LOG] Detected Host: sjm.localhost:3000 http://sjm.localhost:3000/dashboardportal/masters/bankDetailsMaster @ http://sjm.localhost:3000/_next/static/chunks/217dd_next_dist_9c560571._.js:2297
[  565715ms] [LOG] Detected Host: sjm.localhost:3000 http://sjm.localhost:3000/dashboardportal/masters/bankDetailsMaster @ http://sjm.localhost:3000/_next/static/chunks/217dd_next_dist_9c560571._.js:2297
[  565716ms] [LOG] Detected Host: sjm.localhost:3000 http://sjm.localhost:3000/dashboardportal/masters/bankDetailsMaster @ http://sjm.localhost:3000/_next/static/chunks/217dd_next_dist_9c560571._.js:2297
[  565730ms] [LOG] Detected Host: sjm.localhost:3000 http://sjm.localhost:3000/dashboardportal/masters/bankDetailsMaster @ http://sjm.localhost:3000/_next/static/chunks/217dd_next_dist_9c560571._.js:2297
[  565731ms] [LOG] Detected Host: sjm.localhost:3000 http://sjm.localhost:3000/dashboardportal/masters/bankDetailsMaster @ http://sjm.localhost:3000/_next/static/chunks/217dd_next_dist_9c560571._.js:2297
[  565745ms] [LOG] Detected Host: sjm.localhost:3000 http://sjm.localhost:3000/dashboardportal/masters/bankDetailsMaster @ http://sjm.localhost:3000/_next/static/chunks/217dd_next_dist_9c560571._.js:2297
[  565747ms] [LOG] Detected Host: sjm.localhost:3000 http://sjm.localhost:3000/dashboardportal/masters/bankDetailsMaster @ http://sjm.localhost:3000/_next/static/chunks/217dd_next_dist_9c560571._.js:2297
[  565768ms] [LOG] Detected Host: sjm.localhost:3000 http://sjm.localhost:3000/dashboardportal/masters/bankDetailsMaster @ http://sjm.localhost:3000/_next/static/chunks/217dd_next_dist_9c560571._.js:2297
[  565769ms] [LOG] Detected Host: sjm.localhost:3000 http://sjm.localhost:3000/dashboardportal/masters/bankDetailsMaster @ http://sjm.localhost:3000/_next/static/chunks/217dd_next_dist_9c560571._.js:2297
[  565787ms] [LOG] Detected Host: sjm.localhost:3000 http://sjm.localhost:3000/dashboardportal/masters/bankDetailsMaster @ http://sjm.localhost:3000/_next/static/chunks/217dd_next_dist_9c560571._.js:2297
[  565788ms] [LOG] Detected Host: sjm.localhost:3000 http://sjm.localhost:3000/dashboardportal/masters/bankDetailsMaster @ http://sjm.localhost:3000/_next/static/chunks/217dd_next_dist_9c560571._.js:2297
[  565806ms] [LOG] Detected Host: sjm.localhost:3000 http://sjm.localhost:3000/dashboardportal/masters/bankDetailsMaster @ http://sjm.localhost:3000/_next/static/chunks/217dd_next_dist_9c560571._.js:2297
[  565807ms] [LOG] Detected Host: sjm.localhost:3000 http://sjm.localhost:3000/dashboardportal/masters/bankDetailsMaster @ http://sjm.localhost:3000/_next/static/chunks/217dd_next_dist_9c560571._.js:2297
[  565822ms] [LOG] Detected Host: sjm.localhost:3000 http://sjm.localhost:3000/dashboardportal/masters/bankDetailsMaster @ http://sjm.localhost:3000/_next/static/chunks/217dd_next_dist_9c560571._.js:2297
[  565822ms] [LOG] Detected Host: sjm.localhost:3000 http://sjm.localhost:3000/dashboardportal/masters/bankDetailsMaster @ http://sjm.localhost:3000/_next/static/chunks/217dd_next_dist_9c560571._.js:2297
[  565887ms] [LOG] Detected Host: sjm.localhost:3000 http://sjm.localhost:3000/dashboardportal/masters/bankDetailsMaster @ http://sjm.localhost:3000/_next/static/chunks/217dd_next_dist_9c560571._.js:2297
[  565887ms] [LOG] Detected Host: sjm.localhost:3000 http://sjm.localhost:3000/dashboardportal/masters/bankDetailsMaster @ http://sjm.localhost:3000/_next/static/chunks/217dd_next_dist_9c560571._.js:2297
[  565901ms] [LOG] Detected Host: sjm.localhost:3000 http://sjm.localhost:3000/dashboardportal/masters/bankDetailsMaster @ http://sjm.localhost:3000/_next/static/chunks/217dd_next_dist_9c560571._.js:2297
[  565901ms] [LOG] Detected Host: sjm.localhost:3000 http://sjm.localhost:3000/dashboardportal/masters/bankDetailsMaster @ http://sjm.localhost:3000/_next/static/chunks/217dd_next_dist_9c560571._.js:2297
[  565915ms] [LOG] Detected Host: sjm.localhost:3000 http://sjm.localhost:3000/dashboardportal/masters/bankDetailsMaster @ http://sjm.localhost:3000/_next/static/chunks/217dd_next_dist_9c560571._.js:2297
[  565915ms] [LOG] Detected Host: sjm.localhost:3000 http://sjm.localhost:3000/dashboardportal/masters/bankDetailsMaster @ http://sjm.localhost:3000/_next/static/chunks/217dd_next_dist_9c560571._.js:2297
[  565930ms] [LOG] Detected Host: sjm.localhost:3000 http://sjm.localhost:3000/dashboardportal/masters/bankDetailsMaster @ http://sjm.localhost:3000/_next/static/chunks/217dd_next_dist_9c560571._.js:2297
[  565931ms] [LOG] Detected Host: sjm.localhost:3000 http://sjm.localhost:3000/dashboardportal/masters/bankDetailsMaster @ http://sjm.localhost:3000/_next/static/chunks/217dd_next_dist_9c560571._.js:2297
[  565944ms] [LOG] Detected Host: sjm.localhost:3000 http://sjm.localhost:3000/dashboardportal/masters/bankDetailsMaster @ http://sjm.localhost:3000/_next/static/chunks/217dd_next_dist_9c560571._.js:2297
[  565944ms] [LOG] Detected Host: sjm.localhost:3000 http://sjm.localhost:3000/dashboardportal/masters/bankDetailsMaster @ http://sjm.localhost:3000/_next/static/chunks/217dd_next_dist_9c560571._.js:2297
[  565950ms] [LOG] Detected Host: sjm.localhost:3000 http://sjm.localhost:3000/dashboardportal/masters/bankDetailsMaster @ http://sjm.localhost:3000/_next/static/chunks/217dd_next_dist_9c560571._.js:2297
[  565951ms] [LOG] Detected Host: sjm.localhost:3000 http://sjm.localhost:3000/dashboardportal/masters/bankDetailsMaster @ http://sjm.localhost:3000/_next/static/chunks/217dd_next_dist_9c560571._.js:2297
[  565957ms] [LOG] Detected Host: sjm.localhost:3000 http://sjm.localhost:3000/dashboardportal/masters/bankDetailsMaster @ http://sjm.localhost:3000/_next/static/chunks/217dd_next_dist_9c560571._.js:2297
[  565957ms] [LOG] Detected Host: sjm.localhost:3000 http://sjm.localhost:3000/dashboardportal/masters/bankDetailsMaster @ http://sjm.localhost:3000/_next/static/chunks/217dd_next_dist_9c560571._.js:2297
[  565964ms] [LOG] Detected Host: sjm.localhost:3000 http://sjm.localhost:3000/dashboardportal/masters/bankDetailsMaster @ http://sjm.localhost:3000/_next/static/chunks/217dd_next_dist_9c560571._.js:2297
[  565964ms] [LOG] Detected Host: sjm.localhost:3000 http://sjm.localhost:3000/dashboardportal/masters/bankDetailsMaster @ http://sjm.localhost:3000/_next/static/chunks/217dd_next_dist_9c560571._.js:2297
[  565970ms] [LOG] Detected Host: sjm.localhost:3000 http://sjm.localhost:3000/dashboardportal/masters/bankDetailsMaster @ http://sjm.localhost:3000/_next/static/chunks/217dd_next_dist_9c560571._.js:2297
[  565970ms] [LOG] Detected Host: sjm.localhost:3000 http://sjm.localhost:3000/dashboardportal/masters/bankDetailsMaster @ http://sjm.localhost:3000/_next/static/chunks/217dd_next_dist_9c560571._.js:2297
[  565976ms] [LOG] Detected Host: sjm.localhost:3000 http://sjm.localhost:3000/dashboardportal/masters/bankDetailsMaster @ http://sjm.localhost:3000/_next/static/chunks/217dd_next_dist_9c560571._.js:2297
[  565977ms] [LOG] Detected Host: sjm.localhost:3000 http://sjm.localhost:3000/dashboardportal/masters/bankDetailsMaster @ http://sjm.localhost:3000/_next/static/chunks/217dd_next_dist_9c560571._.js:2297
[  565984ms] [LOG] Detected Host: sjm.localhost:3000 http://sjm.localhost:3000/dashboardportal/masters/bankDetailsMaster @ http://sjm.localhost:3000/_next/static/chunks/217dd_next_dist_9c560571._.js:2297
[  565984ms] [LOG] Detected Host: sjm.localhost:3000 http://sjm.localhost:3000/dashboardportal/masters/bankDetailsMaster @ http://sjm.localhost:3000/_next/static/chunks/217dd_next_dist_9c560571._.js:2297
[  565992ms] [LOG] Detected Host: sjm.localhost:3000 http://sjm.localhost:3000/dashboardportal/masters/bankDetailsMaster @ http://sjm.localhost:3000/_next/static/chunks/217dd_next_dist_9c560571._.js:2297
[  565992ms] [LOG] Detected Host: sjm.localhost:3000 http://sjm.localhost:3000/dashboardportal/masters/bankDetailsMaster @ http://sjm.localhost:3000/_next/static/chunks/217dd_next_dist_9c560571._.js:2297
[  565997ms] [LOG] Detected Host: sjm.localhost:3000 http://sjm.localhost:3000/dashboardportal/masters/bankDetailsMaster @ http://sjm.localhost:3000/_next/static/chunks/217dd_next_dist_9c560571._.js:2297
[  565998ms] [LOG] Detected Host: sjm.localhost:3000 http://sjm.localhost:3000/dashboardportal/masters/bankDetailsMaster @ http://sjm.localhost:3000/_next/static/chunks/217dd_next_dist_9c560571._.js:2297
[  566003ms] [LOG] Detected Host: sjm.localhost:3000 http://sjm.localhost:3000/dashboardportal/masters/bankDetailsMaster @ http://sjm.localhost:3000/_next/static/chunks/217dd_next_dist_9c560571._.js:2297
[  566003ms] [LOG] Detected Host: sjm.localhost:3000 http://sjm.localhost:3000/dashboardportal/masters/bankDetailsMaster @ http://sjm.localhost:3000/_next/static/chunks/217dd_next_dist_9c560571._.js:2297
[  566011ms] [LOG] Detected Host: sjm.localhost:3000 http://sjm.localhost:3000/dashboardportal/masters/bankDetailsMaster @ http://sjm.localhost:3000/_next/static/chunks/217dd_next_dist_9c560571._.js:2297
[  566011ms] [LOG] Detected Host: sjm.localhost:3000 http://sjm.localhost:3000/dashboardportal/masters/bankDetailsMaster @ http://sjm.localhost:3000/_next/static/chunks/217dd_next_dist_9c560571._.js:2297
[  566017ms] [LOG] Detected Host: sjm.localhost:3000 http://sjm.localhost:3000/dashboardportal/masters/bankDetailsMaster @ http://sjm.localhost:3000/_next/static/chunks/217dd_next_dist_9c560571._.js:2297
[  566017ms] [LOG] Detected Host: sjm.localhost:3000 http://sjm.localhost:3000/dashboardportal/masters/bankDetailsMaster @ http://sjm.localhost:3000/_next/static/chunks/217dd_next_dist_9c560571._.js:2297
[  566022ms] [LOG] Detected Host: sjm.localhost:3000 http://sjm.localhost:3000/dashboardportal/masters/bankDetailsMaster @ http://sjm.localhost:3000/_next/static/chunks/217dd_next_dist_9c560571._.js:2297
[  566023ms] [LOG] Detected Host: sjm.localhost:3000 http://sjm.localhost:3000/dashboardportal/masters/bankDetailsMaster @ http://sjm.localhost:3000/_next/static/chunks/217dd_next_dist_9c560571._.js:2297
[  566029ms] [LOG] Detected Host: sjm.localhost:3000 http://sjm.localhost:3000/dashboardportal/masters/bankDetailsMaster @ http://sjm.localhost:3000/_next/static/chunks/217dd_next_dist_9c560571._.js:2297
[  566029ms] [LOG] Detected Host: sjm.localhost:3000 http://sjm.localhost:3000/dashboardportal/masters/bankDetailsMaster @ http://sjm.localhost:3000/_next/static/chunks/217dd_next_dist_9c560571._.js:2297
[  566036ms] [LOG] Detected Host: sjm.localhost:3000 http://sjm.localhost:3000/dashboardportal/masters/bankDetailsMaster @ http://sjm.localhost:3000/_next/static/chunks/217dd_next_dist_9c560571._.js:2297
[  566036ms] [LOG] Detected Host: sjm.localhost:3000 http://sjm.localhost:3000/dashboardportal/masters/bankDetailsMaster @ http://sjm.localhost:3000/_next/static/chunks/217dd_next_dist_9c560571._.js:2297
[  566042ms] [LOG] Detected Host: sjm.localhost:3000 http://sjm.localhost:3000/dashboardportal/masters/bankDetailsMaster @ http://sjm.localhost:3000/_next/static/chunks/217dd_next_dist_9c560571._.js:2297
[  566043ms] [LOG] Detected Host: sjm.localhost:3000 http://sjm.localhost:3000/dashboardportal/masters/bankDetailsMaster @ http://sjm.localhost:3000/_next/static/chunks/217dd_next_dist_9c560571._.js:2297
[  566049ms] [LOG] Detected Host: sjm.localhost:3000 http://sjm.localhost:3000/dashboardportal/masters/bankDetailsMaster @ http://sjm.localhost:3000/_next/static/chunks/217dd_next_dist_9c560571._.js:2297
[  566049ms] [LOG] Detected Host: sjm.localhost:3000 http://sjm.localhost:3000/dashboardportal/masters/bankDetailsMaster @ http://sjm.localhost:3000/_next/static/chunks/217dd_next_dist_9c560571._.js:2297
[  566055ms] [LOG] Detected Host: sjm.localhost:3000 http://sjm.localhost:3000/dashboardportal/masters/bankDetailsMaster @ http://sjm.localhost:3000/_next/static/chunks/217dd_next_dist_9c560571._.js:2297
[  566055ms] [LOG] Detected Host: sjm.localhost:3000 http://sjm.localhost:3000/dashboardportal/masters/bankDetailsMaster @ http://sjm.localhost:3000/_next/static/chunks/217dd_next_dist_9c560571._.js:2297
[  566061ms] [LOG] Detected Host: sjm.localhost:3000 http://sjm.localhost:3000/dashboardportal/masters/bankDetailsMaster @ http://sjm.localhost:3000/_next/static/chunks/217dd_next_dist_9c560571._.js:2297
[  566062ms] [LOG] Detected Host: sjm.localhost:3000 http://sjm.localhost:3000/dashboardportal/masters/bankDetailsMaster @ http://sjm.localhost:3000/_next/static/chunks/217dd_next_dist_9c560571._.js:2297
[  566068ms] [LOG] Detected Host: sjm.localhost:3000 http://sjm.localhost:3000/dashboardportal/masters/bankDetailsMaster @ http://sjm.localhost:3000/_next/static/chunks/217dd_next_dist_9c560571._.js:2297
[  566068ms] [LOG] Detected Host: sjm.localhost:3000 http://sjm.localhost:3000/dashboardportal/masters/bankDetailsMaster @ http://sjm.localhost:3000/_next/static/chunks/217dd_next_dist_9c560571._.js:2297
[  566075ms] [LOG] Detected Host: sjm.localhost:3000 http://sjm.localhost:3000/dashboardportal/masters/bankDetailsMaster @ http://sjm.localhost:3000/_next/static/chunks/217dd_next_dist_9c560571._.js:2297
[  566076ms] [LOG] Detected Host: sjm.localhost:3000 http://sjm.localhost:3000/dashboardportal/masters/bankDetailsMaster @ http://sjm.localhost:3000/_next/static/chunks/217dd_next_dist_9c560571._.js:2297
[  566082ms] [LOG] Detected Host: sjm.localhost:3000 http://sjm.localhost:3000/dashboardportal/masters/bankDetailsMaster @ http://sjm.localhost:3000/_next/static/chunks/217dd_next_dist_9c560571._.js:2297
[  566082ms] [LOG] Detected Host: sjm.localhost:3000 http://sjm.localhost:3000/dashboardportal/masters/bankDetailsMaster @ http://sjm.localhost:3000/_next/static/chunks/217dd_next_dist_9c560571._.js:2297
[  566087ms] [LOG] Detected Host: sjm.localhost:3000 http://sjm.localhost:3000/dashboardportal/masters/bankDetailsMaster @ http://sjm.localhost:3000/_next/static/chunks/217dd_next_dist_9c560571._.js:2297
[  566088ms] [LOG] Detected Host: sjm.localhost:3000 http://sjm.localhost:3000/dashboardportal/masters/bankDetailsMaster @ http://sjm.localhost:3000/_next/static/chunks/217dd_next_dist_9c560571._.js:2297
[  566093ms] [LOG] Detected Host: sjm.localhost:3000 http://sjm.localhost:3000/dashboardportal/masters/bankDetailsMaster @ http://sjm.localhost:3000/_next/static/chunks/217dd_next_dist_9c560571._.js:2297
[  566094ms] [LOG] Detected Host: sjm.localhost:3000 http://sjm.localhost:3000/dashboardportal/masters/bankDetailsMaster @ http://sjm.localhost:3000/_next/static/chunks/217dd_next_dist_9c560571._.js:2297
[  566099ms] [LOG] Detected Host: sjm.localhost:3000 http://sjm.localhost:3000/dashboardportal/masters/bankDetailsMaster @ http://sjm.localhost:3000/_next/static/chunks/217dd_next_dist_9c560571._.js:2297
[  566100ms] [LOG] Detected Host: sjm.localhost:3000 http://sjm.localhost:3000/dashboardportal/masters/bankDetailsMaster @ http://sjm.localhost:3000/_next/static/chunks/217dd_next_dist_9c560571._.js:2297
[  566106ms] [LOG] Detected Host: sjm.localhost:3000 http://sjm.localhost:3000/dashboardportal/masters/bankDetailsMaster @ http://sjm.localhost:3000/_next/static/chunks/217dd_next_dist_9c560571._.js:2297
[  566106ms] [LOG] Detected Host: sjm.localhost:3000 http://sjm.localhost:3000/dashboardportal/masters/bankDetailsMaster @ http://sjm.localhost:3000/_next/static/chunks/217dd_next_dist_9c560571._.js:2297
[  566112ms] [LOG] Detected Host: sjm.localhost:3000 http://sjm.localhost:3000/dashboardportal/masters/bankDetailsMaster @ http://sjm.localhost:3000/_next/static/chunks/217dd_next_dist_9c560571._.js:2297
[  566112ms] [LOG] Detected Host: sjm.localhost:3000 http://sjm.localhost:3000/dashboardportal/masters/bankDetailsMaster @ http://sjm.localhost:3000/_next/static/chunks/217dd_next_dist_9c560571._.js:2297
[  566118ms] [LOG] Detected Host: sjm.localhost:3000 http://sjm.localhost:3000/dashboardportal/masters/bankDetailsMaster @ http://sjm.localhost:3000/_next/static/chunks/217dd_next_dist_9c560571._.js:2297
[  566119ms] [LOG] Detected Host: sjm.localhost:3000 http://sjm.localhost:3000/dashboardportal/masters/bankDetailsMaster @ http://sjm.localhost:3000/_next/static/chunks/217dd_next_dist_9c560571._.js:2297
[  566127ms] [LOG] Detected Host: sjm.localhost:3000 http://sjm.localhost:3000/dashboardportal/masters/bankDetailsMaster @ http://sjm.localhost:3000/_next/static/chunks/217dd_next_dist_9c560571._.js:2297
[  566128ms] [LOG] Detected Host: sjm.localhost:3000 http://sjm.localhost:3000/dashboardportal/masters/bankDetailsMaster @ http://sjm.localhost:3000/_next/static/chunks/217dd_next_dist_9c560571._.js:2297
[  566133ms] [LOG] Detected Host: sjm.localhost:3000 http://sjm.localhost:3000/dashboardportal/masters/bankDetailsMaster @ http://sjm.localhost:3000/_next/static/chunks/217dd_next_dist_9c560571._.js:2297
[  566133ms] [LOG] Detected Host: sjm.localhost:3000 http://sjm.localhost:3000/dashboardportal/masters/bankDetailsMaster @ http://sjm.localhost:3000/_next/static/chunks/217dd_next_dist_9c560571._.js:2297
[  566139ms] [LOG] Detected Host: sjm.localhost:3000 http://sjm.localhost:3000/dashboardportal/masters/bankDetailsMaster @ http://sjm.localhost:3000/_next/static/chunks/217dd_next_dist_9c560571._.js:2297
[  566139ms] [LOG] Detected Host: sjm.localhost:3000 http://sjm.localhost:3000/dashboardportal/masters/bankDetailsMaster @ http://sjm.localhost:3000/_next/static/chunks/217dd_next_dist_9c560571._.js:2297
[  566145ms] [LOG] Detected Host: sjm.localhost:3000 http://sjm.localhost:3000/dashboardportal/masters/bankDetailsMaster @ http://sjm.localhost:3000/_next/static/chunks/217dd_next_dist_9c560571._.js:2297
[  566145ms] [LOG] Detected Host: sjm.localhost:3000 http://sjm.localhost:3000/dashboardportal/masters/bankDetailsMaster @ http://sjm.localhost:3000/_next/static/chunks/217dd_next_dist_9c560571._.js:2297
[  566150ms] [LOG] Detected Host: sjm.localhost:3000 http://sjm.localhost:3000/dashboardportal/masters/bankDetailsMaster @ http://sjm.localhost:3000/_next/static/chunks/217dd_next_dist_9c560571._.js:2297
[  566150ms] [LOG] Detected Host: sjm.localhost:3000 http://sjm.localhost:3000/dashboardportal/masters/bankDetailsMaster @ http://sjm.localhost:3000/_next/static/chunks/217dd_next_dist_9c560571._.js:2297
[  566156ms] [LOG] Detected Host: sjm.localhost:3000 http://sjm.localhost:3000/dashboardportal/masters/bankDetailsMaster @ http://sjm.localhost:3000/_next/static/chunks/217dd_next_dist_9c560571._.js:2297
[  566156ms] [LOG] Detected Host: sjm.localhost:3000 http://sjm.localhost:3000/dashboardportal/masters/bankDetailsMaster @ http://sjm.localhost:3000/_next/static/chunks/217dd_next_dist_9c560571._.js:2297
[  566162ms] [LOG] Detected Host: sjm.localhost:3000 http://sjm.localhost:3000/dashboardportal/masters/bankDetailsMaster @ http://sjm.localhost:3000/_next/static/chunks/217dd_next_dist_9c560571._.js:2297
[  566162ms] [LOG] Detected Host: sjm.localhost:3000 http://sjm.localhost:3000/dashboardportal/masters/bankDetailsMaster @ http://sjm.localhost:3000/_next/static/chunks/217dd_next_dist_9c560571._.js:2297
[  566168ms] [LOG] Detected Host: sjm.localhost:3000 http://sjm.localhost:3000/dashboardportal/masters/bankDetailsMaster @ http://sjm.localhost:3000/_next/static/chunks/217dd_next_dist_9c560571._.js:2297
[  566168ms] [LOG] Detected Host: sjm.localhost:3000 http://sjm.localhost:3000/dashboardportal/masters/bankDetailsMaster @ http://sjm.localhost:3000/_next/static/chunks/217dd_next_dist_9c560571._.js:2297
[  566174ms] [LOG] Detected Host: sjm.localhost:3000 http://sjm.localhost:3000/dashboardportal/masters/bankDetailsMaster @ http://sjm.localhost:3000/_next/static/chunks/217dd_next_dist_9c560571._.js:2297
[  566174ms] [LOG] Detected Host: sjm.localhost:3000 http://sjm.localhost:3000/dashboardportal/masters/bankDetailsMaster @ http://sjm.localhost:3000/_next/static/chunks/217dd_next_dist_9c560571._.js:2297
[  566180ms] [LOG] Detected Host: sjm.localhost:3000 http://sjm.localhost:3000/dashboardportal/masters/bankDetailsMaster @ http://sjm.localhost:3000/_next/static/chunks/217dd_next_dist_9c560571._.js:2297
[  566181ms] [LOG] Detected Host: sjm.localhost:3000 http://sjm.localhost:3000/dashboardportal/masters/bankDetailsMaster @ http://sjm.localhost:3000/_next/static/chunks/217dd_next_dist_9c560571._.js:2297
[  566187ms] [LOG] Detected Host: sjm.localhost:3000 http://sjm.localhost:3000/dashboardportal/masters/bankDetailsMaster @ http://sjm.localhost:3000/_next/static/chunks/217dd_next_dist_9c560571._.js:2297
[  566187ms] [LOG] Detected Host: sjm.localhost:3000 http://sjm.localhost:3000/dashboardportal/masters/bankDetailsMaster @ http://sjm.localhost:3000/_next/static/chunks/217dd_next_dist_9c560571._.js:2297
[  566193ms] [LOG] Detected Host: sjm.localhost:3000 http://sjm.localhost:3000/dashboardportal/masters/bankDetailsMaster @ http://sjm.localhost:3000/_next/static/chunks/217dd_next_dist_9c560571._.js:2297
[  566194ms] [LOG] Detected Host: sjm.localhost:3000 http://sjm.localhost:3000/dashboardportal/masters/bankDetailsMaster @ http://sjm.localhost:3000/_next/static/chunks/217dd_next_dist_9c560571._.js:2297
[  566199ms] [LOG] Detected Host: sjm.localhost:3000 http://sjm.localhost:3000/dashboardportal/masters/bankDetailsMaster @ http://sjm.localhost:3000/_next/static/chunks/217dd_next_dist_9c560571._.js:2297
[  566200ms] [LOG] Detected Host: sjm.localhost:3000 http://sjm.localhost:3000/dashboardportal/masters/bankDetailsMaster @ http://sjm.localhost:3000/_next/static/chunks/217dd_next_dist_9c560571._.js:2297
[  566205ms] [LOG] Detected Host: sjm.localhost:3000 http://sjm.localhost:3000/dashboardportal/masters/bankDetailsMaster @ http://sjm.localhost:3000/_next/static/chunks/217dd_next_dist_9c560571._.js:2297
[  566205ms] [LOG] Detected Host: sjm.localhost:3000 http://sjm.localhost:3000/dashboardportal/masters/bankDetailsMaster @ http://sjm.localhost:3000/_next/static/chunks/217dd_next_dist_9c560571._.js:2297
[  566210ms] [LOG] Detected Host: sjm.localhost:3000 http://sjm.localhost:3000/dashboardportal/masters/bankDetailsMaster @ http://sjm.localhost:3000/_next/static/chunks/217dd_next_dist_9c560571._.js:2297
[  566210ms] [LOG] Detected Host: sjm.localhost:3000 http://sjm.localhost:3000/dashboardportal/masters/bankDetailsMaster @ http://sjm.localhost:3000/_next/static/chunks/217dd_next_dist_9c560571._.js:2297
[  566216ms] [LOG] Detected Host: sjm.localhost:3000 http://sjm.localhost:3000/dashboardportal/masters/bankDetailsMaster @ http://sjm.localhost:3000/_next/static/chunks/217dd_next_dist_9c560571._.js:2297
[  566216ms] [LOG] Detected Host: sjm.localhost:3000 http://sjm.localhost:3000/dashboardportal/masters/bankDetailsMaster @ http://sjm.localhost:3000/_next/static/chunks/217dd_next_dist_9c560571._.js:2297
[  566222ms] [LOG] Detected Host: sjm.localhost:3000 http://sjm.localhost:3000/dashboardportal/masters/bankDetailsMaster @ http://sjm.localhost:3000/_next/static/chunks/217dd_next_dist_9c560571._.js:2297
[  566223ms] [LOG] Detected Host: sjm.localhost:3000 http://sjm.localhost:3000/dashboardportal/masters/bankDetailsMaster @ http://sjm.localhost:3000/_next/static/chunks/217dd_next_dist_9c560571._.js:2297
[  566229ms] [LOG] Detected Host: sjm.localhost:3000 http://sjm.localhost:3000/dashboardportal/masters/bankDetailsMaster @ http://sjm.localhost:3000/_next/static/chunks/217dd_next_dist_9c560571._.js:2297
[  566229ms] [LOG] Detected Host: sjm.localhost:3000 http://sjm.localhost:3000/dashboardportal/masters/bankDetailsMaster @ http://sjm.localhost:3000/_next/static/chunks/217dd_next_dist_9c560571._.js:2297
[  566235ms] [LOG] Detected Host: sjm.localhost:3000 http://sjm.localhost:3000/dashboardportal/masters/bankDetailsMaster @ http://sjm.localhost:3000/_next/static/chunks/217dd_next_dist_9c560571._.js:2297
[  566236ms] [LOG] Detected Host: sjm.localhost:3000 http://sjm.localhost:3000/dashboardportal/masters/bankDetailsMaster @ http://sjm.localhost:3000/_next/static/chunks/217dd_next_dist_9c560571._.js:2297
[  566241ms] [LOG] Detected Host: sjm.localhost:3000 http://sjm.localhost:3000/dashboardportal/masters/bankDetailsMaster @ http://sjm.localhost:3000/_next/static/chunks/217dd_next_dist_9c560571._.js:2297
[  566242ms] [LOG] Detected Host: sjm.localhost:3000 http://sjm.localhost:3000/dashboardportal/masters/bankDetailsMaster @ http://sjm.localhost:3000/_next/static/chunks/217dd_next_dist_9c560571._.js:2297
[  566250ms] [LOG] Detected Host: sjm.localhost:3000 http://sjm.localhost:3000/dashboardportal/masters/bankDetailsMaster @ http://sjm.localhost:3000/_next/static/chunks/217dd_next_dist_9c560571._.js:2297
[  566251ms] [LOG] Detected Host: sjm.localhost:3000 http://sjm.localhost:3000/dashboardportal/masters/bankDetailsMaster @ http://sjm.localhost:3000/_next/static/chunks/217dd_next_dist_9c560571._.js:2297
[  566259ms] [LOG] Detected Host: sjm.localhost:3000 http://sjm.localhost:3000/dashboardportal/masters/bankDetailsMaster @ http://sjm.localhost:3000/_next/static/chunks/217dd_next_dist_9c560571._.js:2297
[  566260ms] [LOG] Detected Host: sjm.localhost:3000 http://sjm.localhost:3000/dashboardportal/masters/bankDetailsMaster @ http://sjm.localhost:3000/_next/static/chunks/217dd_next_dist_9c560571._.js:2297
[  566265ms] [LOG] Detected Host: sjm.localhost:3000 http://sjm.localhost:3000/dashboardportal/masters/bankDetailsMaster @ http://sjm.localhost:3000/_next/static/chunks/217dd_next_dist_9c560571._.js:2297
[  566266ms] [LOG] Detected Host: sjm.localhost:3000 http://sjm.localhost:3000/dashboardportal/masters/bankDetailsMaster @ http://sjm.localhost:3000/_next/static/chunks/217dd_next_dist_9c560571._.js:2297
[  566271ms] [LOG] Detected Host: sjm.localhost:3000 http://sjm.localhost:3000/dashboardportal/masters/bankDetailsMaster @ http://sjm.localhost:3000/_next/static/chunks/217dd_next_dist_9c560571._.js:2297
[  566271ms] [LOG] Detected Host: sjm.localhost:3000 http://sjm.localhost:3000/dashboardportal/masters/bankDetailsMaster @ http://sjm.localhost:3000/_next/static/chunks/217dd_next_dist_9c560571._.js:2297
[  566351ms] [LOG] Detected Host: sjm.localhost:3000 http://sjm.localhost:3000/dashboardportal/masters/bankDetailsMaster @ http://sjm.localhost:3000/_next/static/chunks/217dd_next_dist_9c560571._.js:2297
[  566352ms] [LOG] Detected Host: sjm.localhost:3000 http://sjm.localhost:3000/dashboardportal/masters/bankDetailsMaster @ http://sjm.localhost:3000/_next/static/chunks/217dd_next_dist_9c560571._.js:2297
[  566362ms] [LOG] Detected Host: sjm.localhost:3000 http://sjm.localhost:3000/dashboardportal/masters/bankDetailsMaster @ http://sjm.localhost:3000/_next/static/chunks/217dd_next_dist_9c560571._.js:2297
[  566362ms] [LOG] Detected Host: sjm.localhost:3000 http://sjm.localhost:3000/dashboardportal/masters/bankDetailsMaster @ http://sjm.localhost:3000/_next/static/chunks/217dd_next_dist_9c560571._.js:2297
[  566379ms] [LOG] Detected Host: sjm.localhost:3000 http://sjm.localhost:3000/dashboardportal/masters/bankDetailsMaster @ http://sjm.localhost:3000/_next/static/chunks/217dd_next_dist_9c560571._.js:2297
[  566379ms] [LOG] Detected Host: sjm.localhost:3000 http://sjm.localhost:3000/dashboardportal/masters/bankDetailsMaster @ http://sjm.localhost:3000/_next/static/chunks/217dd_next_dist_9c560571._.js:2297
[  566553ms] [LOG] Detected Host: sjm.localhost:3000 http://sjm.localhost:3000/dashboardportal/masters/bankDetailsMaster @ http://sjm.localhost:3000/_next/static/chunks/217dd_next_dist_9c560571._.js:2297
[  566559ms] [LOG] Detected Host: sjm.localhost:3000 http://sjm.localhost:3000/dashboardportal/masters/bankDetailsMaster @ http://sjm.localhost:3000/_next/static/chunks/217dd_next_dist_9c560571._.js:2297
[  566666ms] [LOG] Detected Host: sjm.localhost:3000 http://sjm.localhost:3000/dashboardportal/masters/bankDetailsMaster @ http://sjm.localhost:3000/_next/static/chunks/217dd_next_dist_9c560571._.js:2297
[  566671ms] [LOG] Detected Host: sjm.localhost:3000 http://sjm.localhost:3000/dashboardportal/masters/bankDetailsMaster @ http://sjm.localhost:3000/_next/static/chunks/217dd_next_dist_9c560571._.js:2297
[  566813ms] [LOG] Detected Host: sjm.localhost:3000 http://sjm.localhost:3000/dashboardportal/masters/bankDetailsMaster @ http://sjm.localhost:3000/_next/static/chunks/217dd_next_dist_9c560571._.js:2297
[  566818ms] [LOG] Detected Host: sjm.localhost:3000 http://sjm.localhost:3000/dashboardportal/masters/bankDetailsMaster @ http://sjm.localhost:3000/_next/static/chunks/217dd_next_dist_9c560571._.js:2297
[  567079ms] [LOG] Detected Host: sjm.localhost:3000 http://sjm.localhost:3000/dashboardportal/masters/bankDetailsMaster @ http://sjm.localhost:3000/_next/static/chunks/217dd_next_dist_9c560571._.js:2297
[  567085ms] [LOG] Detected Host: sjm.localhost:3000 http://sjm.localhost:3000/dashboardportal/masters/bankDetailsMaster @ http://sjm.localhost:3000/_next/static/chunks/217dd_next_dist_9c560571._.js:2297
[  567302ms] [ERROR] Failed to load resource: the server responded with a status of 404 (Not Found) @ http://192.168.0.133:8000/api/bankDetailsMaster/get_bank_details_table?page=1&limit=10&co_id=1:0
[  567315ms] [LOG] Detected Host: sjm.localhost:3000 http://sjm.localhost:3000/dashboardportal/masters/bankDetailsMaster @ http://sjm.localhost:3000/_next/static/chunks/217dd_next_dist_9c560571._.js:2297
[  567319ms] [LOG] Detected Host: sjm.localhost:3000 http://sjm.localhost:3000/dashboardportal/masters/bankDetailsMaster @ http://sjm.localhost:3000/_next/static/chunks/217dd_next_dist_9c560571._.js:2297
[  568017ms] [LOG] [Fast Refresh] done in 4582ms @ http://sjm.localhost:3000/_next/static/chunks/217dd_next_dist_9c560571._.js:2297
[  568340ms] [INFO] %cDownload the React DevTools for a better development experience: https://react.dev/link/react-devtools font-weight:bold @ http://sjm.localhost:3000/_next/static/chunks/217dd_next_dist_9c560571._.js:2297
[  568383ms] [LOG] [HMR] connected @ http://sjm.localhost:3000/_next/static/chunks/217dd_next_dist_9c560571._.js:2297
[  568645ms] [LOG] Detected Host: sjm.localhost:3000 http://sjm.localhost:3000/dashboardportal/masters/categoryMaster @ http://sjm.localhost:3000/_next/static/chunks/217dd_next_dist_9c560571._.js:2297
[  568646ms] [LOG] Detected Host: sjm.localhost:3000 http://sjm.localhost:3000/dashboardportal/masters/categoryMaster @ http://sjm.localhost:3000/_next/static/chunks/217dd_next_dist_9c560571._.js:2297
[  568677ms] [LOG] Detected Host: sjm.localhost:3000 http://sjm.localhost:3000/dashboardportal/masters/categoryMaster @ http://sjm.localhost:3000/_next/static/chunks/217dd_next_dist_9c560571._.js:2297
[  568678ms] [LOG] Detected Host: sjm.localhost:3000 http://sjm.localhost:3000/dashboardportal/masters/categoryMaster @ http://sjm.localhost:3000/_next/static/chunks/217dd_next_dist_9c560571._.js:2297
[  568702ms] [LOG] Detected Host: sjm.localhost:3000 http://sjm.localhost:3000/dashboardportal/masters/categoryMaster @ http://sjm.localhost:3000/_next/static/chunks/217dd_next_dist_9c560571._.js:2297
[  568702ms] [LOG] Detected Host: sjm.localhost:3000 http://sjm.localhost:3000/dashboardportal/masters/categoryMaster @ http://sjm.localhost:3000/_next/static/chunks/217dd_next_dist_9c560571._.js:2297
[  568730ms] [LOG] Detected Host: sjm.localhost:3000 http://sjm.localhost:3000/dashboardportal/masters/categoryMaster @ http://sjm.localhost:3000/_next/static/chunks/217dd_next_dist_9c560571._.js:2297
[  568731ms] [LOG] Detected Host: sjm.localhost:3000 http://sjm.localhost:3000/dashboardportal/masters/categoryMaster @ http://sjm.localhost:3000/_next/static/chunks/217dd_next_dist_9c560571._.js:2297
[  568774ms] [LOG] Detected Host: sjm.localhost:3000 http://sjm.localhost:3000/dashboardportal/masters/categoryMaster @ http://sjm.localhost:3000/_next/static/chunks/217dd_next_dist_9c560571._.js:2297
[  568777ms] [LOG] Detected Host: sjm.localhost:3000 http://sjm.localhost:3000/dashboardportal/masters/categoryMaster @ http://sjm.localhost:3000/_next/static/chunks/217dd_next_dist_9c560571._.js:2297
[  568802ms] [LOG] Detected Host: sjm.localhost:3000 http://sjm.localhost:3000/dashboardportal/masters/categoryMaster @ http://sjm.localhost:3000/_next/static/chunks/217dd_next_dist_9c560571._.js:2297
[  568802ms] [LOG] Detected Host: sjm.localhost:3000 http://sjm.localhost:3000/dashboardportal/masters/categoryMaster @ http://sjm.localhost:3000/_next/static/chunks/217dd_next_dist_9c560571._.js:2297
[  568827ms] [LOG] Detected Host: sjm.localhost:3000 http://sjm.localhost:3000/dashboardportal/masters/categoryMaster @ http://sjm.localhost:3000/_next/static/chunks/217dd_next_dist_9c560571._.js:2297
[  568827ms] [LOG] Detected Host: sjm.localhost:3000 http://sjm.localhost:3000/dashboardportal/masters/categoryMaster @ http://sjm.localhost:3000/_next/static/chunks/217dd_next_dist_9c560571._.js:2297
[  568853ms] [LOG] Detected Host: sjm.localhost:3000 http://sjm.localhost:3000/dashboardportal/masters/categoryMaster @ http://sjm.localhost:3000/_next/static/chunks/217dd_next_dist_9c560571._.js:2297
[  568854ms] [LOG] Detected Host: sjm.localhost:3000 http://sjm.localhost:3000/dashboardportal/masters/categoryMaster @ http://sjm.localhost:3000/_next/static/chunks/217dd_next_dist_9c560571._.js:2297
[  568940ms] [LOG] Detected Host: sjm.localhost:3000 http://sjm.localhost:3000/dashboardportal/masters/categoryMaster @ http://sjm.localhost:3000/_next/static/chunks/217dd_next_dist_9c560571._.js:2297
[  568950ms] [LOG] Detected Host: sjm.localhost:3000 http://sjm.localhost:3000/dashboardportal/masters/categoryMaster @ http://sjm.localhost:3000/_next/static/chunks/217dd_next_dist_9c560571._.js:2297
[  569061ms] [LOG] Detected Host: sjm.localhost:3000 http://sjm.localhost:3000/dashboardportal/masters/categoryMaster @ http://sjm.localhost:3000/_next/static/chunks/217dd_next_dist_9c560571._.js:2297
[  569067ms] [LOG] Detected Host: sjm.localhost:3000 http://sjm.localhost:3000/dashboardportal/masters/categoryMaster @ http://sjm.localhost:3000/_next/static/chunks/217dd_next_dist_9c560571._.js:2297
[  569201ms] [LOG] Detected Host: sjm.localhost:3000 http://sjm.localhost:3000/dashboardportal/masters/categoryMaster @ http://sjm.localhost:3000/_next/static/chunks/217dd_next_dist_9c560571._.js:2297
[  569206ms] [LOG] Detected Host: sjm.localhost:3000 http://sjm.localhost:3000/dashboardportal/masters/categoryMaster @ http://sjm.localhost:3000/_next/static/chunks/217dd_next_dist_9c560571._.js:2297
[  569416ms] [LOG] Detected Host: sjm.localhost:3000 http://sjm.localhost:3000/dashboardportal/masters/categoryMaster @ http://sjm.localhost:3000/_next/static/chunks/217dd_next_dist_9c560571._.js:2297
[  569420ms] [LOG] Detected Host: sjm.localhost:3000 http://sjm.localhost:3000/dashboardportal/masters/categoryMaster @ http://sjm.localhost:3000/_next/static/chunks/217dd_next_dist_9c560571._.js:2297
[  569603ms] [LOG] Detected Host: sjm.localhost:3000 http://sjm.localhost:3000/dashboardportal/masters/categoryMaster @ http://sjm.localhost:3000/_next/static/chunks/217dd_next_dist_9c560571._.js:2297
[  569606ms] [LOG] Detected Host: sjm.localhost:3000 http://sjm.localhost:3000/dashboardportal/masters/categoryMaster @ http://sjm.localhost:3000/_next/static/chunks/217dd_next_dist_9c560571._.js:2297
[  569834ms] [LOG] [Fast Refresh] rebuilding @ http://sjm.localhost:3000/_next/static/chunks/217dd_next_dist_9c560571._.js:2297
[  571370ms] [LOG] [Fast Refresh] done in 1650ms @ http://sjm.localhost:3000/_next/static/chunks/217dd_next_dist_9c560571._.js:2297
[  571719ms] [INFO] %cDownload the React DevTools for a better development experience: https://react.dev/link/react-devtools font-weight:bold @ http://sjm.localhost:3000/_next/static/chunks/217dd_next_dist_9c560571._.js:2297
[  571813ms] [LOG] [HMR] connected @ http://sjm.localhost:3000/_next/static/chunks/217dd_next_dist_9c560571._.js:2297
[  572097ms] [LOG] Detected Host: sjm.localhost:3000 http://sjm.localhost:3000/dashboardportal/masters/contractorMaster @ http://sjm.localhost:3000/_next/static/chunks/217dd_next_dist_9c560571._.js:2297
[  572098ms] [LOG] Detected Host: sjm.localhost:3000 http://sjm.localhost:3000/dashboardportal/masters/contractorMaster @ http://sjm.localhost:3000/_next/static/chunks/217dd_next_dist_9c560571._.js:2297
[  572126ms] [LOG] Detected Host: sjm.localhost:3000 http://sjm.localhost:3000/dashboardportal/masters/contractorMaster @ http://sjm.localhost:3000/_next/static/chunks/217dd_next_dist_9c560571._.js:2297
[  572127ms] [LOG] Detected Host: sjm.localhost:3000 http://sjm.localhost:3000/dashboardportal/masters/contractorMaster @ http://sjm.localhost:3000/_next/static/chunks/217dd_next_dist_9c560571._.js:2297
[  572149ms] [LOG] Detected Host: sjm.localhost:3000 http://sjm.localhost:3000/dashboardportal/masters/contractorMaster @ http://sjm.localhost:3000/_next/static/chunks/217dd_next_dist_9c560571._.js:2297
[  572149ms] [LOG] Detected Host: sjm.localhost:3000 http://sjm.localhost:3000/dashboardportal/masters/contractorMaster @ http://sjm.localhost:3000/_next/static/chunks/217dd_next_dist_9c560571._.js:2297
[  572173ms] [LOG] Detected Host: sjm.localhost:3000 http://sjm.localhost:3000/dashboardportal/masters/contractorMaster @ http://sjm.localhost:3000/_next/static/chunks/217dd_next_dist_9c560571._.js:2297
[  572174ms] [LOG] Detected Host: sjm.localhost:3000 http://sjm.localhost:3000/dashboardportal/masters/contractorMaster @ http://sjm.localhost:3000/_next/static/chunks/217dd_next_dist_9c560571._.js:2297
[  572203ms] [LOG] Detected Host: sjm.localhost:3000 http://sjm.localhost:3000/dashboardportal/masters/contractorMaster @ http://sjm.localhost:3000/_next/static/chunks/217dd_next_dist_9c560571._.js:2297
[  572204ms] [LOG] Detected Host: sjm.localhost:3000 http://sjm.localhost:3000/dashboardportal/masters/contractorMaster @ http://sjm.localhost:3000/_next/static/chunks/217dd_next_dist_9c560571._.js:2297
[  572233ms] [LOG] Detected Host: sjm.localhost:3000 http://sjm.localhost:3000/dashboardportal/masters/contractorMaster @ http://sjm.localhost:3000/_next/static/chunks/217dd_next_dist_9c560571._.js:2297
[  572234ms] [LOG] Detected Host: sjm.localhost:3000 http://sjm.localhost:3000/dashboardportal/masters/contractorMaster @ http://sjm.localhost:3000/_next/static/chunks/217dd_next_dist_9c560571._.js:2297
[  572269ms] [LOG] Detected Host: sjm.localhost:3000 http://sjm.localhost:3000/dashboardportal/masters/contractorMaster @ http://sjm.localhost:3000/_next/static/chunks/217dd_next_dist_9c560571._.js:2297
[  572270ms] [LOG] Detected Host: sjm.localhost:3000 http://sjm.localhost:3000/dashboardportal/masters/contractorMaster @ http://sjm.localhost:3000/_next/static/chunks/217dd_next_dist_9c560571._.js:2297
[  572295ms] [LOG] Detected Host: sjm.localhost:3000 http://sjm.localhost:3000/dashboardportal/masters/contractorMaster @ http://sjm.localhost:3000/_next/static/chunks/217dd_next_dist_9c560571._.js:2297
[  572296ms] [LOG] Detected Host: sjm.localhost:3000 http://sjm.localhost:3000/dashboardportal/masters/contractorMaster @ http://sjm.localhost:3000/_next/static/chunks/217dd_next_dist_9c560571._.js:2297
[  572322ms] [LOG] Detected Host: sjm.localhost:3000 http://sjm.localhost:3000/dashboardportal/masters/contractorMaster @ http://sjm.localhost:3000/_next/static/chunks/217dd_next_dist_9c560571._.js:2297
[  572323ms] [LOG] Detected Host: sjm.localhost:3000 http://sjm.localhost:3000/dashboardportal/masters/contractorMaster @ http://sjm.localhost:3000/_next/static/chunks/217dd_next_dist_9c560571._.js:2297
[  572429ms] [LOG] Detected Host: sjm.localhost:3000 http://sjm.localhost:3000/dashboardportal/masters/contractorMaster @ http://sjm.localhost:3000/_next/static/chunks/217dd_next_dist_9c560571._.js:2297
[  572436ms] [LOG] Detected Host: sjm.localhost:3000 http://sjm.localhost:3000/dashboardportal/masters/contractorMaster @ http://sjm.localhost:3000/_next/static/chunks/217dd_next_dist_9c560571._.js:2297
[  572545ms] [LOG] Detected Host: sjm.localhost:3000 http://sjm.localhost:3000/dashboardportal/masters/contractorMaster @ http://sjm.localhost:3000/_next/static/chunks/217dd_next_dist_9c560571._.js:2297
[  572551ms] [LOG] Detected Host: sjm.localhost:3000 http://sjm.localhost:3000/dashboardportal/masters/contractorMaster @ http://sjm.localhost:3000/_next/static/chunks/217dd_next_dist_9c560571._.js:2297
[  572719ms] [LOG] Detected Host: sjm.localhost:3000 http://sjm.localhost:3000/dashboardportal/masters/contractorMaster @ http://sjm.localhost:3000/_next/static/chunks/217dd_next_dist_9c560571._.js:2297
[  572726ms] [LOG] Detected Host: sjm.localhost:3000 http://sjm.localhost:3000/dashboardportal/masters/contractorMaster @ http://sjm.localhost:3000/_next/static/chunks/217dd_next_dist_9c560571._.js:2297
[  572859ms] [LOG] Detected Host: sjm.localhost:3000 http://sjm.localhost:3000/dashboardportal/masters/contractorMaster @ http://sjm.localhost:3000/_next/static/chunks/217dd_next_dist_9c560571._.js:2297
[  572865ms] [LOG] Detected Host: sjm.localhost:3000 http://sjm.localhost:3000/dashboardportal/masters/contractorMaster @ http://sjm.localhost:3000/_next/static/chunks/217dd_next_dist_9c560571._.js:2297
[  573151ms] [LOG] Detected Host: sjm.localhost:3000 http://sjm.localhost:3000/dashboardportal/masters/contractorMaster @ http://sjm.localhost:3000/_next/static/chunks/217dd_next_dist_9c560571._.js:2297
[  573154ms] [LOG] Detected Host: sjm.localhost:3000 http://sjm.localhost:3000/dashboardportal/masters/contractorMaster @ http://sjm.localhost:3000/_next/static/chunks/217dd_next_dist_9c560571._.js:2297
[  573303ms] [LOG] [Fast Refresh] rebuilding @ http://sjm.localhost:3000/_next/static/chunks/217dd_next_dist_9c560571._.js:2297
[  573306ms] [LOG] [Fast Refresh] done in 930ms @ http://sjm.localhost:3000/_next/static/chunks/217dd_next_dist_9c560571._.js:2297
[  581154ms] [LOG] [Fast Refresh] rebuilding @ http://sjm.localhost:3000/_next/static/chunks/217dd_next_dist_9c560571._.js:2297
[  583880ms] [LOG] Detected Host: sjm.localhost:3000 http://sjm.localhost:3000/dashboardportal/masters/contractorMaster @ http://sjm.localhost:3000/_next/static/chunks/217dd_next_dist_9c560571._.js:2297
[  583886ms] [LOG] Detected Host: sjm.localhost:3000 http://sjm.localhost:3000/dashboardportal/masters/contractorMaster @ http://sjm.localhost:3000/_next/static/chunks/217dd_next_dist_9c560571._.js:2297
[  585102ms] [INFO] %cDownload the React DevTools for a better development experience: https://react.dev/link/react-devtools font-weight:bold @ http://sjm.localhost:3000/_next/static/chunks/217dd_next_dist_9c560571._.js:2297
[  585148ms] [LOG] [HMR] connected @ http://sjm.localhost:3000/_next/static/chunks/217dd_next_dist_9c560571._.js:2297
[  585744ms] [LOG] [Fast Refresh] rebuilding @ http://sjm.localhost:3000/_next/static/chunks/217dd_next_dist_9c560571._.js:2297
[  586269ms] [LOG] Detected Host: sjm.localhost:3000 http://sjm.localhost:3000/dashboardportal/masters/costFactor @ http://sjm.localhost:3000/_next/static/chunks/217dd_next_dist_9c560571._.js:2297
[  586271ms] [LOG] Detected Host: sjm.localhost:3000 http://sjm.localhost:3000/dashboardportal/masters/costFactor @ http://sjm.localhost:3000/_next/static/chunks/217dd_next_dist_9c560571._.js:2297
[  586302ms] [LOG] Detected Host: sjm.localhost:3000 http://sjm.localhost:3000/dashboardportal/masters/costFactor @ http://sjm.localhost:3000/_next/static/chunks/217dd_next_dist_9c560571._.js:2297
[  586303ms] [LOG] Detected Host: sjm.localhost:3000 http://sjm.localhost:3000/dashboardportal/masters/costFactor @ http://sjm.localhost:3000/_next/static/chunks/217dd_next_dist_9c560571._.js:2297
[  586329ms] [LOG] Detected Host: sjm.localhost:3000 http://sjm.localhost:3000/dashboardportal/masters/costFactor @ http://sjm.localhost:3000/_next/static/chunks/217dd_next_dist_9c560571._.js:2297
[  586330ms] [LOG] Detected Host: sjm.localhost:3000 http://sjm.localhost:3000/dashboardportal/masters/costFactor @ http://sjm.localhost:3000/_next/static/chunks/217dd_next_dist_9c560571._.js:2297
[  586355ms] [LOG] Detected Host: sjm.localhost:3000 http://sjm.localhost:3000/dashboardportal/masters/costFactor @ http://sjm.localhost:3000/_next/static/chunks/217dd_next_dist_9c560571._.js:2297
[  586356ms] [LOG] Detected Host: sjm.localhost:3000 http://sjm.localhost:3000/dashboardportal/masters/costFactor @ http://sjm.localhost:3000/_next/static/chunks/217dd_next_dist_9c560571._.js:2297
[  586375ms] [LOG] Detected Host: sjm.localhost:3000 http://sjm.localhost:3000/dashboardportal/masters/costFactor @ http://sjm.localhost:3000/_next/static/chunks/217dd_next_dist_9c560571._.js:2297
[  586376ms] [LOG] Detected Host: sjm.localhost:3000 http://sjm.localhost:3000/dashboardportal/masters/costFactor @ http://sjm.localhost:3000/_next/static/chunks/217dd_next_dist_9c560571._.js:2297
[  586398ms] [LOG] Detected Host: sjm.localhost:3000 http://sjm.localhost:3000/dashboardportal/masters/costFactor @ http://sjm.localhost:3000/_next/static/chunks/217dd_next_dist_9c560571._.js:2297
[  586399ms] [LOG] Detected Host: sjm.localhost:3000 http://sjm.localhost:3000/dashboardportal/masters/costFactor @ http://sjm.localhost:3000/_next/static/chunks/217dd_next_dist_9c560571._.js:2297
[  586422ms] [LOG] Detected Host: sjm.localhost:3000 http://sjm.localhost:3000/dashboardportal/masters/costFactor @ http://sjm.localhost:3000/_next/static/chunks/217dd_next_dist_9c560571._.js:2297
[  586423ms] [LOG] Detected Host: sjm.localhost:3000 http://sjm.localhost:3000/dashboardportal/masters/costFactor @ http://sjm.localhost:3000/_next/static/chunks/217dd_next_dist_9c560571._.js:2297
[  586451ms] [LOG] Detected Host: sjm.localhost:3000 http://sjm.localhost:3000/dashboardportal/masters/costFactor @ http://sjm.localhost:3000/_next/static/chunks/217dd_next_dist_9c560571._.js:2297
[  586452ms] [LOG] Detected Host: sjm.localhost:3000 http://sjm.localhost:3000/dashboardportal/masters/costFactor @ http://sjm.localhost:3000/_next/static/chunks/217dd_next_dist_9c560571._.js:2297
[  586475ms] [LOG] Detected Host: sjm.localhost:3000 http://sjm.localhost:3000/dashboardportal/masters/costFactor @ http://sjm.localhost:3000/_next/static/chunks/217dd_next_dist_9c560571._.js:2297
[  586477ms] [LOG] Detected Host: sjm.localhost:3000 http://sjm.localhost:3000/dashboardportal/masters/costFactor @ http://sjm.localhost:3000/_next/static/chunks/217dd_next_dist_9c560571._.js:2297
[  586496ms] [LOG] Detected Host: sjm.localhost:3000 http://sjm.localhost:3000/dashboardportal/masters/costFactor @ http://sjm.localhost:3000/_next/static/chunks/217dd_next_dist_9c560571._.js:2297
[  586496ms] [LOG] Detected Host: sjm.localhost:3000 http://sjm.localhost:3000/dashboardportal/masters/costFactor @ http://sjm.localhost:3000/_next/static/chunks/217dd_next_dist_9c560571._.js:2297
[  586522ms] [LOG] Detected Host: sjm.localhost:3000 http://sjm.localhost:3000/dashboardportal/masters/costFactor @ http://sjm.localhost:3000/_next/static/chunks/217dd_next_dist_9c560571._.js:2297
[  586523ms] [LOG] Detected Host: sjm.localhost:3000 http://sjm.localhost:3000/dashboardportal/masters/costFactor @ http://sjm.localhost:3000/_next/static/chunks/217dd_next_dist_9c560571._.js:2297
[  586546ms] [LOG] Detected Host: sjm.localhost:3000 http://sjm.localhost:3000/dashboardportal/masters/costFactor @ http://sjm.localhost:3000/_next/static/chunks/217dd_next_dist_9c560571._.js:2297
[  586547ms] [LOG] Detected Host: sjm.localhost:3000 http://sjm.localhost:3000/dashboardportal/masters/costFactor @ http://sjm.localhost:3000/_next/static/chunks/217dd_next_dist_9c560571._.js:2297
[  586564ms] [LOG] Detected Host: sjm.localhost:3000 http://sjm.localhost:3000/dashboardportal/masters/costFactor @ http://sjm.localhost:3000/_next/static/chunks/217dd_next_dist_9c560571._.js:2297
[  586565ms] [LOG] Detected Host: sjm.localhost:3000 http://sjm.localhost:3000/dashboardportal/masters/costFactor @ http://sjm.localhost:3000/_next/static/chunks/217dd_next_dist_9c560571._.js:2297
[  586584ms] [LOG] Detected Host: sjm.localhost:3000 http://sjm.localhost:3000/dashboardportal/masters/costFactor @ http://sjm.localhost:3000/_next/static/chunks/217dd_next_dist_9c560571._.js:2297
[  586584ms] [LOG] Detected Host: sjm.localhost:3000 http://sjm.localhost:3000/dashboardportal/masters/costFactor @ http://sjm.localhost:3000/_next/static/chunks/217dd_next_dist_9c560571._.js:2297
[  586603ms] [LOG] Detected Host: sjm.localhost:3000 http://sjm.localhost:3000/dashboardportal/masters/costFactor @ http://sjm.localhost:3000/_next/static/chunks/217dd_next_dist_9c560571._.js:2297
[  586604ms] [LOG] Detected Host: sjm.localhost:3000 http://sjm.localhost:3000/dashboardportal/masters/costFactor @ http://sjm.localhost:3000/_next/static/chunks/217dd_next_dist_9c560571._.js:2297
[  586625ms] [LOG] Detected Host: sjm.localhost:3000 http://sjm.localhost:3000/dashboardportal/masters/costFactor @ http://sjm.localhost:3000/_next/static/chunks/217dd_next_dist_9c560571._.js:2297
[  586625ms] [LOG] Detected Host: sjm.localhost:3000 http://sjm.localhost:3000/dashboardportal/masters/costFactor @ http://sjm.localhost:3000/_next/static/chunks/217dd_next_dist_9c560571._.js:2297
[  586645ms] [LOG] Detected Host: sjm.localhost:3000 http://sjm.localhost:3000/dashboardportal/masters/costFactor @ http://sjm.localhost:3000/_next/static/chunks/217dd_next_dist_9c560571._.js:2297
[  586646ms] [LOG] Detected Host: sjm.localhost:3000 http://sjm.localhost:3000/dashboardportal/masters/costFactor @ http://sjm.localhost:3000/_next/static/chunks/217dd_next_dist_9c560571._.js:2297
[  586664ms] [LOG] Detected Host: sjm.localhost:3000 http://sjm.localhost:3000/dashboardportal/masters/costFactor @ http://sjm.localhost:3000/_next/static/chunks/217dd_next_dist_9c560571._.js:2297
[  586665ms] [LOG] Detected Host: sjm.localhost:3000 http://sjm.localhost:3000/dashboardportal/masters/costFactor @ http://sjm.localhost:3000/_next/static/chunks/217dd_next_dist_9c560571._.js:2297
[  586685ms] [LOG] Detected Host: sjm.localhost:3000 http://sjm.localhost:3000/dashboardportal/masters/costFactor @ http://sjm.localhost:3000/_next/static/chunks/217dd_next_dist_9c560571._.js:2297
[  586693ms] [LOG] Detected Host: sjm.localhost:3000 http://sjm.localhost:3000/dashboardportal/masters/costFactor @ http://sjm.localhost:3000/_next/static/chunks/217dd_next_dist_9c560571._.js:2297
[  586710ms] [LOG] Detected Host: sjm.localhost:3000 http://sjm.localhost:3000/dashboardportal/masters/costFactor @ http://sjm.localhost:3000/_next/static/chunks/217dd_next_dist_9c560571._.js:2297
[  586711ms] [LOG] Detected Host: sjm.localhost:3000 http://sjm.localhost:3000/dashboardportal/masters/costFactor @ http://sjm.localhost:3000/_next/static/chunks/217dd_next_dist_9c560571._.js:2297
[  586728ms] [LOG] Detected Host: sjm.localhost:3000 http://sjm.localhost:3000/dashboardportal/masters/costFactor @ http://sjm.localhost:3000/_next/static/chunks/217dd_next_dist_9c560571._.js:2297
[  586729ms] [LOG] Detected Host: sjm.localhost:3000 http://sjm.localhost:3000/dashboardportal/masters/costFactor @ http://sjm.localhost:3000/_next/static/chunks/217dd_next_dist_9c560571._.js:2297
[  586747ms] [LOG] Detected Host: sjm.localhost:3000 http://sjm.localhost:3000/dashboardportal/masters/costFactor @ http://sjm.localhost:3000/_next/static/chunks/217dd_next_dist_9c560571._.js:2297
[  586748ms] [LOG] Detected Host: sjm.localhost:3000 http://sjm.localhost:3000/dashboardportal/masters/costFactor @ http://sjm.localhost:3000/_next/static/chunks/217dd_next_dist_9c560571._.js:2297
[  586766ms] [LOG] Detected Host: sjm.localhost:3000 http://sjm.localhost:3000/dashboardportal/masters/costFactor @ http://sjm.localhost:3000/_next/static/chunks/217dd_next_dist_9c560571._.js:2297
[  586766ms] [LOG] Detected Host: sjm.localhost:3000 http://sjm.localhost:3000/dashboardportal/masters/costFactor @ http://sjm.localhost:3000/_next/static/chunks/217dd_next_dist_9c560571._.js:2297
[  586784ms] [LOG] Detected Host: sjm.localhost:3000 http://sjm.localhost:3000/dashboardportal/masters/costFactor @ http://sjm.localhost:3000/_next/static/chunks/217dd_next_dist_9c560571._.js:2297
[  586784ms] [LOG] Detected Host: sjm.localhost:3000 http://sjm.localhost:3000/dashboardportal/masters/costFactor @ http://sjm.localhost:3000/_next/static/chunks/217dd_next_dist_9c560571._.js:2297
[  586795ms] [LOG] Detected Host: sjm.localhost:3000 http://sjm.localhost:3000/dashboardportal/masters/costFactor @ http://sjm.localhost:3000/_next/static/chunks/217dd_next_dist_9c560571._.js:2297
[  586795ms] [LOG] Detected Host: sjm.localhost:3000 http://sjm.localhost:3000/dashboardportal/masters/costFactor @ http://sjm.localhost:3000/_next/static/chunks/217dd_next_dist_9c560571._.js:2297
[  586802ms] [LOG] Detected Host: sjm.localhost:3000 http://sjm.localhost:3000/dashboardportal/masters/costFactor @ http://sjm.localhost:3000/_next/static/chunks/217dd_next_dist_9c560571._.js:2297
[  586802ms] [LOG] Detected Host: sjm.localhost:3000 http://sjm.localhost:3000/dashboardportal/masters/costFactor @ http://sjm.localhost:3000/_next/static/chunks/217dd_next_dist_9c560571._.js:2297
[  586810ms] [LOG] Detected Host: sjm.localhost:3000 http://sjm.localhost:3000/dashboardportal/masters/costFactor @ http://sjm.localhost:3000/_next/static/chunks/217dd_next_dist_9c560571._.js:2297
[  586810ms] [LOG] Detected Host: sjm.localhost:3000 http://sjm.localhost:3000/dashboardportal/masters/costFactor @ http://sjm.localhost:3000/_next/static/chunks/217dd_next_dist_9c560571._.js:2297
[  586817ms] [LOG] Detected Host: sjm.localhost:3000 http://sjm.localhost:3000/dashboardportal/masters/costFactor @ http://sjm.localhost:3000/_next/static/chunks/217dd_next_dist_9c560571._.js:2297
[  586817ms] [LOG] Detected Host: sjm.localhost:3000 http://sjm.localhost:3000/dashboardportal/masters/costFactor @ http://sjm.localhost:3000/_next/static/chunks/217dd_next_dist_9c560571._.js:2297
[  586826ms] [LOG] Detected Host: sjm.localhost:3000 http://sjm.localhost:3000/dashboardportal/masters/costFactor @ http://sjm.localhost:3000/_next/static/chunks/217dd_next_dist_9c560571._.js:2297
[  586826ms] [LOG] Detected Host: sjm.localhost:3000 http://sjm.localhost:3000/dashboardportal/masters/costFactor @ http://sjm.localhost:3000/_next/static/chunks/217dd_next_dist_9c560571._.js:2297
[  586833ms] [LOG] Detected Host: sjm.localhost:3000 http://sjm.localhost:3000/dashboardportal/masters/costFactor @ http://sjm.localhost:3000/_next/static/chunks/217dd_next_dist_9c560571._.js:2297
[  586833ms] [LOG] Detected Host: sjm.localhost:3000 http://sjm.localhost:3000/dashboardportal/masters/costFactor @ http://sjm.localhost:3000/_next/static/chunks/217dd_next_dist_9c560571._.js:2297
[  586842ms] [LOG] Detected Host: sjm.localhost:3000 http://sjm.localhost:3000/dashboardportal/masters/costFactor @ http://sjm.localhost:3000/_next/static/chunks/217dd_next_dist_9c560571._.js:2297
[  586842ms] [LOG] Detected Host: sjm.localhost:3000 http://sjm.localhost:3000/dashboardportal/masters/costFactor @ http://sjm.localhost:3000/_next/static/chunks/217dd_next_dist_9c560571._.js:2297
[  586849ms] [LOG] Detected Host: sjm.localhost:3000 http://sjm.localhost:3000/dashboardportal/masters/costFactor @ http://sjm.localhost:3000/_next/static/chunks/217dd_next_dist_9c560571._.js:2297
[  586851ms] [LOG] Detected Host: sjm.localhost:3000 http://sjm.localhost:3000/dashboardportal/masters/costFactor @ http://sjm.localhost:3000/_next/static/chunks/217dd_next_dist_9c560571._.js:2297
[  586859ms] [LOG] Detected Host: sjm.localhost:3000 http://sjm.localhost:3000/dashboardportal/masters/costFactor @ http://sjm.localhost:3000/_next/static/chunks/217dd_next_dist_9c560571._.js:2297
[  586859ms] [LOG] Detected Host: sjm.localhost:3000 http://sjm.localhost:3000/dashboardportal/masters/costFactor @ http://sjm.localhost:3000/_next/static/chunks/217dd_next_dist_9c560571._.js:2297
[  586867ms] [LOG] Detected Host: sjm.localhost:3000 http://sjm.localhost:3000/dashboardportal/masters/costFactor @ http://sjm.localhost:3000/_next/static/chunks/217dd_next_dist_9c560571._.js:2297
[  586868ms] [LOG] Detected Host: sjm.localhost:3000 http://sjm.localhost:3000/dashboardportal/masters/costFactor @ http://sjm.localhost:3000/_next/static/chunks/217dd_next_dist_9c560571._.js:2297
[  586877ms] [LOG] Detected Host: sjm.localhost:3000 http://sjm.localhost:3000/dashboardportal/masters/costFactor @ http://sjm.localhost:3000/_next/static/chunks/217dd_next_dist_9c560571._.js:2297
[  586877ms] [LOG] Detected Host: sjm.localhost:3000 http://sjm.localhost:3000/dashboardportal/masters/costFactor @ http://sjm.localhost:3000/_next/static/chunks/217dd_next_dist_9c560571._.js:2297
[  586885ms] [LOG] Detected Host: sjm.localhost:3000 http://sjm.localhost:3000/dashboardportal/masters/costFactor @ http://sjm.localhost:3000/_next/static/chunks/217dd_next_dist_9c560571._.js:2297
[  586886ms] [LOG] Detected Host: sjm.localhost:3000 http://sjm.localhost:3000/dashboardportal/masters/costFactor @ http://sjm.localhost:3000/_next/static/chunks/217dd_next_dist_9c560571._.js:2297
[  586894ms] [LOG] Detected Host: sjm.localhost:3000 http://sjm.localhost:3000/dashboardportal/masters/costFactor @ http://sjm.localhost:3000/_next/static/chunks/217dd_next_dist_9c560571._.js:2297
[  586894ms] [LOG] Detected Host: sjm.localhost:3000 http://sjm.localhost:3000/dashboardportal/masters/costFactor @ http://sjm.localhost:3000/_next/static/chunks/217dd_next_dist_9c560571._.js:2297
[  586906ms] [LOG] Detected Host: sjm.localhost:3000 http://sjm.localhost:3000/dashboardportal/masters/costFactor @ http://sjm.localhost:3000/_next/static/chunks/217dd_next_dist_9c560571._.js:2297
[  586906ms] [LOG] Detected Host: sjm.localhost:3000 http://sjm.localhost:3000/dashboardportal/masters/costFactor @ http://sjm.localhost:3000/_next/static/chunks/217dd_next_dist_9c560571._.js:2297
[  586912ms] [LOG] Detected Host: sjm.localhost:3000 http://sjm.localhost:3000/dashboardportal/masters/costFactor @ http://sjm.localhost:3000/_next/static/chunks/217dd_next_dist_9c560571._.js:2297
[  586912ms] [LOG] Detected Host: sjm.localhost:3000 http://sjm.localhost:3000/dashboardportal/masters/costFactor @ http://sjm.localhost:3000/_next/static/chunks/217dd_next_dist_9c560571._.js:2297
[  586920ms] [LOG] Detected Host: sjm.localhost:3000 http://sjm.localhost:3000/dashboardportal/masters/costFactor @ http://sjm.localhost:3000/_next/static/chunks/217dd_next_dist_9c560571._.js:2297
[  586921ms] [LOG] Detected Host: sjm.localhost:3000 http://sjm.localhost:3000/dashboardportal/masters/costFactor @ http://sjm.localhost:3000/_next/static/chunks/217dd_next_dist_9c560571._.js:2297
[  586929ms] [LOG] Detected Host: sjm.localhost:3000 http://sjm.localhost:3000/dashboardportal/masters/costFactor @ http://sjm.localhost:3000/_next/static/chunks/217dd_next_dist_9c560571._.js:2297
[  586929ms] [LOG] Detected Host: sjm.localhost:3000 http://sjm.localhost:3000/dashboardportal/masters/costFactor @ http://sjm.localhost:3000/_next/static/chunks/217dd_next_dist_9c560571._.js:2297
[  586936ms] [LOG] Detected Host: sjm.localhost:3000 http://sjm.localhost:3000/dashboardportal/masters/costFactor @ http://sjm.localhost:3000/_next/static/chunks/217dd_next_dist_9c560571._.js:2297
[  586937ms] [LOG] Detected Host: sjm.localhost:3000 http://sjm.localhost:3000/dashboardportal/masters/costFactor @ http://sjm.localhost:3000/_next/static/chunks/217dd_next_dist_9c560571._.js:2297
[  586945ms] [LOG] Detected Host: sjm.localhost:3000 http://sjm.localhost:3000/dashboardportal/masters/costFactor @ http://sjm.localhost:3000/_next/static/chunks/217dd_next_dist_9c560571._.js:2297
[  586945ms] [LOG] Detected Host: sjm.localhost:3000 http://sjm.localhost:3000/dashboardportal/masters/costFactor @ http://sjm.localhost:3000/_next/static/chunks/217dd_next_dist_9c560571._.js:2297
[  586953ms] [LOG] Detected Host: sjm.localhost:3000 http://sjm.localhost:3000/dashboardportal/masters/costFactor @ http://sjm.localhost:3000/_next/static/chunks/217dd_next_dist_9c560571._.js:2297
[  586954ms] [LOG] Detected Host: sjm.localhost:3000 http://sjm.localhost:3000/dashboardportal/masters/costFactor @ http://sjm.localhost:3000/_next/static/chunks/217dd_next_dist_9c560571._.js:2297
[  586962ms] [LOG] Detected Host: sjm.localhost:3000 http://sjm.localhost:3000/dashboardportal/masters/costFactor @ http://sjm.localhost:3000/_next/static/chunks/217dd_next_dist_9c560571._.js:2297
[  586962ms] [LOG] Detected Host: sjm.localhost:3000 http://sjm.localhost:3000/dashboardportal/masters/costFactor @ http://sjm.localhost:3000/_next/static/chunks/217dd_next_dist_9c560571._.js:2297
[  586972ms] [LOG] Detected Host: sjm.localhost:3000 http://sjm.localhost:3000/dashboardportal/masters/costFactor @ http://sjm.localhost:3000/_next/static/chunks/217dd_next_dist_9c560571._.js:2297
[  586972ms] [LOG] Detected Host: sjm.localhost:3000 http://sjm.localhost:3000/dashboardportal/masters/costFactor @ http://sjm.localhost:3000/_next/static/chunks/217dd_next_dist_9c560571._.js:2297
[  586979ms] [LOG] Detected Host: sjm.localhost:3000 http://sjm.localhost:3000/dashboardportal/masters/costFactor @ http://sjm.localhost:3000/_next/static/chunks/217dd_next_dist_9c560571._.js:2297
[  586979ms] [LOG] Detected Host: sjm.localhost:3000 http://sjm.localhost:3000/dashboardportal/masters/costFactor @ http://sjm.localhost:3000/_next/static/chunks/217dd_next_dist_9c560571._.js:2297
[  586987ms] [LOG] Detected Host: sjm.localhost:3000 http://sjm.localhost:3000/dashboardportal/masters/costFactor @ http://sjm.localhost:3000/_next/static/chunks/217dd_next_dist_9c560571._.js:2297
[  586988ms] [LOG] Detected Host: sjm.localhost:3000 http://sjm.localhost:3000/dashboardportal/masters/costFactor @ http://sjm.localhost:3000/_next/static/chunks/217dd_next_dist_9c560571._.js:2297
[  586996ms] [LOG] Detected Host: sjm.localhost:3000 http://sjm.localhost:3000/dashboardportal/masters/costFactor @ http://sjm.localhost:3000/_next/static/chunks/217dd_next_dist_9c560571._.js:2297
[  586996ms] [LOG] Detected Host: sjm.localhost:3000 http://sjm.localhost:3000/dashboardportal/masters/costFactor @ http://sjm.localhost:3000/_next/static/chunks/217dd_next_dist_9c560571._.js:2297
[  587004ms] [LOG] Detected Host: sjm.localhost:3000 http://sjm.localhost:3000/dashboardportal/masters/costFactor @ http://sjm.localhost:3000/_next/static/chunks/217dd_next_dist_9c560571._.js:2297
[  587005ms] [LOG] Detected Host: sjm.localhost:3000 http://sjm.localhost:3000/dashboardportal/masters/costFactor @ http://sjm.localhost:3000/_next/static/chunks/217dd_next_dist_9c560571._.js:2297
[  587013ms] [LOG] Detected Host: sjm.localhost:3000 http://sjm.localhost:3000/dashboardportal/masters/costFactor @ http://sjm.localhost:3000/_next/static/chunks/217dd_next_dist_9c560571._.js:2297
[  587014ms] [LOG] Detected Host: sjm.localhost:3000 http://sjm.localhost:3000/dashboardportal/masters/costFactor @ http://sjm.localhost:3000/_next/static/chunks/217dd_next_dist_9c560571._.js:2297
[  587023ms] [LOG] Detected Host: sjm.localhost:3000 http://sjm.localhost:3000/dashboardportal/masters/costFactor @ http://sjm.localhost:3000/_next/static/chunks/217dd_next_dist_9c560571._.js:2297
[  587024ms] [LOG] Detected Host: sjm.localhost:3000 http://sjm.localhost:3000/dashboardportal/masters/costFactor @ http://sjm.localhost:3000/_next/static/chunks/217dd_next_dist_9c560571._.js:2297
[  587031ms] [LOG] Detected Host: sjm.localhost:3000 http://sjm.localhost:3000/dashboardportal/masters/costFactor @ http://sjm.localhost:3000/_next/static/chunks/217dd_next_dist_9c560571._.js:2297
[  587031ms] [LOG] Detected Host: sjm.localhost:3000 http://sjm.localhost:3000/dashboardportal/masters/costFactor @ http://sjm.localhost:3000/_next/static/chunks/217dd_next_dist_9c560571._.js:2297
[  587040ms] [LOG] Detected Host: sjm.localhost:3000 http://sjm.localhost:3000/dashboardportal/masters/costFactor @ http://sjm.localhost:3000/_next/static/chunks/217dd_next_dist_9c560571._.js:2297
[  587041ms] [LOG] Detected Host: sjm.localhost:3000 http://sjm.localhost:3000/dashboardportal/masters/costFactor @ http://sjm.localhost:3000/_next/static/chunks/217dd_next_dist_9c560571._.js:2297
[  587047ms] [LOG] Detected Host: sjm.localhost:3000 http://sjm.localhost:3000/dashboardportal/masters/costFactor @ http://sjm.localhost:3000/_next/static/chunks/217dd_next_dist_9c560571._.js:2297
[  587048ms] [LOG] Detected Host: sjm.localhost:3000 http://sjm.localhost:3000/dashboardportal/masters/costFactor @ http://sjm.localhost:3000/_next/static/chunks/217dd_next_dist_9c560571._.js:2297
[  587057ms] [LOG] Detected Host: sjm.localhost:3000 http://sjm.localhost:3000/dashboardportal/masters/costFactor @ http://sjm.localhost:3000/_next/static/chunks/217dd_next_dist_9c560571._.js:2297
[  587058ms] [LOG] Detected Host: sjm.localhost:3000 http://sjm.localhost:3000/dashboardportal/masters/costFactor @ http://sjm.localhost:3000/_next/static/chunks/217dd_next_dist_9c560571._.js:2297
[  587065ms] [LOG] Detected Host: sjm.localhost:3000 http://sjm.localhost:3000/dashboardportal/masters/costFactor @ http://sjm.localhost:3000/_next/static/chunks/217dd_next_dist_9c560571._.js:2297
[  587065ms] [LOG] Detected Host: sjm.localhost:3000 http://sjm.localhost:3000/dashboardportal/masters/costFactor @ http://sjm.localhost:3000/_next/static/chunks/217dd_next_dist_9c560571._.js:2297
[  587077ms] [LOG] Detected Host: sjm.localhost:3000 http://sjm.localhost:3000/dashboardportal/masters/costFactor @ http://sjm.localhost:3000/_next/static/chunks/217dd_next_dist_9c560571._.js:2297
[  587078ms] [LOG] Detected Host: sjm.localhost:3000 http://sjm.localhost:3000/dashboardportal/masters/costFactor @ http://sjm.localhost:3000/_next/static/chunks/217dd_next_dist_9c560571._.js:2297
[  587085ms] [LOG] Detected Host: sjm.localhost:3000 http://sjm.localhost:3000/dashboardportal/masters/costFactor @ http://sjm.localhost:3000/_next/static/chunks/217dd_next_dist_9c560571._.js:2297
[  587086ms] [LOG] Detected Host: sjm.localhost:3000 http://sjm.localhost:3000/dashboardportal/masters/costFactor @ http://sjm.localhost:3000/_next/static/chunks/217dd_next_dist_9c560571._.js:2297
[  587094ms] [LOG] Detected Host: sjm.localhost:3000 http://sjm.localhost:3000/dashboardportal/masters/costFactor @ http://sjm.localhost:3000/_next/static/chunks/217dd_next_dist_9c560571._.js:2297
[  587094ms] [LOG] Detected Host: sjm.localhost:3000 http://sjm.localhost:3000/dashboardportal/masters/costFactor @ http://sjm.localhost:3000/_next/static/chunks/217dd_next_dist_9c560571._.js:2297
[  587102ms] [LOG] Detected Host: sjm.localhost:3000 http://sjm.localhost:3000/dashboardportal/masters/costFactor @ http://sjm.localhost:3000/_next/static/chunks/217dd_next_dist_9c560571._.js:2297
[  587102ms] [LOG] Detected Host: sjm.localhost:3000 http://sjm.localhost:3000/dashboardportal/masters/costFactor @ http://sjm.localhost:3000/_next/static/chunks/217dd_next_dist_9c560571._.js:2297
[  587110ms] [LOG] Detected Host: sjm.localhost:3000 http://sjm.localhost:3000/dashboardportal/masters/costFactor @ http://sjm.localhost:3000/_next/static/chunks/217dd_next_dist_9c560571._.js:2297
[  587111ms] [LOG] Detected Host: sjm.localhost:3000 http://sjm.localhost:3000/dashboardportal/masters/costFactor @ http://sjm.localhost:3000/_next/static/chunks/217dd_next_dist_9c560571._.js:2297
[  587119ms] [LOG] Detected Host: sjm.localhost:3000 http://sjm.localhost:3000/dashboardportal/masters/costFactor @ http://sjm.localhost:3000/_next/static/chunks/217dd_next_dist_9c560571._.js:2297
[  587120ms] [LOG] Detected Host: sjm.localhost:3000 http://sjm.localhost:3000/dashboardportal/masters/costFactor @ http://sjm.localhost:3000/_next/static/chunks/217dd_next_dist_9c560571._.js:2297
[  587128ms] [LOG] Detected Host: sjm.localhost:3000 http://sjm.localhost:3000/dashboardportal/masters/costFactor @ http://sjm.localhost:3000/_next/static/chunks/217dd_next_dist_9c560571._.js:2297
[  587129ms] [LOG] Detected Host: sjm.localhost:3000 http://sjm.localhost:3000/dashboardportal/masters/costFactor @ http://sjm.localhost:3000/_next/static/chunks/217dd_next_dist_9c560571._.js:2297
[  587139ms] [LOG] Detected Host: sjm.localhost:3000 http://sjm.localhost:3000/dashboardportal/masters/costFactor @ http://sjm.localhost:3000/_next/static/chunks/217dd_next_dist_9c560571._.js:2297
[  587139ms] [LOG] Detected Host: sjm.localhost:3000 http://sjm.localhost:3000/dashboardportal/masters/costFactor @ http://sjm.localhost:3000/_next/static/chunks/217dd_next_dist_9c560571._.js:2297
[  587145ms] [LOG] Detected Host: sjm.localhost:3000 http://sjm.localhost:3000/dashboardportal/masters/costFactor @ http://sjm.localhost:3000/_next/static/chunks/217dd_next_dist_9c560571._.js:2297
[  587145ms] [LOG] Detected Host: sjm.localhost:3000 http://sjm.localhost:3000/dashboardportal/masters/costFactor @ http://sjm.localhost:3000/_next/static/chunks/217dd_next_dist_9c560571._.js:2297
[  587160ms] [LOG] Detected Host: sjm.localhost:3000 http://sjm.localhost:3000/dashboardportal/masters/costFactor @ http://sjm.localhost:3000/_next/static/chunks/217dd_next_dist_9c560571._.js:2297
[  587160ms] [LOG] Detected Host: sjm.localhost:3000 http://sjm.localhost:3000/dashboardportal/masters/costFactor @ http://sjm.localhost:3000/_next/static/chunks/217dd_next_dist_9c560571._.js:2297
[  587180ms] [LOG] Detected Host: sjm.localhost:3000 http://sjm.localhost:3000/dashboardportal/masters/costFactor @ http://sjm.localhost:3000/_next/static/chunks/217dd_next_dist_9c560571._.js:2297
[  587180ms] [LOG] Detected Host: sjm.localhost:3000 http://sjm.localhost:3000/dashboardportal/masters/costFactor @ http://sjm.localhost:3000/_next/static/chunks/217dd_next_dist_9c560571._.js:2297
[  587204ms] [LOG] Detected Host: sjm.localhost:3000 http://sjm.localhost:3000/dashboardportal/masters/costFactor @ http://sjm.localhost:3000/_next/static/chunks/217dd_next_dist_9c560571._.js:2297
[  587204ms] [LOG] Detected Host: sjm.localhost:3000 http://sjm.localhost:3000/dashboardportal/masters/costFactor @ http://sjm.localhost:3000/_next/static/chunks/217dd_next_dist_9c560571._.js:2297
[  587222ms] [LOG] Detected Host: sjm.localhost:3000 http://sjm.localhost:3000/dashboardportal/masters/costFactor @ http://sjm.localhost:3000/_next/static/chunks/217dd_next_dist_9c560571._.js:2297
[  587223ms] [LOG] Detected Host: sjm.localhost:3000 http://sjm.localhost:3000/dashboardportal/masters/costFactor @ http://sjm.localhost:3000/_next/static/chunks/217dd_next_dist_9c560571._.js:2297
[  587254ms] [LOG] Detected Host: sjm.localhost:3000 http://sjm.localhost:3000/dashboardportal/masters/costFactor @ http://sjm.localhost:3000/_next/static/chunks/217dd_next_dist_9c560571._.js:2297
[  587255ms] [LOG] Detected Host: sjm.localhost:3000 http://sjm.localhost:3000/dashboardportal/masters/costFactor @ http://sjm.localhost:3000/_next/static/chunks/217dd_next_dist_9c560571._.js:2297
[  587271ms] [LOG] Detected Host: sjm.localhost:3000 http://sjm.localhost:3000/dashboardportal/masters/costFactor @ http://sjm.localhost:3000/_next/static/chunks/217dd_next_dist_9c560571._.js:2297
[  587272ms] [LOG] Detected Host: sjm.localhost:3000 http://sjm.localhost:3000/dashboardportal/masters/costFactor @ http://sjm.localhost:3000/_next/static/chunks/217dd_next_dist_9c560571._.js:2297
[  587290ms] [LOG] Detected Host: sjm.localhost:3000 http://sjm.localhost:3000/dashboardportal/masters/costFactor @ http://sjm.localhost:3000/_next/static/chunks/217dd_next_dist_9c560571._.js:2297
[  587290ms] [LOG] Detected Host: sjm.localhost:3000 http://sjm.localhost:3000/dashboardportal/masters/costFactor @ http://sjm.localhost:3000/_next/static/chunks/217dd_next_dist_9c560571._.js:2297
[  587307ms] [LOG] Detected Host: sjm.localhost:3000 http://sjm.localhost:3000/dashboardportal/masters/costFactor @ http://sjm.localhost:3000/_next/static/chunks/217dd_next_dist_9c560571._.js:2297
[  587308ms] [LOG] Detected Host: sjm.localhost:3000 http://sjm.localhost:3000/dashboardportal/masters/costFactor @ http://sjm.localhost:3000/_next/static/chunks/217dd_next_dist_9c560571._.js:2297
[  587325ms] [LOG] Detected Host: sjm.localhost:3000 http://sjm.localhost:3000/dashboardportal/masters/costFactor @ http://sjm.localhost:3000/_next/static/chunks/217dd_next_dist_9c560571._.js:2297
[  587326ms] [LOG] Detected Host: sjm.localhost:3000 http://sjm.localhost:3000/dashboardportal/masters/costFactor @ http://sjm.localhost:3000/_next/static/chunks/217dd_next_dist_9c560571._.js:2297
[  587342ms] [LOG] Detected Host: sjm.localhost:3000 http://sjm.localhost:3000/dashboardportal/masters/costFactor @ http://sjm.localhost:3000/_next/static/chunks/217dd_next_dist_9c560571._.js:2297
[  587343ms] [LOG] Detected Host: sjm.localhost:3000 http://sjm.localhost:3000/dashboardportal/masters/costFactor @ http://sjm.localhost:3000/_next/static/chunks/217dd_next_dist_9c560571._.js:2297
[  587361ms] [LOG] Detected Host: sjm.localhost:3000 http://sjm.localhost:3000/dashboardportal/masters/costFactor @ http://sjm.localhost:3000/_next/static/chunks/217dd_next_dist_9c560571._.js:2297
[  587362ms] [LOG] Detected Host: sjm.localhost:3000 http://sjm.localhost:3000/dashboardportal/masters/costFactor @ http://sjm.localhost:3000/_next/static/chunks/217dd_next_dist_9c560571._.js:2297
[  587384ms] [LOG] Detected Host: sjm.localhost:3000 http://sjm.localhost:3000/dashboardportal/masters/costFactor @ http://sjm.localhost:3000/_next/static/chunks/217dd_next_dist_9c560571._.js:2297
[  587385ms] [LOG] Detected Host: sjm.localhost:3000 http://sjm.localhost:3000/dashboardportal/masters/costFactor @ http://sjm.localhost:3000/_next/static/chunks/217dd_next_dist_9c560571._.js:2297
[  587404ms] [LOG] Detected Host: sjm.localhost:3000 http://sjm.localhost:3000/dashboardportal/masters/costFactor @ http://sjm.localhost:3000/_next/static/chunks/217dd_next_dist_9c560571._.js:2297
[  587405ms] [LOG] Detected Host: sjm.localhost:3000 http://sjm.localhost:3000/dashboardportal/masters/costFactor @ http://sjm.localhost:3000/_next/static/chunks/217dd_next_dist_9c560571._.js:2297
[  587422ms] [LOG] Detected Host: sjm.localhost:3000 http://sjm.localhost:3000/dashboardportal/masters/costFactor @ http://sjm.localhost:3000/_next/static/chunks/217dd_next_dist_9c560571._.js:2297
[  587422ms] [LOG] Detected Host: sjm.localhost:3000 http://sjm.localhost:3000/dashboardportal/masters/costFactor @ http://sjm.localhost:3000/_next/static/chunks/217dd_next_dist_9c560571._.js:2297
[  587441ms] [LOG] Detected Host: sjm.localhost:3000 http://sjm.localhost:3000/dashboardportal/masters/costFactor @ http://sjm.localhost:3000/_next/static/chunks/217dd_next_dist_9c560571._.js:2297
[  587442ms] [LOG] Detected Host: sjm.localhost:3000 http://sjm.localhost:3000/dashboardportal/masters/costFactor @ http://sjm.localhost:3000/_next/static/chunks/217dd_next_dist_9c560571._.js:2297
[  587461ms] [LOG] Detected Host: sjm.localhost:3000 http://sjm.localhost:3000/dashboardportal/masters/costFactor @ http://sjm.localhost:3000/_next/static/chunks/217dd_next_dist_9c560571._.js:2297
[  587462ms] [LOG] Detected Host: sjm.localhost:3000 http://sjm.localhost:3000/dashboardportal/masters/costFactor @ http://sjm.localhost:3000/_next/static/chunks/217dd_next_dist_9c560571._.js:2297
[  587479ms] [LOG] Detected Host: sjm.localhost:3000 http://sjm.localhost:3000/dashboardportal/masters/costFactor @ http://sjm.localhost:3000/_next/static/chunks/217dd_next_dist_9c560571._.js:2297
[  587480ms] [LOG] Detected Host: sjm.localhost:3000 http://sjm.localhost:3000/dashboardportal/masters/costFactor @ http://sjm.localhost:3000/_next/static/chunks/217dd_next_dist_9c560571._.js:2297
[  587498ms] [LOG] Detected Host: sjm.localhost:3000 http://sjm.localhost:3000/dashboardportal/masters/costFactor @ http://sjm.localhost:3000/_next/static/chunks/217dd_next_dist_9c560571._.js:2297
[  587500ms] [LOG] Detected Host: sjm.localhost:3000 http://sjm.localhost:3000/dashboardportal/masters/costFactor @ http://sjm.localhost:3000/_next/static/chunks/217dd_next_dist_9c560571._.js:2297
[  587519ms] [LOG] Detected Host: sjm.localhost:3000 http://sjm.localhost:3000/dashboardportal/masters/costFactor @ http://sjm.localhost:3000/_next/static/chunks/217dd_next_dist_9c560571._.js:2297
[  587519ms] [LOG] Detected Host: sjm.localhost:3000 http://sjm.localhost:3000/dashboardportal/masters/costFactor @ http://sjm.localhost:3000/_next/static/chunks/217dd_next_dist_9c560571._.js:2297
[  587539ms] [LOG] Detected Host: sjm.localhost:3000 http://sjm.localhost:3000/dashboardportal/masters/costFactor @ http://sjm.localhost:3000/_next/static/chunks/217dd_next_dist_9c560571._.js:2297
[  587540ms] [LOG] Detected Host: sjm.localhost:3000 http://sjm.localhost:3000/dashboardportal/masters/costFactor @ http://sjm.localhost:3000/_next/static/chunks/217dd_next_dist_9c560571._.js:2297
[  587557ms] [LOG] Detected Host: sjm.localhost:3000 http://sjm.localhost:3000/dashboardportal/masters/costFactor @ http://sjm.localhost:3000/_next/static/chunks/217dd_next_dist_9c560571._.js:2297
[  587558ms] [LOG] Detected Host: sjm.localhost:3000 http://sjm.localhost:3000/dashboardportal/masters/costFactor @ http://sjm.localhost:3000/_next/static/chunks/217dd_next_dist_9c560571._.js:2297
[  587577ms] [LOG] Detected Host: sjm.localhost:3000 http://sjm.localhost:3000/dashboardportal/masters/costFactor @ http://sjm.localhost:3000/_next/static/chunks/217dd_next_dist_9c560571._.js:2297
[  587577ms] [LOG] Detected Host: sjm.localhost:3000 http://sjm.localhost:3000/dashboardportal/masters/costFactor @ http://sjm.localhost:3000/_next/static/chunks/217dd_next_dist_9c560571._.js:2297
[  587595ms] [LOG] Detected Host: sjm.localhost:3000 http://sjm.localhost:3000/dashboardportal/masters/costFactor @ http://sjm.localhost:3000/_next/static/chunks/217dd_next_dist_9c560571._.js:2297
[  587595ms] [LOG] Detected Host: sjm.localhost:3000 http://sjm.localhost:3000/dashboardportal/masters/costFactor @ http://sjm.localhost:3000/_next/static/chunks/217dd_next_dist_9c560571._.js:2297
[  587615ms] [LOG] Detected Host: sjm.localhost:3000 http://sjm.localhost:3000/dashboardportal/masters/costFactor @ http://sjm.localhost:3000/_next/static/chunks/217dd_next_dist_9c560571._.js:2297
[  587617ms] [LOG] Detected Host: sjm.localhost:3000 http://sjm.localhost:3000/dashboardportal/masters/costFactor @ http://sjm.localhost:3000/_next/static/chunks/217dd_next_dist_9c560571._.js:2297
[  587633ms] [LOG] Detected Host: sjm.localhost:3000 http://sjm.localhost:3000/dashboardportal/masters/costFactor @ http://sjm.localhost:3000/_next/static/chunks/217dd_next_dist_9c560571._.js:2297
[  587634ms] [LOG] Detected Host: sjm.localhost:3000 http://sjm.localhost:3000/dashboardportal/masters/costFactor @ http://sjm.localhost:3000/_next/static/chunks/217dd_next_dist_9c560571._.js:2297
[  587664ms] [LOG] Detected Host: sjm.localhost:3000 http://sjm.localhost:3000/dashboardportal/masters/costFactor @ http://sjm.localhost:3000/_next/static/chunks/217dd_next_dist_9c560571._.js:2297
[  587665ms] [LOG] Detected Host: sjm.localhost:3000 http://sjm.localhost:3000/dashboardportal/masters/costFactor @ http://sjm.localhost:3000/_next/static/chunks/217dd_next_dist_9c560571._.js:2297
[  587684ms] [LOG] Detected Host: sjm.localhost:3000 http://sjm.localhost:3000/dashboardportal/masters/costFactor @ http://sjm.localhost:3000/_next/static/chunks/217dd_next_dist_9c560571._.js:2297
[  587685ms] [LOG] Detected Host: sjm.localhost:3000 http://sjm.localhost:3000/dashboardportal/masters/costFactor @ http://sjm.localhost:3000/_next/static/chunks/217dd_next_dist_9c560571._.js:2297
[  587705ms] [LOG] Detected Host: sjm.localhost:3000 http://sjm.localhost:3000/dashboardportal/masters/costFactor @ http://sjm.localhost:3000/_next/static/chunks/217dd_next_dist_9c560571._.js:2297
[  587706ms] [LOG] Detected Host: sjm.localhost:3000 http://sjm.localhost:3000/dashboardportal/masters/costFactor @ http://sjm.localhost:3000/_next/static/chunks/217dd_next_dist_9c560571._.js:2297
[  587722ms] [LOG] Detected Host: sjm.localhost:3000 http://sjm.localhost:3000/dashboardportal/masters/costFactor @ http://sjm.localhost:3000/_next/static/chunks/217dd_next_dist_9c560571._.js:2297
[  587723ms] [LOG] Detected Host: sjm.localhost:3000 http://sjm.localhost:3000/dashboardportal/masters/costFactor @ http://sjm.localhost:3000/_next/static/chunks/217dd_next_dist_9c560571._.js:2297
[  587729ms] [LOG] Detected Host: sjm.localhost:3000 http://sjm.localhost:3000/dashboardportal/masters/costFactor @ http://sjm.localhost:3000/_next/static/chunks/217dd_next_dist_9c560571._.js:2297
[  587729ms] [LOG] Detected Host: sjm.localhost:3000 http://sjm.localhost:3000/dashboardportal/masters/costFactor @ http://sjm.localhost:3000/_next/static/chunks/217dd_next_dist_9c560571._.js:2297
[  587739ms] [LOG] Detected Host: sjm.localhost:3000 http://sjm.localhost:3000/dashboardportal/masters/costFactor @ http://sjm.localhost:3000/_next/static/chunks/217dd_next_dist_9c560571._.js:2297
[  587739ms] [LOG] Detected Host: sjm.localhost:3000 http://sjm.localhost:3000/dashboardportal/masters/costFactor @ http://sjm.localhost:3000/_next/static/chunks/217dd_next_dist_9c560571._.js:2297
[  587745ms] [LOG] Detected Host: sjm.localhost:3000 http://sjm.localhost:3000/dashboardportal/masters/costFactor @ http://sjm.localhost:3000/_next/static/chunks/217dd_next_dist_9c560571._.js:2297
[  587745ms] [LOG] Detected Host: sjm.localhost:3000 http://sjm.localhost:3000/dashboardportal/masters/costFactor @ http://sjm.localhost:3000/_next/static/chunks/217dd_next_dist_9c560571._.js:2297
[  587753ms] [LOG] Detected Host: sjm.localhost:3000 http://sjm.localhost:3000/dashboardportal/masters/costFactor @ http://sjm.localhost:3000/_next/static/chunks/217dd_next_dist_9c560571._.js:2297
[  587753ms] [LOG] Detected Host: sjm.localhost:3000 http://sjm.localhost:3000/dashboardportal/masters/costFactor @ http://sjm.localhost:3000/_next/static/chunks/217dd_next_dist_9c560571._.js:2297
[  587761ms] [LOG] Detected Host: sjm.localhost:3000 http://sjm.localhost:3000/dashboardportal/masters/costFactor @ http://sjm.localhost:3000/_next/static/chunks/217dd_next_dist_9c560571._.js:2297
[  587762ms] [LOG] Detected Host: sjm.localhost:3000 http://sjm.localhost:3000/dashboardportal/masters/costFactor @ http://sjm.localhost:3000/_next/static/chunks/217dd_next_dist_9c560571._.js:2297
[  587769ms] [LOG] Detected Host: sjm.localhost:3000 http://sjm.localhost:3000/dashboardportal/masters/costFactor @ http://sjm.localhost:3000/_next/static/chunks/217dd_next_dist_9c560571._.js:2297
[  587769ms] [LOG] Detected Host: sjm.localhost:3000 http://sjm.localhost:3000/dashboardportal/masters/costFactor @ http://sjm.localhost:3000/_next/static/chunks/217dd_next_dist_9c560571._.js:2297
[  587777ms] [LOG] Detected Host: sjm.localhost:3000 http://sjm.localhost:3000/dashboardportal/masters/costFactor @ http://sjm.localhost:3000/_next/static/chunks/217dd_next_dist_9c560571._.js:2297
[  587778ms] [LOG] Detected Host: sjm.localhost:3000 http://sjm.localhost:3000/dashboardportal/masters/costFactor @ http://sjm.localhost:3000/_next/static/chunks/217dd_next_dist_9c560571._.js:2297
[  587784ms] [LOG] Detected Host: sjm.localhost:3000 http://sjm.localhost:3000/dashboardportal/masters/costFactor @ http://sjm.localhost:3000/_next/static/chunks/217dd_next_dist_9c560571._.js:2297
[  587785ms] [LOG] Detected Host: sjm.localhost:3000 http://sjm.localhost:3000/dashboardportal/masters/costFactor @ http://sjm.localhost:3000/_next/static/chunks/217dd_next_dist_9c560571._.js:2297
[  587793ms] [LOG] Detected Host: sjm.localhost:3000 http://sjm.localhost:3000/dashboardportal/masters/costFactor @ http://sjm.localhost:3000/_next/static/chunks/217dd_next_dist_9c560571._.js:2297
[  587793ms] [LOG] Detected Host: sjm.localhost:3000 http://sjm.localhost:3000/dashboardportal/masters/costFactor @ http://sjm.localhost:3000/_next/static/chunks/217dd_next_dist_9c560571._.js:2297
[  587800ms] [LOG] Detected Host: sjm.localhost:3000 http://sjm.localhost:3000/dashboardportal/masters/costFactor @ http://sjm.localhost:3000/_next/static/chunks/217dd_next_dist_9c560571._.js:2297
[  587801ms] [LOG] Detected Host: sjm.localhost:3000 http://sjm.localhost:3000/dashboardportal/masters/costFactor @ http://sjm.localhost:3000/_next/static/chunks/217dd_next_dist_9c560571._.js:2297
[  587808ms] [LOG] Detected Host: sjm.localhost:3000 http://sjm.localhost:3000/dashboardportal/masters/costFactor @ http://sjm.localhost:3000/_next/static/chunks/217dd_next_dist_9c560571._.js:2297
[  587809ms] [LOG] Detected Host: sjm.localhost:3000 http://sjm.localhost:3000/dashboardportal/masters/costFactor @ http://sjm.localhost:3000/_next/static/chunks/217dd_next_dist_9c560571._.js:2297
[  587815ms] [LOG] Detected Host: sjm.localhost:3000 http://sjm.localhost:3000/dashboardportal/masters/costFactor @ http://sjm.localhost:3000/_next/static/chunks/217dd_next_dist_9c560571._.js:2297
[  587816ms] [LOG] Detected Host: sjm.localhost:3000 http://sjm.localhost:3000/dashboardportal/masters/costFactor @ http://sjm.localhost:3000/_next/static/chunks/217dd_next_dist_9c560571._.js:2297
[  587825ms] [LOG] Detected Host: sjm.localhost:3000 http://sjm.localhost:3000/dashboardportal/masters/costFactor @ http://sjm.localhost:3000/_next/static/chunks/217dd_next_dist_9c560571._.js:2297
[  587825ms] [LOG] Detected Host: sjm.localhost:3000 http://sjm.localhost:3000/dashboardportal/masters/costFactor @ http://sjm.localhost:3000/_next/static/chunks/217dd_next_dist_9c560571._.js:2297
[  587831ms] [LOG] Detected Host: sjm.localhost:3000 http://sjm.localhost:3000/dashboardportal/masters/costFactor @ http://sjm.localhost:3000/_next/static/chunks/217dd_next_dist_9c560571._.js:2297
[  587831ms] [LOG] Detected Host: sjm.localhost:3000 http://sjm.localhost:3000/dashboardportal/masters/costFactor @ http://sjm.localhost:3000/_next/static/chunks/217dd_next_dist_9c560571._.js:2297
[  587842ms] [LOG] Detected Host: sjm.localhost:3000 http://sjm.localhost:3000/dashboardportal/masters/costFactor @ http://sjm.localhost:3000/_next/static/chunks/217dd_next_dist_9c560571._.js:2297
[  587843ms] [LOG] Detected Host: sjm.localhost:3000 http://sjm.localhost:3000/dashboardportal/masters/costFactor @ http://sjm.localhost:3000/_next/static/chunks/217dd_next_dist_9c560571._.js:2297
[  587849ms] [LOG] Detected Host: sjm.localhost:3000 http://sjm.localhost:3000/dashboardportal/masters/costFactor @ http://sjm.localhost:3000/_next/static/chunks/217dd_next_dist_9c560571._.js:2297
[  587851ms] [LOG] Detected Host: sjm.localhost:3000 http://sjm.localhost:3000/dashboardportal/masters/costFactor @ http://sjm.localhost:3000/_next/static/chunks/217dd_next_dist_9c560571._.js:2297
[  587858ms] [LOG] Detected Host: sjm.localhost:3000 http://sjm.localhost:3000/dashboardportal/masters/costFactor @ http://sjm.localhost:3000/_next/static/chunks/217dd_next_dist_9c560571._.js:2297
[  587859ms] [LOG] Detected Host: sjm.localhost:3000 http://sjm.localhost:3000/dashboardportal/masters/costFactor @ http://sjm.localhost:3000/_next/static/chunks/217dd_next_dist_9c560571._.js:2297
[  587865ms] [LOG] Detected Host: sjm.localhost:3000 http://sjm.localhost:3000/dashboardportal/masters/costFactor @ http://sjm.localhost:3000/_next/static/chunks/217dd_next_dist_9c560571._.js:2297
[  587865ms] [LOG] Detected Host: sjm.localhost:3000 http://sjm.localhost:3000/dashboardportal/masters/costFactor @ http://sjm.localhost:3000/_next/static/chunks/217dd_next_dist_9c560571._.js:2297
[  587874ms] [LOG] Detected Host: sjm.localhost:3000 http://sjm.localhost:3000/dashboardportal/masters/costFactor @ http://sjm.localhost:3000/_next/static/chunks/217dd_next_dist_9c560571._.js:2297
[  587874ms] [LOG] Detected Host: sjm.localhost:3000 http://sjm.localhost:3000/dashboardportal/masters/costFactor @ http://sjm.localhost:3000/_next/static/chunks/217dd_next_dist_9c560571._.js:2297
[  587880ms] [LOG] Detected Host: sjm.localhost:3000 http://sjm.localhost:3000/dashboardportal/masters/costFactor @ http://sjm.localhost:3000/_next/static/chunks/217dd_next_dist_9c560571._.js:2297
[  587880ms] [LOG] Detected Host: sjm.localhost:3000 http://sjm.localhost:3000/dashboardportal/masters/costFactor @ http://sjm.localhost:3000/_next/static/chunks/217dd_next_dist_9c560571._.js:2297
[  587888ms] [LOG] Detected Host: sjm.localhost:3000 http://sjm.localhost:3000/dashboardportal/masters/costFactor @ http://sjm.localhost:3000/_next/static/chunks/217dd_next_dist_9c560571._.js:2297
[  587888ms] [LOG] Detected Host: sjm.localhost:3000 http://sjm.localhost:3000/dashboardportal/masters/costFactor @ http://sjm.localhost:3000/_next/static/chunks/217dd_next_dist_9c560571._.js:2297
[  587894ms] [LOG] Detected Host: sjm.localhost:3000 http://sjm.localhost:3000/dashboardportal/masters/costFactor @ http://sjm.localhost:3000/_next/static/chunks/217dd_next_dist_9c560571._.js:2297
[  587894ms] [LOG] Detected Host: sjm.localhost:3000 http://sjm.localhost:3000/dashboardportal/masters/costFactor @ http://sjm.localhost:3000/_next/static/chunks/217dd_next_dist_9c560571._.js:2297
[  587900ms] [LOG] Detected Host: sjm.localhost:3000 http://sjm.localhost:3000/dashboardportal/masters/costFactor @ http://sjm.localhost:3000/_next/static/chunks/217dd_next_dist_9c560571._.js:2297
[  587900ms] [LOG] Detected Host: sjm.localhost:3000 http://sjm.localhost:3000/dashboardportal/masters/costFactor @ http://sjm.localhost:3000/_next/static/chunks/217dd_next_dist_9c560571._.js:2297
[  587908ms] [LOG] Detected Host: sjm.localhost:3000 http://sjm.localhost:3000/dashboardportal/masters/costFactor @ http://sjm.localhost:3000/_next/static/chunks/217dd_next_dist_9c560571._.js:2297
[  587908ms] [LOG] Detected Host: sjm.localhost:3000 http://sjm.localhost:3000/dashboardportal/masters/costFactor @ http://sjm.localhost:3000/_next/static/chunks/217dd_next_dist_9c560571._.js:2297
[  587914ms] [LOG] Detected Host: sjm.localhost:3000 http://sjm.localhost:3000/dashboardportal/masters/costFactor @ http://sjm.localhost:3000/_next/static/chunks/217dd_next_dist_9c560571._.js:2297
[  587914ms] [LOG] Detected Host: sjm.localhost:3000 http://sjm.localhost:3000/dashboardportal/masters/costFactor @ http://sjm.localhost:3000/_next/static/chunks/217dd_next_dist_9c560571._.js:2297
[  587921ms] [LOG] Detected Host: sjm.localhost:3000 http://sjm.localhost:3000/dashboardportal/masters/costFactor @ http://sjm.localhost:3000/_next/static/chunks/217dd_next_dist_9c560571._.js:2297
[  587921ms] [LOG] Detected Host: sjm.localhost:3000 http://sjm.localhost:3000/dashboardportal/masters/costFactor @ http://sjm.localhost:3000/_next/static/chunks/217dd_next_dist_9c560571._.js:2297
[  587927ms] [LOG] Detected Host: sjm.localhost:3000 http://sjm.localhost:3000/dashboardportal/masters/costFactor @ http://sjm.localhost:3000/_next/static/chunks/217dd_next_dist_9c560571._.js:2297
[  587927ms] [LOG] Detected Host: sjm.localhost:3000 http://sjm.localhost:3000/dashboardportal/masters/costFactor @ http://sjm.localhost:3000/_next/static/chunks/217dd_next_dist_9c560571._.js:2297
[  587933ms] [LOG] Detected Host: sjm.localhost:3000 http://sjm.localhost:3000/dashboardportal/masters/costFactor @ http://sjm.localhost:3000/_next/static/chunks/217dd_next_dist_9c560571._.js:2297
[  587933ms] [LOG] Detected Host: sjm.localhost:3000 http://sjm.localhost:3000/dashboardportal/masters/costFactor @ http://sjm.localhost:3000/_next/static/chunks/217dd_next_dist_9c560571._.js:2297
[  587940ms] [LOG] Detected Host: sjm.localhost:3000 http://sjm.localhost:3000/dashboardportal/masters/costFactor @ http://sjm.localhost:3000/_next/static/chunks/217dd_next_dist_9c560571._.js:2297
[  587941ms] [LOG] Detected Host: sjm.localhost:3000 http://sjm.localhost:3000/dashboardportal/masters/costFactor @ http://sjm.localhost:3000/_next/static/chunks/217dd_next_dist_9c560571._.js:2297
[  587948ms] [LOG] Detected Host: sjm.localhost:3000 http://sjm.localhost:3000/dashboardportal/masters/costFactor @ http://sjm.localhost:3000/_next/static/chunks/217dd_next_dist_9c560571._.js:2297
[  587948ms] [LOG] Detected Host: sjm.localhost:3000 http://sjm.localhost:3000/dashboardportal/masters/costFactor @ http://sjm.localhost:3000/_next/static/chunks/217dd_next_dist_9c560571._.js:2297
[  588017ms] [LOG] Detected Host: sjm.localhost:3000 http://sjm.localhost:3000/dashboardportal/masters/costFactor @ http://sjm.localhost:3000/_next/static/chunks/217dd_next_dist_9c560571._.js:2297
[  588018ms] [LOG] Detected Host: sjm.localhost:3000 http://sjm.localhost:3000/dashboardportal/masters/costFactor @ http://sjm.localhost:3000/_next/static/chunks/217dd_next_dist_9c560571._.js:2297
[  588089ms] [LOG] Detected Host: sjm.localhost:3000 http://sjm.localhost:3000/dashboardportal/masters/costFactor @ http://sjm.localhost:3000/_next/static/chunks/217dd_next_dist_9c560571._.js:2297
[  588090ms] [LOG] Detected Host: sjm.localhost:3000 http://sjm.localhost:3000/dashboardportal/masters/costFactor @ http://sjm.localhost:3000/_next/static/chunks/217dd_next_dist_9c560571._.js:2297
[  588187ms] [LOG] Detected Host: sjm.localhost:3000 http://sjm.localhost:3000/dashboardportal/masters/costFactor @ http://sjm.localhost:3000/_next/static/chunks/217dd_next_dist_9c560571._.js:2297
[  588192ms] [LOG] Detected Host: sjm.localhost:3000 http://sjm.localhost:3000/dashboardportal/masters/costFactor @ http://sjm.localhost:3000/_next/static/chunks/217dd_next_dist_9c560571._.js:2297
[  588458ms] [LOG] Detected Host: sjm.localhost:3000 http://sjm.localhost:3000/dashboardportal/masters/costFactor @ http://sjm.localhost:3000/_next/static/chunks/217dd_next_dist_9c560571._.js:2297
[  588464ms] [LOG] Detected Host: sjm.localhost:3000 http://sjm.localhost:3000/dashboardportal/masters/costFactor @ http://sjm.localhost:3000/_next/static/chunks/217dd_next_dist_9c560571._.js:2297
[  588717ms] [LOG] Detected Host: sjm.localhost:3000 http://sjm.localhost:3000/dashboardportal/masters/costFactor @ http://sjm.localhost:3000/_next/static/chunks/217dd_next_dist_9c560571._.js:2297
[  588720ms] [LOG] Detected Host: sjm.localhost:3000 http://sjm.localhost:3000/dashboardportal/masters/costFactor @ http://sjm.localhost:3000/_next/static/chunks/217dd_next_dist_9c560571._.js:2297
[  590733ms] [LOG] [Fast Refresh] done in 5092ms @ http://sjm.localhost:3000/_next/static/chunks/217dd_next_dist_9c560571._.js:2297
[  591027ms] [INFO] %cDownload the React DevTools for a better development experience: https://react.dev/link/react-devtools font-weight:bold @ http://sjm.localhost:3000/_next/static/chunks/217dd_next_dist_9c560571._.js:2297
[  591066ms] [LOG] [HMR] connected @ http://sjm.localhost:3000/_next/static/chunks/217dd_next_dist_9c560571._.js:2297
[  591266ms] [LOG] Detected Host: sjm.localhost:3000 http://sjm.localhost:3000/dashboardportal/masters/departmentMaster @ http://sjm.localhost:3000/_next/static/chunks/217dd_next_dist_9c560571._.js:2297
[  591267ms] [LOG] Detected Host: sjm.localhost:3000 http://sjm.localhost:3000/dashboardportal/masters/departmentMaster @ http://sjm.localhost:3000/_next/static/chunks/217dd_next_dist_9c560571._.js:2297
[  591292ms] [LOG] Detected Host: sjm.localhost:3000 http://sjm.localhost:3000/dashboardportal/masters/departmentMaster @ http://sjm.localhost:3000/_next/static/chunks/217dd_next_dist_9c560571._.js:2297
[  591292ms] [LOG] Detected Host: sjm.localhost:3000 http://sjm.localhost:3000/dashboardportal/masters/departmentMaster @ http://sjm.localhost:3000/_next/static/chunks/217dd_next_dist_9c560571._.js:2297
[  591313ms] [LOG] Detected Host: sjm.localhost:3000 http://sjm.localhost:3000/dashboardportal/masters/departmentMaster @ http://sjm.localhost:3000/_next/static/chunks/217dd_next_dist_9c560571._.js:2297
[  591314ms] [LOG] Detected Host: sjm.localhost:3000 http://sjm.localhost:3000/dashboardportal/masters/departmentMaster @ http://sjm.localhost:3000/_next/static/chunks/217dd_next_dist_9c560571._.js:2297
[  591341ms] [LOG] Detected Host: sjm.localhost:3000 http://sjm.localhost:3000/dashboardportal/masters/departmentMaster @ http://sjm.localhost:3000/_next/static/chunks/217dd_next_dist_9c560571._.js:2297
[  591342ms] [LOG] Detected Host: sjm.localhost:3000 http://sjm.localhost:3000/dashboardportal/masters/departmentMaster @ http://sjm.localhost:3000/_next/static/chunks/217dd_next_dist_9c560571._.js:2297
[  591367ms] [LOG] Detected Host: sjm.localhost:3000 http://sjm.localhost:3000/dashboardportal/masters/departmentMaster @ http://sjm.localhost:3000/_next/static/chunks/217dd_next_dist_9c560571._.js:2297
[  591368ms] [LOG] Detected Host: sjm.localhost:3000 http://sjm.localhost:3000/dashboardportal/masters/departmentMaster @ http://sjm.localhost:3000/_next/static/chunks/217dd_next_dist_9c560571._.js:2297
[  591390ms] [LOG] Detected Host: sjm.localhost:3000 http://sjm.localhost:3000/dashboardportal/masters/departmentMaster @ http://sjm.localhost:3000/_next/static/chunks/217dd_next_dist_9c560571._.js:2297
[  591391ms] [LOG] Detected Host: sjm.localhost:3000 http://sjm.localhost:3000/dashboardportal/masters/departmentMaster @ http://sjm.localhost:3000/_next/static/chunks/217dd_next_dist_9c560571._.js:2297
[  591414ms] [LOG] Detected Host: sjm.localhost:3000 http://sjm.localhost:3000/dashboardportal/masters/departmentMaster @ http://sjm.localhost:3000/_next/static/chunks/217dd_next_dist_9c560571._.js:2297
[  591415ms] [LOG] Detected Host: sjm.localhost:3000 http://sjm.localhost:3000/dashboardportal/masters/departmentMaster @ http://sjm.localhost:3000/_next/static/chunks/217dd_next_dist_9c560571._.js:2297
[  591498ms] [LOG] Detected Host: sjm.localhost:3000 http://sjm.localhost:3000/dashboardportal/masters/departmentMaster @ http://sjm.localhost:3000/_next/static/chunks/217dd_next_dist_9c560571._.js:2297
[  591505ms] [LOG] Detected Host: sjm.localhost:3000 http://sjm.localhost:3000/dashboardportal/masters/departmentMaster @ http://sjm.localhost:3000/_next/static/chunks/217dd_next_dist_9c560571._.js:2297
[  591587ms] [LOG] Detected Host: sjm.localhost:3000 http://sjm.localhost:3000/dashboardportal/masters/departmentMaster @ http://sjm.localhost:3000/_next/static/chunks/217dd_next_dist_9c560571._.js:2297
[  591592ms] [LOG] Detected Host: sjm.localhost:3000 http://sjm.localhost:3000/dashboardportal/masters/departmentMaster @ http://sjm.localhost:3000/_next/static/chunks/217dd_next_dist_9c560571._.js:2297
[  591686ms] [LOG] Detected Host: sjm.localhost:3000 http://sjm.localhost:3000/dashboardportal/masters/departmentMaster @ http://sjm.localhost:3000/_next/static/chunks/217dd_next_dist_9c560571._.js:2297
[  591691ms] [LOG] Detected Host: sjm.localhost:3000 http://sjm.localhost:3000/dashboardportal/masters/departmentMaster @ http://sjm.localhost:3000/_next/static/chunks/217dd_next_dist_9c560571._.js:2297
[  591861ms] [LOG] Detected Host: sjm.localhost:3000 http://sjm.localhost:3000/dashboardportal/masters/departmentMaster @ http://sjm.localhost:3000/_next/static/chunks/217dd_next_dist_9c560571._.js:2297
[  591865ms] [LOG] Detected Host: sjm.localhost:3000 http://sjm.localhost:3000/dashboardportal/masters/departmentMaster @ http://sjm.localhost:3000/_next/static/chunks/217dd_next_dist_9c560571._.js:2297
[  591968ms] [LOG] Detected Host: sjm.localhost:3000 http://sjm.localhost:3000/dashboardportal/masters/departmentMaster @ http://sjm.localhost:3000/_next/static/chunks/217dd_next_dist_9c560571._.js:2297
[  591969ms] [LOG] Detected Host: sjm.localhost:3000 http://sjm.localhost:3000/dashboardportal/masters/departmentMaster @ http://sjm.localhost:3000/_next/static/chunks/217dd_next_dist_9c560571._.js:2297
[  592148ms] [LOG] [Fast Refresh] rebuilding @ http://sjm.localhost:3000/_next/static/chunks/217dd_next_dist_9c560571._.js:2297
[  594323ms] [LOG] [Fast Refresh] done in 2283ms @ http://sjm.localhost:3000/_next/static/chunks/217dd_next_dist_9c560571._.js:2297
[  594559ms] [INFO] %cDownload the React DevTools for a better development experience: https://react.dev/link/react-devtools font-weight:bold @ http://sjm.localhost:3000/_next/static/chunks/217dd_next_dist_9c560571._.js:2297
[  594600ms] [LOG] [HMR] connected @ http://sjm.localhost:3000/_next/static/chunks/217dd_next_dist_9c560571._.js:2297
[  594814ms] [LOG] Detected Host: sjm.localhost:3000 http://sjm.localhost:3000/dashboardportal/masters/designationMaster @ http://sjm.localhost:3000/_next/static/chunks/217dd_next_dist_9c560571._.js:2297
[  594815ms] [LOG] Detected Host: sjm.localhost:3000 http://sjm.localhost:3000/dashboardportal/masters/designationMaster @ http://sjm.localhost:3000/_next/static/chunks/217dd_next_dist_9c560571._.js:2297
[  594840ms] [LOG] Detected Host: sjm.localhost:3000 http://sjm.localhost:3000/dashboardportal/masters/designationMaster @ http://sjm.localhost:3000/_next/static/chunks/217dd_next_dist_9c560571._.js:2297
[  594840ms] [LOG] Detected Host: sjm.localhost:3000 http://sjm.localhost:3000/dashboardportal/masters/designationMaster @ http://sjm.localhost:3000/_next/static/chunks/217dd_next_dist_9c560571._.js:2297
[  594861ms] [LOG] Detected Host: sjm.localhost:3000 http://sjm.localhost:3000/dashboardportal/masters/designationMaster @ http://sjm.localhost:3000/_next/static/chunks/217dd_next_dist_9c560571._.js:2297
[  594862ms] [LOG] Detected Host: sjm.localhost:3000 http://sjm.localhost:3000/dashboardportal/masters/designationMaster @ http://sjm.localhost:3000/_next/static/chunks/217dd_next_dist_9c560571._.js:2297
[  594886ms] [LOG] Detected Host: sjm.localhost:3000 http://sjm.localhost:3000/dashboardportal/masters/designationMaster @ http://sjm.localhost:3000/_next/static/chunks/217dd_next_dist_9c560571._.js:2297
[  594887ms] [LOG] Detected Host: sjm.localhost:3000 http://sjm.localhost:3000/dashboardportal/masters/designationMaster @ http://sjm.localhost:3000/_next/static/chunks/217dd_next_dist_9c560571._.js:2297
[  594909ms] [LOG] Detected Host: sjm.localhost:3000 http://sjm.localhost:3000/dashboardportal/masters/designationMaster @ http://sjm.localhost:3000/_next/static/chunks/217dd_next_dist_9c560571._.js:2297
[  594910ms] [LOG] Detected Host: sjm.localhost:3000 http://sjm.localhost:3000/dashboardportal/masters/designationMaster @ http://sjm.localhost:3000/_next/static/chunks/217dd_next_dist_9c560571._.js:2297
[  594935ms] [LOG] Detected Host: sjm.localhost:3000 http://sjm.localhost:3000/dashboardportal/masters/designationMaster @ http://sjm.localhost:3000/_next/static/chunks/217dd_next_dist_9c560571._.js:2297
[  594936ms] [LOG] Detected Host: sjm.localhost:3000 http://sjm.localhost:3000/dashboardportal/masters/designationMaster @ http://sjm.localhost:3000/_next/static/chunks/217dd_next_dist_9c560571._.js:2297
[  594958ms] [LOG] Detected Host: sjm.localhost:3000 http://sjm.localhost:3000/dashboardportal/masters/designationMaster @ http://sjm.localhost:3000/_next/static/chunks/217dd_next_dist_9c560571._.js:2297
[  594958ms] [LOG] Detected Host: sjm.localhost:3000 http://sjm.localhost:3000/dashboardportal/masters/designationMaster @ http://sjm.localhost:3000/_next/static/chunks/217dd_next_dist_9c560571._.js:2297
[  594983ms] [LOG] Detected Host: sjm.localhost:3000 http://sjm.localhost:3000/dashboardportal/masters/designationMaster @ http://sjm.localhost:3000/_next/static/chunks/217dd_next_dist_9c560571._.js:2297
[  594983ms] [LOG] Detected Host: sjm.localhost:3000 http://sjm.localhost:3000/dashboardportal/masters/designationMaster @ http://sjm.localhost:3000/_next/static/chunks/217dd_next_dist_9c560571._.js:2297
[  595054ms] [LOG] Detected Host: sjm.localhost:3000 http://sjm.localhost:3000/dashboardportal/masters/designationMaster @ http://sjm.localhost:3000/_next/static/chunks/217dd_next_dist_9c560571._.js:2297
[  595060ms] [LOG] Detected Host: sjm.localhost:3000 http://sjm.localhost:3000/dashboardportal/masters/designationMaster @ http://sjm.localhost:3000/_next/static/chunks/217dd_next_dist_9c560571._.js:2297
[  595156ms] [LOG] Detected Host: sjm.localhost:3000 http://sjm.localhost:3000/dashboardportal/masters/designationMaster @ http://sjm.localhost:3000/_next/static/chunks/217dd_next_dist_9c560571._.js:2297
[  595161ms] [LOG] Detected Host: sjm.localhost:3000 http://sjm.localhost:3000/dashboardportal/masters/designationMaster @ http://sjm.localhost:3000/_next/static/chunks/217dd_next_dist_9c560571._.js:2297
[  595275ms] [LOG] Detected Host: sjm.localhost:3000 http://sjm.localhost:3000/dashboardportal/masters/designationMaster @ http://sjm.localhost:3000/_next/static/chunks/217dd_next_dist_9c560571._.js:2297
[  595281ms] [LOG] Detected Host: sjm.localhost:3000 http://sjm.localhost:3000/dashboardportal/masters/designationMaster @ http://sjm.localhost:3000/_next/static/chunks/217dd_next_dist_9c560571._.js:2297
[  595471ms] [LOG] Detected Host: sjm.localhost:3000 http://sjm.localhost:3000/dashboardportal/masters/designationMaster @ http://sjm.localhost:3000/_next/static/chunks/217dd_next_dist_9c560571._.js:2297
[  595475ms] [LOG] Detected Host: sjm.localhost:3000 http://sjm.localhost:3000/dashboardportal/masters/designationMaster @ http://sjm.localhost:3000/_next/static/chunks/217dd_next_dist_9c560571._.js:2297
[  595560ms] [LOG] Detected Host: sjm.localhost:3000 http://sjm.localhost:3000/dashboardportal/masters/designationMaster @ http://sjm.localhost:3000/_next/static/chunks/217dd_next_dist_9c560571._.js:2297
[  595561ms] [LOG] Detected Host: sjm.localhost:3000 http://sjm.localhost:3000/dashboardportal/masters/designationMaster @ http://sjm.localhost:3000/_next/static/chunks/217dd_next_dist_9c560571._.js:2297
[  595764ms] [LOG] [Fast Refresh] rebuilding @ http://sjm.localhost:3000/_next/static/chunks/217dd_next_dist_9c560571._.js:2297
[  597733ms] [LOG] [Fast Refresh] done in 2079ms @ http://sjm.localhost:3000/_next/static/chunks/217dd_next_dist_9c560571._.js:2297
[  597944ms] [INFO] %cDownload the React DevTools for a better development experience: https://react.dev/link/react-devtools font-weight:bold @ http://sjm.localhost:3000/_next/static/chunks/217dd_next_dist_9c560571._.js:2297
[  597980ms] [LOG] [HMR] connected @ http://sjm.localhost:3000/_next/static/chunks/217dd_next_dist_9c560571._.js:2297
[  598180ms] [LOG] Detected Host: sjm.localhost:3000 http://sjm.localhost:3000/dashboardportal/masters/itemGroupMaster @ http://sjm.localhost:3000/_next/static/chunks/217dd_next_dist_9c560571._.js:2297
[  598181ms] [LOG] Detected Host: sjm.localhost:3000 http://sjm.localhost:3000/dashboardportal/masters/itemGroupMaster @ http://sjm.localhost:3000/_next/static/chunks/217dd_next_dist_9c560571._.js:2297
[  598208ms] [LOG] Detected Host: sjm.localhost:3000 http://sjm.localhost:3000/dashboardportal/masters/itemGroupMaster @ http://sjm.localhost:3000/_next/static/chunks/217dd_next_dist_9c560571._.js:2297
[  598209ms] [LOG] Detected Host: sjm.localhost:3000 http://sjm.localhost:3000/dashboardportal/masters/itemGroupMaster @ http://sjm.localhost:3000/_next/static/chunks/217dd_next_dist_9c560571._.js:2297
[  598234ms] [LOG] Detected Host: sjm.localhost:3000 http://sjm.localhost:3000/dashboardportal/masters/itemGroupMaster @ http://sjm.localhost:3000/_next/static/chunks/217dd_next_dist_9c560571._.js:2297
[  598234ms] [LOG] Detected Host: sjm.localhost:3000 http://sjm.localhost:3000/dashboardportal/masters/itemGroupMaster @ http://sjm.localhost:3000/_next/static/chunks/217dd_next_dist_9c560571._.js:2297
[  598258ms] [LOG] Detected Host: sjm.localhost:3000 http://sjm.localhost:3000/dashboardportal/masters/itemGroupMaster @ http://sjm.localhost:3000/_next/static/chunks/217dd_next_dist_9c560571._.js:2297
[  598259ms] [LOG] Detected Host: sjm.localhost:3000 http://sjm.localhost:3000/dashboardportal/masters/itemGroupMaster @ http://sjm.localhost:3000/_next/static/chunks/217dd_next_dist_9c560571._.js:2297
[  598285ms] [LOG] Detected Host: sjm.localhost:3000 http://sjm.localhost:3000/dashboardportal/masters/itemGroupMaster @ http://sjm.localhost:3000/_next/static/chunks/217dd_next_dist_9c560571._.js:2297
[  598286ms] [LOG] Detected Host: sjm.localhost:3000 http://sjm.localhost:3000/dashboardportal/masters/itemGroupMaster @ http://sjm.localhost:3000/_next/static/chunks/217dd_next_dist_9c560571._.js:2297
[  598312ms] [LOG] Detected Host: sjm.localhost:3000 http://sjm.localhost:3000/dashboardportal/masters/itemGroupMaster @ http://sjm.localhost:3000/_next/static/chunks/217dd_next_dist_9c560571._.js:2297
[  598313ms] [LOG] Detected Host: sjm.localhost:3000 http://sjm.localhost:3000/dashboardportal/masters/itemGroupMaster @ http://sjm.localhost:3000/_next/static/chunks/217dd_next_dist_9c560571._.js:2297
[  598336ms] [LOG] Detected Host: sjm.localhost:3000 http://sjm.localhost:3000/dashboardportal/masters/itemGroupMaster @ http://sjm.localhost:3000/_next/static/chunks/217dd_next_dist_9c560571._.js:2297
[  598337ms] [LOG] Detected Host: sjm.localhost:3000 http://sjm.localhost:3000/dashboardportal/masters/itemGroupMaster @ http://sjm.localhost:3000/_next/static/chunks/217dd_next_dist_9c560571._.js:2297
[  598346ms] [LOG] [Fast Refresh] rebuilding @ http://sjm.localhost:3000/_next/static/chunks/217dd_next_dist_9c560571._.js:2297
[  598357ms] [LOG] Detected Host: sjm.localhost:3000 http://sjm.localhost:3000/dashboardportal/masters/itemGroupMaster @ http://sjm.localhost:3000/_next/static/chunks/217dd_next_dist_9c560571._.js:2297
[  598358ms] [LOG] Detected Host: sjm.localhost:3000 http://sjm.localhost:3000/dashboardportal/masters/itemGroupMaster @ http://sjm.localhost:3000/_next/static/chunks/217dd_next_dist_9c560571._.js:2297
[  598359ms] [LOG] [Fast Refresh] done in 121ms @ http://sjm.localhost:3000/_next/static/chunks/217dd_next_dist_9c560571._.js:2297
[  598383ms] [LOG] Detected Host: sjm.localhost:3000 http://sjm.localhost:3000/dashboardportal/masters/itemGroupMaster @ http://sjm.localhost:3000/_next/static/chunks/217dd_next_dist_9c560571._.js:2297
[  598384ms] [LOG] Detected Host: sjm.localhost:3000 http://sjm.localhost:3000/dashboardportal/masters/itemGroupMaster @ http://sjm.localhost:3000/_next/static/chunks/217dd_next_dist_9c560571._.js:2297
[  598409ms] [LOG] Detected Host: sjm.localhost:3000 http://sjm.localhost:3000/dashboardportal/masters/itemGroupMaster @ http://sjm.localhost:3000/_next/static/chunks/217dd_next_dist_9c560571._.js:2297
[  598409ms] [LOG] Detected Host: sjm.localhost:3000 http://sjm.localhost:3000/dashboardportal/masters/itemGroupMaster @ http://sjm.localhost:3000/_next/static/chunks/217dd_next_dist_9c560571._.js:2297
[  598482ms] [LOG] Detected Host: sjm.localhost:3000 http://sjm.localhost:3000/dashboardportal/masters/itemGroupMaster @ http://sjm.localhost:3000/_next/static/chunks/217dd_next_dist_9c560571._.js:2297
[  598490ms] [LOG] Detected Host: sjm.localhost:3000 http://sjm.localhost:3000/dashboardportal/masters/itemGroupMaster @ http://sjm.localhost:3000/_next/static/chunks/217dd_next_dist_9c560571._.js:2297
[  598598ms] [LOG] Detected Host: sjm.localhost:3000 http://sjm.localhost:3000/dashboardportal/masters/itemGroupMaster @ http://sjm.localhost:3000/_next/static/chunks/217dd_next_dist_9c560571._.js:2297
[  598602ms] [LOG] Detected Host: sjm.localhost:3000 http://sjm.localhost:3000/dashboardportal/masters/itemGroupMaster @ http://sjm.localhost:3000/_next/static/chunks/217dd_next_dist_9c560571._.js:2297
[  598706ms] [LOG] Detected Host: sjm.localhost:3000 http://sjm.localhost:3000/dashboardportal/masters/itemGroupMaster @ http://sjm.localhost:3000/_next/static/chunks/217dd_next_dist_9c560571._.js:2297
[  598712ms] [LOG] Detected Host: sjm.localhost:3000 http://sjm.localhost:3000/dashboardportal/masters/itemGroupMaster @ http://sjm.localhost:3000/_next/static/chunks/217dd_next_dist_9c560571._.js:2297
[  598861ms] [LOG] Detected Host: sjm.localhost:3000 http://sjm.localhost:3000/dashboardportal/masters/itemGroupMaster @ http://sjm.localhost:3000/_next/static/chunks/217dd_next_dist_9c560571._.js:2297
[  598862ms] [LOG] Detected Host: sjm.localhost:3000 http://sjm.localhost:3000/dashboardportal/masters/itemGroupMaster @ http://sjm.localhost:3000/_next/static/chunks/217dd_next_dist_9c560571._.js:2297
[  598948ms] [LOG] Detected Host: sjm.localhost:3000 http://sjm.localhost:3000/dashboardportal/masters/itemGroupMaster @ http://sjm.localhost:3000/_next/static/chunks/217dd_next_dist_9c560571._.js:2297
[  598949ms] [LOG] Detected Host: sjm.localhost:3000 http://sjm.localhost:3000/dashboardportal/masters/itemGroupMaster @ http://sjm.localhost:3000/_next/static/chunks/217dd_next_dist_9c560571._.js:2297
[  599013ms] [LOG] [Fast Refresh] rebuilding @ http://sjm.localhost:3000/_next/static/chunks/217dd_next_dist_9c560571._.js:2297
[  601426ms] [LOG] [Fast Refresh] done in 2996ms @ http://sjm.localhost:3000/_next/static/chunks/217dd_next_dist_9c560571._.js:2297
[  601640ms] [INFO] %cDownload the React DevTools for a better development experience: https://react.dev/link/react-devtools font-weight:bold @ http://sjm.localhost:3000/_next/static/chunks/217dd_next_dist_9c560571._.js:2297
[  601678ms] [LOG] [HMR] connected @ http://sjm.localhost:3000/_next/static/chunks/217dd_next_dist_9c560571._.js:2297
[  601936ms] [LOG] Detected Host: sjm.localhost:3000 http://sjm.localhost:3000/dashboardportal/masters/itemMake @ http://sjm.localhost:3000/_next/static/chunks/217dd_next_dist_9c560571._.js:2297
[  601937ms] [LOG] Detected Host: sjm.localhost:3000 http://sjm.localhost:3000/dashboardportal/masters/itemMake @ http://sjm.localhost:3000/_next/static/chunks/217dd_next_dist_9c560571._.js:2297
[  601966ms] [LOG] Detected Host: sjm.localhost:3000 http://sjm.localhost:3000/dashboardportal/masters/itemMake @ http://sjm.localhost:3000/_next/static/chunks/217dd_next_dist_9c560571._.js:2297
[  601967ms] [LOG] Detected Host: sjm.localhost:3000 http://sjm.localhost:3000/dashboardportal/masters/itemMake @ http://sjm.localhost:3000/_next/static/chunks/217dd_next_dist_9c560571._.js:2297
[  601990ms] [LOG] Detected Host: sjm.localhost:3000 http://sjm.localhost:3000/dashboardportal/masters/itemMake @ http://sjm.localhost:3000/_next/static/chunks/217dd_next_dist_9c560571._.js:2297
[  601990ms] [LOG] Detected Host: sjm.localhost:3000 http://sjm.localhost:3000/dashboardportal/masters/itemMake @ http://sjm.localhost:3000/_next/static/chunks/217dd_next_dist_9c560571._.js:2297
[  602013ms] [LOG] Detected Host: sjm.localhost:3000 http://sjm.localhost:3000/dashboardportal/masters/itemMake @ http://sjm.localhost:3000/_next/static/chunks/217dd_next_dist_9c560571._.js:2297
[  602014ms] [LOG] Detected Host: sjm.localhost:3000 http://sjm.localhost:3000/dashboardportal/masters/itemMake @ http://sjm.localhost:3000/_next/static/chunks/217dd_next_dist_9c560571._.js:2297
[  602037ms] [LOG] Detected Host: sjm.localhost:3000 http://sjm.localhost:3000/dashboardportal/masters/itemMake @ http://sjm.localhost:3000/_next/static/chunks/217dd_next_dist_9c560571._.js:2297
[  602038ms] [LOG] Detected Host: sjm.localhost:3000 http://sjm.localhost:3000/dashboardportal/masters/itemMake @ http://sjm.localhost:3000/_next/static/chunks/217dd_next_dist_9c560571._.js:2297
[  602060ms] [LOG] Detected Host: sjm.localhost:3000 http://sjm.localhost:3000/dashboardportal/masters/itemMake @ http://sjm.localhost:3000/_next/static/chunks/217dd_next_dist_9c560571._.js:2297
[  602060ms] [LOG] Detected Host: sjm.localhost:3000 http://sjm.localhost:3000/dashboardportal/masters/itemMake @ http://sjm.localhost:3000/_next/static/chunks/217dd_next_dist_9c560571._.js:2297
[  602093ms] [LOG] Detected Host: sjm.localhost:3000 http://sjm.localhost:3000/dashboardportal/masters/itemMake @ http://sjm.localhost:3000/_next/static/chunks/217dd_next_dist_9c560571._.js:2297
[  602093ms] [LOG] Detected Host: sjm.localhost:3000 http://sjm.localhost:3000/dashboardportal/masters/itemMake @ http://sjm.localhost:3000/_next/static/chunks/217dd_next_dist_9c560571._.js:2297
[  602170ms] [LOG] Detected Host: sjm.localhost:3000 http://sjm.localhost:3000/dashboardportal/masters/itemMake @ http://sjm.localhost:3000/_next/static/chunks/217dd_next_dist_9c560571._.js:2297
[  602176ms] [LOG] Detected Host: sjm.localhost:3000 http://sjm.localhost:3000/dashboardportal/masters/itemMake @ http://sjm.localhost:3000/_next/static/chunks/217dd_next_dist_9c560571._.js:2297
[  602277ms] [LOG] Detected Host: sjm.localhost:3000 http://sjm.localhost:3000/dashboardportal/masters/itemMake @ http://sjm.localhost:3000/_next/static/chunks/217dd_next_dist_9c560571._.js:2297
[  602281ms] [LOG] Detected Host: sjm.localhost:3000 http://sjm.localhost:3000/dashboardportal/masters/itemMake @ http://sjm.localhost:3000/_next/static/chunks/217dd_next_dist_9c560571._.js:2297
[  602383ms] [LOG] Detected Host: sjm.localhost:3000 http://sjm.localhost:3000/dashboardportal/masters/itemMake @ http://sjm.localhost:3000/_next/static/chunks/217dd_next_dist_9c560571._.js:2297
[  602387ms] [LOG] Detected Host: sjm.localhost:3000 http://sjm.localhost:3000/dashboardportal/masters/itemMake @ http://sjm.localhost:3000/_next/static/chunks/217dd_next_dist_9c560571._.js:2297
[  602511ms] [LOG] Detected Host: sjm.localhost:3000 http://sjm.localhost:3000/dashboardportal/masters/itemMake @ http://sjm.localhost:3000/_next/static/chunks/217dd_next_dist_9c560571._.js:2297
[  602512ms] [LOG] Detected Host: sjm.localhost:3000 http://sjm.localhost:3000/dashboardportal/masters/itemMake @ http://sjm.localhost:3000/_next/static/chunks/217dd_next_dist_9c560571._.js:2297
[  602569ms] [LOG] Detected Host: sjm.localhost:3000 http://sjm.localhost:3000/dashboardportal/masters/itemMake @ http://sjm.localhost:3000/_next/static/chunks/217dd_next_dist_9c560571._.js:2297
[  602570ms] [LOG] Detected Host: sjm.localhost:3000 http://sjm.localhost:3000/dashboardportal/masters/itemMake @ http://sjm.localhost:3000/_next/static/chunks/217dd_next_dist_9c560571._.js:2297
[  602599ms] [LOG] [Fast Refresh] rebuilding @ http://sjm.localhost:3000/_next/static/chunks/217dd_next_dist_9c560571._.js:2297
[  604766ms] [LOG] [Fast Refresh] done in 2631ms @ http://sjm.localhost:3000/_next/static/chunks/217dd_next_dist_9c560571._.js:2297
[  605137ms] [INFO] %cDownload the React DevTools for a better development experience: https://react.dev/link/react-devtools font-weight:bold @ http://sjm.localhost:3000/_next/static/chunks/217dd_next_dist_9c560571._.js:2297
[  605177ms] [LOG] [HMR] connected @ http://sjm.localhost:3000/_next/static/chunks/217dd_next_dist_9c560571._.js:2297
[  605378ms] [LOG] Detected Host: sjm.localhost:3000 http://sjm.localhost:3000/dashboardportal/masters/itemMaster @ http://sjm.localhost:3000/_next/static/chunks/217dd_next_dist_9c560571._.js:2297
[  605379ms] [LOG] Detected Host: sjm.localhost:3000 http://sjm.localhost:3000/dashboardportal/masters/itemMaster @ http://sjm.localhost:3000/_next/static/chunks/217dd_next_dist_9c560571._.js:2297
[  605402ms] [LOG] Detected Host: sjm.localhost:3000 http://sjm.localhost:3000/dashboardportal/masters/itemMaster @ http://sjm.localhost:3000/_next/static/chunks/217dd_next_dist_9c560571._.js:2297
[  605402ms] [LOG] Detected Host: sjm.localhost:3000 http://sjm.localhost:3000/dashboardportal/masters/itemMaster @ http://sjm.localhost:3000/_next/static/chunks/217dd_next_dist_9c560571._.js:2297
[  605427ms] [LOG] Detected Host: sjm.localhost:3000 http://sjm.localhost:3000/dashboardportal/masters/itemMaster @ http://sjm.localhost:3000/_next/static/chunks/217dd_next_dist_9c560571._.js:2297
[  605428ms] [LOG] Detected Host: sjm.localhost:3000 http://sjm.localhost:3000/dashboardportal/masters/itemMaster @ http://sjm.localhost:3000/_next/static/chunks/217dd_next_dist_9c560571._.js:2297
[  605451ms] [LOG] Detected Host: sjm.localhost:3000 http://sjm.localhost:3000/dashboardportal/masters/itemMaster @ http://sjm.localhost:3000/_next/static/chunks/217dd_next_dist_9c560571._.js:2297
[  605451ms] [LOG] Detected Host: sjm.localhost:3000 http://sjm.localhost:3000/dashboardportal/masters/itemMaster @ http://sjm.localhost:3000/_next/static/chunks/217dd_next_dist_9c560571._.js:2297
[  605477ms] [LOG] Detected Host: sjm.localhost:3000 http://sjm.localhost:3000/dashboardportal/masters/itemMaster @ http://sjm.localhost:3000/_next/static/chunks/217dd_next_dist_9c560571._.js:2297
[  605477ms] [LOG] Detected Host: sjm.localhost:3000 http://sjm.localhost:3000/dashboardportal/masters/itemMaster @ http://sjm.localhost:3000/_next/static/chunks/217dd_next_dist_9c560571._.js:2297
[  605500ms] [LOG] Detected Host: sjm.localhost:3000 http://sjm.localhost:3000/dashboardportal/masters/itemMaster @ http://sjm.localhost:3000/_next/static/chunks/217dd_next_dist_9c560571._.js:2297
[  605501ms] [LOG] Detected Host: sjm.localhost:3000 http://sjm.localhost:3000/dashboardportal/masters/itemMaster @ http://sjm.localhost:3000/_next/static/chunks/217dd_next_dist_9c560571._.js:2297
[  605522ms] [LOG] Detected Host: sjm.localhost:3000 http://sjm.localhost:3000/dashboardportal/masters/itemMaster @ http://sjm.localhost:3000/_next/static/chunks/217dd_next_dist_9c560571._.js:2297
[  605523ms] [LOG] Detected Host: sjm.localhost:3000 http://sjm.localhost:3000/dashboardportal/masters/itemMaster @ http://sjm.localhost:3000/_next/static/chunks/217dd_next_dist_9c560571._.js:2297
[  605614ms] [LOG] Detected Host: sjm.localhost:3000 http://sjm.localhost:3000/dashboardportal/masters/itemMaster @ http://sjm.localhost:3000/_next/static/chunks/217dd_next_dist_9c560571._.js:2297
[  605619ms] [LOG] Detected Host: sjm.localhost:3000 http://sjm.localhost:3000/dashboardportal/masters/itemMaster @ http://sjm.localhost:3000/_next/static/chunks/217dd_next_dist_9c560571._.js:2297
[  606022ms] [LOG] Detected Host: sjm.localhost:3000 http://sjm.localhost:3000/dashboardportal/masters/itemMaster @ http://sjm.localhost:3000/_next/static/chunks/217dd_next_dist_9c560571._.js:2297
[  606023ms] [LOG] Detected Host: sjm.localhost:3000 http://sjm.localhost:3000/dashboardportal/masters/itemMaster @ http://sjm.localhost:3000/_next/static/chunks/217dd_next_dist_9c560571._.js:2297
[  606234ms] [LOG] Detected Host: sjm.localhost:3000 http://sjm.localhost:3000/dashboardportal/masters/itemMaster @ http://sjm.localhost:3000/_next/static/chunks/217dd_next_dist_9c560571._.js:2297
[  606238ms] [LOG] Detected Host: sjm.localhost:3000 http://sjm.localhost:3000/dashboardportal/masters/itemMaster @ http://sjm.localhost:3000/_next/static/chunks/217dd_next_dist_9c560571._.js:2297
[  606607ms] [LOG] Detected Host: sjm.localhost:3000 http://sjm.localhost:3000/dashboardportal/masters/itemMaster @ http://sjm.localhost:3000/_next/static/chunks/217dd_next_dist_9c560571._.js:2297
[  606610ms] [LOG] Detected Host: sjm.localhost:3000 http://sjm.localhost:3000/dashboardportal/masters/itemMaster @ http://sjm.localhost:3000/_next/static/chunks/217dd_next_dist_9c560571._.js:2297
[  606768ms] [LOG] Detected Host: sjm.localhost:3000 http://sjm.localhost:3000/dashboardportal/masters/itemMaster @ http://sjm.localhost:3000/_next/static/chunks/217dd_next_dist_9c560571._.js:2297
[  606771ms] [LOG] Detected Host: sjm.localhost:3000 http://sjm.localhost:3000/dashboardportal/masters/itemMaster @ http://sjm.localhost:3000/_next/static/chunks/217dd_next_dist_9c560571._.js:2297
[  606954ms] [LOG] [Fast Refresh] rebuilding @ http://sjm.localhost:3000/_next/static/chunks/217dd_next_dist_9c560571._.js:2297
[  608930ms] [LOG] [Fast Refresh] done in 2084ms @ http://sjm.localhost:3000/_next/static/chunks/217dd_next_dist_9c560571._.js:2297
[  609157ms] [INFO] %cDownload the React DevTools for a better development experience: https://react.dev/link/react-devtools font-weight:bold @ http://sjm.localhost:3000/_next/static/chunks/217dd_next_dist_9c560571._.js:2297
[  609190ms] [LOG] [HMR] connected @ http://sjm.localhost:3000/_next/static/chunks/217dd_next_dist_9c560571._.js:2297
[  609410ms] [LOG] Detected Host: sjm.localhost:3000 http://sjm.localhost:3000/dashboardportal/masters/juteAgentMap @ http://sjm.localhost:3000/_next/static/chunks/217dd_next_dist_9c560571._.js:2297
[  609411ms] [LOG] Detected Host: sjm.localhost:3000 http://sjm.localhost:3000/dashboardportal/masters/juteAgentMap @ http://sjm.localhost:3000/_next/static/chunks/217dd_next_dist_9c560571._.js:2297
[  609437ms] [LOG] Detected Host: sjm.localhost:3000 http://sjm.localhost:3000/dashboardportal/masters/juteAgentMap @ http://sjm.localhost:3000/_next/static/chunks/217dd_next_dist_9c560571._.js:2297
[  609437ms] [LOG] Detected Host: sjm.localhost:3000 http://sjm.localhost:3000/dashboardportal/masters/juteAgentMap @ http://sjm.localhost:3000/_next/static/chunks/217dd_next_dist_9c560571._.js:2297
[  609464ms] [LOG] Detected Host: sjm.localhost:3000 http://sjm.localhost:3000/dashboardportal/masters/juteAgentMap @ http://sjm.localhost:3000/_next/static/chunks/217dd_next_dist_9c560571._.js:2297
[  609465ms] [LOG] Detected Host: sjm.localhost:3000 http://sjm.localhost:3000/dashboardportal/masters/juteAgentMap @ http://sjm.localhost:3000/_next/static/chunks/217dd_next_dist_9c560571._.js:2297
[  609490ms] [LOG] Detected Host: sjm.localhost:3000 http://sjm.localhost:3000/dashboardportal/masters/juteAgentMap @ http://sjm.localhost:3000/_next/static/chunks/217dd_next_dist_9c560571._.js:2297
[  609491ms] [LOG] Detected Host: sjm.localhost:3000 http://sjm.localhost:3000/dashboardportal/masters/juteAgentMap @ http://sjm.localhost:3000/_next/static/chunks/217dd_next_dist_9c560571._.js:2297
[  609511ms] [LOG] Detected Host: sjm.localhost:3000 http://sjm.localhost:3000/dashboardportal/masters/juteAgentMap @ http://sjm.localhost:3000/_next/static/chunks/217dd_next_dist_9c560571._.js:2297
[  609512ms] [LOG] Detected Host: sjm.localhost:3000 http://sjm.localhost:3000/dashboardportal/masters/juteAgentMap @ http://sjm.localhost:3000/_next/static/chunks/217dd_next_dist_9c560571._.js:2297
[  609536ms] [LOG] Detected Host: sjm.localhost:3000 http://sjm.localhost:3000/dashboardportal/masters/juteAgentMap @ http://sjm.localhost:3000/_next/static/chunks/217dd_next_dist_9c560571._.js:2297
[  609536ms] [LOG] Detected Host: sjm.localhost:3000 http://sjm.localhost:3000/dashboardportal/masters/juteAgentMap @ http://sjm.localhost:3000/_next/static/chunks/217dd_next_dist_9c560571._.js:2297
[  609561ms] [LOG] Detected Host: sjm.localhost:3000 http://sjm.localhost:3000/dashboardportal/masters/juteAgentMap @ http://sjm.localhost:3000/_next/static/chunks/217dd_next_dist_9c560571._.js:2297
[  609562ms] [LOG] Detected Host: sjm.localhost:3000 http://sjm.localhost:3000/dashboardportal/masters/juteAgentMap @ http://sjm.localhost:3000/_next/static/chunks/217dd_next_dist_9c560571._.js:2297
[  609583ms] [LOG] Detected Host: sjm.localhost:3000 http://sjm.localhost:3000/dashboardportal/masters/juteAgentMap @ http://sjm.localhost:3000/_next/static/chunks/217dd_next_dist_9c560571._.js:2297
[  609584ms] [LOG] Detected Host: sjm.localhost:3000 http://sjm.localhost:3000/dashboardportal/masters/juteAgentMap @ http://sjm.localhost:3000/_next/static/chunks/217dd_next_dist_9c560571._.js:2297
[  609603ms] [LOG] Detected Host: sjm.localhost:3000 http://sjm.localhost:3000/dashboardportal/masters/juteAgentMap @ http://sjm.localhost:3000/_next/static/chunks/217dd_next_dist_9c560571._.js:2297
[  609604ms] [LOG] Detected Host: sjm.localhost:3000 http://sjm.localhost:3000/dashboardportal/masters/juteAgentMap @ http://sjm.localhost:3000/_next/static/chunks/217dd_next_dist_9c560571._.js:2297
[  609623ms] [LOG] Detected Host: sjm.localhost:3000 http://sjm.localhost:3000/dashboardportal/masters/juteAgentMap @ http://sjm.localhost:3000/_next/static/chunks/217dd_next_dist_9c560571._.js:2297
[  609624ms] [LOG] Detected Host: sjm.localhost:3000 http://sjm.localhost:3000/dashboardportal/masters/juteAgentMap @ http://sjm.localhost:3000/_next/static/chunks/217dd_next_dist_9c560571._.js:2297
[  609646ms] [LOG] Detected Host: sjm.localhost:3000 http://sjm.localhost:3000/dashboardportal/masters/juteAgentMap @ http://sjm.localhost:3000/_next/static/chunks/217dd_next_dist_9c560571._.js:2297
[  609646ms] [LOG] Detected Host: sjm.localhost:3000 http://sjm.localhost:3000/dashboardportal/masters/juteAgentMap @ http://sjm.localhost:3000/_next/static/chunks/217dd_next_dist_9c560571._.js:2297
[  609669ms] [LOG] Detected Host: sjm.localhost:3000 http://sjm.localhost:3000/dashboardportal/masters/juteAgentMap @ http://sjm.localhost:3000/_next/static/chunks/217dd_next_dist_9c560571._.js:2297
[  609670ms] [LOG] Detected Host: sjm.localhost:3000 http://sjm.localhost:3000/dashboardportal/masters/juteAgentMap @ http://sjm.localhost:3000/_next/static/chunks/217dd_next_dist_9c560571._.js:2297
[  609755ms] [LOG] Detected Host: sjm.localhost:3000 http://sjm.localhost:3000/dashboardportal/masters/juteAgentMap @ http://sjm.localhost:3000/_next/static/chunks/217dd_next_dist_9c560571._.js:2297
[  609775ms] [LOG] Detected Host: sjm.localhost:3000 http://sjm.localhost:3000/dashboardportal/masters/juteAgentMap @ http://sjm.localhost:3000/_next/static/chunks/217dd_next_dist_9c560571._.js:2297
[  609864ms] [LOG] Detected Host: sjm.localhost:3000 http://sjm.localhost:3000/dashboardportal/masters/juteAgentMap @ http://sjm.localhost:3000/_next/static/chunks/217dd_next_dist_9c560571._.js:2297
[  609869ms] [LOG] Detected Host: sjm.localhost:3000 http://sjm.localhost:3000/dashboardportal/masters/juteAgentMap @ http://sjm.localhost:3000/_next/static/chunks/217dd_next_dist_9c560571._.js:2297
[  609991ms] [LOG] Detected Host: sjm.localhost:3000 http://sjm.localhost:3000/dashboardportal/masters/juteAgentMap @ http://sjm.localhost:3000/_next/static/chunks/217dd_next_dist_9c560571._.js:2297
[  609997ms] [LOG] Detected Host: sjm.localhost:3000 http://sjm.localhost:3000/dashboardportal/masters/juteAgentMap @ http://sjm.localhost:3000/_next/static/chunks/217dd_next_dist_9c560571._.js:2297
[  610103ms] [LOG] Detected Host: sjm.localhost:3000 http://sjm.localhost:3000/dashboardportal/masters/juteAgentMap @ http://sjm.localhost:3000/_next/static/chunks/217dd_next_dist_9c560571._.js:2297
[  610104ms] [LOG] Detected Host: sjm.localhost:3000 http://sjm.localhost:3000/dashboardportal/masters/juteAgentMap @ http://sjm.localhost:3000/_next/static/chunks/217dd_next_dist_9c560571._.js:2297
[  610173ms] [LOG] Detected Host: sjm.localhost:3000 http://sjm.localhost:3000/dashboardportal/masters/juteAgentMap @ http://sjm.localhost:3000/_next/static/chunks/217dd_next_dist_9c560571._.js:2297
[  610174ms] [LOG] Detected Host: sjm.localhost:3000 http://sjm.localhost:3000/dashboardportal/masters/juteAgentMap @ http://sjm.localhost:3000/_next/static/chunks/217dd_next_dist_9c560571._.js:2297
[  610213ms] [LOG] [Fast Refresh] rebuilding @ http://sjm.localhost:3000/_next/static/chunks/217dd_next_dist_9c560571._.js:2297
[  610626ms] [LOG] [Fast Refresh] done in 917ms @ http://sjm.localhost:3000/_next/static/chunks/217dd_next_dist_9c560571._.js:2297
[  610911ms] [INFO] %cDownload the React DevTools for a better development experience: https://react.dev/link/react-devtools font-weight:bold @ http://sjm.localhost:3000/_next/static/chunks/217dd_next_dist_9c560571._.js:2297
[  610945ms] [LOG] [HMR] connected @ http://sjm.localhost:3000/_next/static/chunks/217dd_next_dist_9c560571._.js:2297
[  611123ms] [LOG] Detected Host: sjm.localhost:3000 http://sjm.localhost:3000/dashboardportal/masters/juteMukamMaster @ http://sjm.localhost:3000/_next/static/chunks/217dd_next_dist_9c560571._.js:2297
[  611124ms] [LOG] Detected Host: sjm.localhost:3000 http://sjm.localhost:3000/dashboardportal/masters/juteMukamMaster @ http://sjm.localhost:3000/_next/static/chunks/217dd_next_dist_9c560571._.js:2297
[  611150ms] [LOG] Detected Host: sjm.localhost:3000 http://sjm.localhost:3000/dashboardportal/masters/juteMukamMaster @ http://sjm.localhost:3000/_next/static/chunks/217dd_next_dist_9c560571._.js:2297
[  611150ms] [LOG] Detected Host: sjm.localhost:3000 http://sjm.localhost:3000/dashboardportal/masters/juteMukamMaster @ http://sjm.localhost:3000/_next/static/chunks/217dd_next_dist_9c560571._.js:2297
[  611171ms] [LOG] Detected Host: sjm.localhost:3000 http://sjm.localhost:3000/dashboardportal/masters/juteMukamMaster @ http://sjm.localhost:3000/_next/static/chunks/217dd_next_dist_9c560571._.js:2297
[  611172ms] [LOG] Detected Host: sjm.localhost:3000 http://sjm.localhost:3000/dashboardportal/masters/juteMukamMaster @ http://sjm.localhost:3000/_next/static/chunks/217dd_next_dist_9c560571._.js:2297
[  611198ms] [LOG] Detected Host: sjm.localhost:3000 http://sjm.localhost:3000/dashboardportal/masters/juteMukamMaster @ http://sjm.localhost:3000/_next/static/chunks/217dd_next_dist_9c560571._.js:2297
[  611199ms] [LOG] Detected Host: sjm.localhost:3000 http://sjm.localhost:3000/dashboardportal/masters/juteMukamMaster @ http://sjm.localhost:3000/_next/static/chunks/217dd_next_dist_9c560571._.js:2297
[  611225ms] [LOG] Detected Host: sjm.localhost:3000 http://sjm.localhost:3000/dashboardportal/masters/juteMukamMaster @ http://sjm.localhost:3000/_next/static/chunks/217dd_next_dist_9c560571._.js:2297
[  611226ms] [LOG] Detected Host: sjm.localhost:3000 http://sjm.localhost:3000/dashboardportal/masters/juteMukamMaster @ http://sjm.localhost:3000/_next/static/chunks/217dd_next_dist_9c560571._.js:2297
[  611250ms] [LOG] Detected Host: sjm.localhost:3000 http://sjm.localhost:3000/dashboardportal/masters/juteMukamMaster @ http://sjm.localhost:3000/_next/static/chunks/217dd_next_dist_9c560571._.js:2297
[  611251ms] [LOG] Detected Host: sjm.localhost:3000 http://sjm.localhost:3000/dashboardportal/masters/juteMukamMaster @ http://sjm.localhost:3000/_next/static/chunks/217dd_next_dist_9c560571._.js:2297
[  611276ms] [LOG] Detected Host: sjm.localhost:3000 http://sjm.localhost:3000/dashboardportal/masters/juteMukamMaster @ http://sjm.localhost:3000/_next/static/chunks/217dd_next_dist_9c560571._.js:2297
[  611277ms] [LOG] Detected Host: sjm.localhost:3000 http://sjm.localhost:3000/dashboardportal/masters/juteMukamMaster @ http://sjm.localhost:3000/_next/static/chunks/217dd_next_dist_9c560571._.js:2297
[  611316ms] [LOG] Detected Host: sjm.localhost:3000 http://sjm.localhost:3000/dashboardportal/masters/juteMukamMaster @ http://sjm.localhost:3000/_next/static/chunks/217dd_next_dist_9c560571._.js:2297
[  611317ms] [LOG] Detected Host: sjm.localhost:3000 http://sjm.localhost:3000/dashboardportal/masters/juteMukamMaster @ http://sjm.localhost:3000/_next/static/chunks/217dd_next_dist_9c560571._.js:2297
[  611353ms] [LOG] Detected Host: sjm.localhost:3000 http://sjm.localhost:3000/dashboardportal/masters/juteMukamMaster @ http://sjm.localhost:3000/_next/static/chunks/217dd_next_dist_9c560571._.js:2297
[  611358ms] [LOG] Detected Host: sjm.localhost:3000 http://sjm.localhost:3000/dashboardportal/masters/juteMukamMaster @ http://sjm.localhost:3000/_next/static/chunks/217dd_next_dist_9c560571._.js:2297
[  611434ms] [LOG] Detected Host: sjm.localhost:3000 http://sjm.localhost:3000/dashboardportal/masters/juteMukamMaster @ http://sjm.localhost:3000/_next/static/chunks/217dd_next_dist_9c560571._.js:2297
[  611438ms] [LOG] Detected Host: sjm.localhost:3000 http://sjm.localhost:3000/dashboardportal/masters/juteMukamMaster @ http://sjm.localhost:3000/_next/static/chunks/217dd_next_dist_9c560571._.js:2297
[  611522ms] [LOG] Detected Host: sjm.localhost:3000 http://sjm.localhost:3000/dashboardportal/masters/juteMukamMaster @ http://sjm.localhost:3000/_next/static/chunks/217dd_next_dist_9c560571._.js:2297
[  611527ms] [LOG] Detected Host: sjm.localhost:3000 http://sjm.localhost:3000/dashboardportal/masters/juteMukamMaster @ http://sjm.localhost:3000/_next/static/chunks/217dd_next_dist_9c560571._.js:2297
[  611643ms] [LOG] Detected Host: sjm.localhost:3000 http://sjm.localhost:3000/dashboardportal/masters/juteMukamMaster @ http://sjm.localhost:3000/_next/static/chunks/217dd_next_dist_9c560571._.js:2297
[  611647ms] [LOG] Detected Host: sjm.localhost:3000 http://sjm.localhost:3000/dashboardportal/masters/juteMukamMaster @ http://sjm.localhost:3000/_next/static/chunks/217dd_next_dist_9c560571._.js:2297
[  611746ms] [LOG] Detected Host: sjm.localhost:3000 http://sjm.localhost:3000/dashboardportal/masters/juteMukamMaster @ http://sjm.localhost:3000/_next/static/chunks/217dd_next_dist_9c560571._.js:2297
[  611747ms] [LOG] Detected Host: sjm.localhost:3000 http://sjm.localhost:3000/dashboardportal/masters/juteMukamMaster @ http://sjm.localhost:3000/_next/static/chunks/217dd_next_dist_9c560571._.js:2297
[  611972ms] [LOG] [Fast Refresh] rebuilding @ http://sjm.localhost:3000/_next/static/chunks/217dd_next_dist_9c560571._.js:2297
[  613828ms] [LOG] [Fast Refresh] done in 1966ms @ http://sjm.localhost:3000/_next/static/chunks/217dd_next_dist_9c560571._.js:2297
[  614051ms] [INFO] %cDownload the React DevTools for a better development experience: https://react.dev/link/react-devtools font-weight:bold @ http://sjm.localhost:3000/_next/static/chunks/217dd_next_dist_9c560571._.js:2297
[  614085ms] [LOG] [HMR] connected @ http://sjm.localhost:3000/_next/static/chunks/217dd_next_dist_9c560571._.js:2297
[  614249ms] [LOG] Detected Host: sjm.localhost:3000 http://sjm.localhost:3000/dashboardportal/masters/juteQualityMaster @ http://sjm.localhost:3000/_next/static/chunks/217dd_next_dist_9c560571._.js:2297
[  614250ms] [LOG] Detected Host: sjm.localhost:3000 http://sjm.localhost:3000/dashboardportal/masters/juteQualityMaster @ http://sjm.localhost:3000/_next/static/chunks/217dd_next_dist_9c560571._.js:2297
[  614278ms] [LOG] Detected Host: sjm.localhost:3000 http://sjm.localhost:3000/dashboardportal/masters/juteQualityMaster @ http://sjm.localhost:3000/_next/static/chunks/217dd_next_dist_9c560571._.js:2297
[  614279ms] [LOG] Detected Host: sjm.localhost:3000 http://sjm.localhost:3000/dashboardportal/masters/juteQualityMaster @ http://sjm.localhost:3000/_next/static/chunks/217dd_next_dist_9c560571._.js:2297
[  614300ms] [LOG] Detected Host: sjm.localhost:3000 http://sjm.localhost:3000/dashboardportal/masters/juteQualityMaster @ http://sjm.localhost:3000/_next/static/chunks/217dd_next_dist_9c560571._.js:2297
[  614300ms] [LOG] Detected Host: sjm.localhost:3000 http://sjm.localhost:3000/dashboardportal/masters/juteQualityMaster @ http://sjm.localhost:3000/_next/static/chunks/217dd_next_dist_9c560571._.js:2297
[  614325ms] [LOG] Detected Host: sjm.localhost:3000 http://sjm.localhost:3000/dashboardportal/masters/juteQualityMaster @ http://sjm.localhost:3000/_next/static/chunks/217dd_next_dist_9c560571._.js:2297
[  614326ms] [LOG] Detected Host: sjm.localhost:3000 http://sjm.localhost:3000/dashboardportal/masters/juteQualityMaster @ http://sjm.localhost:3000/_next/static/chunks/217dd_next_dist_9c560571._.js:2297
[  614347ms] [LOG] Detected Host: sjm.localhost:3000 http://sjm.localhost:3000/dashboardportal/masters/juteQualityMaster @ http://sjm.localhost:3000/_next/static/chunks/217dd_next_dist_9c560571._.js:2297
[  614348ms] [LOG] Detected Host: sjm.localhost:3000 http://sjm.localhost:3000/dashboardportal/masters/juteQualityMaster @ http://sjm.localhost:3000/_next/static/chunks/217dd_next_dist_9c560571._.js:2297
[  614370ms] [LOG] Detected Host: sjm.localhost:3000 http://sjm.localhost:3000/dashboardportal/masters/juteQualityMaster @ http://sjm.localhost:3000/_next/static/chunks/217dd_next_dist_9c560571._.js:2297
[  614371ms] [LOG] Detected Host: sjm.localhost:3000 http://sjm.localhost:3000/dashboardportal/masters/juteQualityMaster @ http://sjm.localhost:3000/_next/static/chunks/217dd_next_dist_9c560571._.js:2297
[  614393ms] [LOG] Detected Host: sjm.localhost:3000 http://sjm.localhost:3000/dashboardportal/masters/juteQualityMaster @ http://sjm.localhost:3000/_next/static/chunks/217dd_next_dist_9c560571._.js:2297
[  614394ms] [LOG] Detected Host: sjm.localhost:3000 http://sjm.localhost:3000/dashboardportal/masters/juteQualityMaster @ http://sjm.localhost:3000/_next/static/chunks/217dd_next_dist_9c560571._.js:2297
[  614438ms] [LOG] Detected Host: sjm.localhost:3000 http://sjm.localhost:3000/dashboardportal/masters/juteQualityMaster @ http://sjm.localhost:3000/_next/static/chunks/217dd_next_dist_9c560571._.js:2297
[  614439ms] [LOG] Detected Host: sjm.localhost:3000 http://sjm.localhost:3000/dashboardportal/masters/juteQualityMaster @ http://sjm.localhost:3000/_next/static/chunks/217dd_next_dist_9c560571._.js:2297
[  614480ms] [LOG] Detected Host: sjm.localhost:3000 http://sjm.localhost:3000/dashboardportal/masters/juteQualityMaster @ http://sjm.localhost:3000/_next/static/chunks/217dd_next_dist_9c560571._.js:2297
[  614485ms] [LOG] Detected Host: sjm.localhost:3000 http://sjm.localhost:3000/dashboardportal/masters/juteQualityMaster @ http://sjm.localhost:3000/_next/static/chunks/217dd_next_dist_9c560571._.js:2297
[  614563ms] [LOG] Detected Host: sjm.localhost:3000 http://sjm.localhost:3000/dashboardportal/masters/juteQualityMaster @ http://sjm.localhost:3000/_next/static/chunks/217dd_next_dist_9c560571._.js:2297
[  614567ms] [LOG] Detected Host: sjm.localhost:3000 http://sjm.localhost:3000/dashboardportal/masters/juteQualityMaster @ http://sjm.localhost:3000/_next/static/chunks/217dd_next_dist_9c560571._.js:2297
[  614670ms] [LOG] Detected Host: sjm.localhost:3000 http://sjm.localhost:3000/dashboardportal/masters/juteQualityMaster @ http://sjm.localhost:3000/_next/static/chunks/217dd_next_dist_9c560571._.js:2297
[  614674ms] [LOG] Detected Host: sjm.localhost:3000 http://sjm.localhost:3000/dashboardportal/masters/juteQualityMaster @ http://sjm.localhost:3000/_next/static/chunks/217dd_next_dist_9c560571._.js:2297
[  614815ms] [LOG] Detected Host: sjm.localhost:3000 http://sjm.localhost:3000/dashboardportal/masters/juteQualityMaster @ http://sjm.localhost:3000/_next/static/chunks/217dd_next_dist_9c560571._.js:2297
[  614818ms] [LOG] Detected Host: sjm.localhost:3000 http://sjm.localhost:3000/dashboardportal/masters/juteQualityMaster @ http://sjm.localhost:3000/_next/static/chunks/217dd_next_dist_9c560571._.js:2297
[  614912ms] [LOG] Detected Host: sjm.localhost:3000 http://sjm.localhost:3000/dashboardportal/masters/juteQualityMaster @ http://sjm.localhost:3000/_next/static/chunks/217dd_next_dist_9c560571._.js:2297
[  614912ms] [LOG] Detected Host: sjm.localhost:3000 http://sjm.localhost:3000/dashboardportal/masters/juteQualityMaster @ http://sjm.localhost:3000/_next/static/chunks/217dd_next_dist_9c560571._.js:2297
[  614945ms] [LOG] [Fast Refresh] rebuilding @ http://sjm.localhost:3000/_next/static/chunks/217dd_next_dist_9c560571._.js:2297
[  617044ms] [LOG] [Fast Refresh] done in 2587ms @ http://sjm.localhost:3000/_next/static/chunks/217dd_next_dist_9c560571._.js:2297
[  617259ms] [INFO] %cDownload the React DevTools for a better development experience: https://react.dev/link/react-devtools font-weight:bold @ http://sjm.localhost:3000/_next/static/chunks/217dd_next_dist_9c560571._.js:2297
[  617296ms] [LOG] [HMR] connected @ http://sjm.localhost:3000/_next/static/chunks/217dd_next_dist_9c560571._.js:2297
[  617467ms] [LOG] Detected Host: sjm.localhost:3000 http://sjm.localhost:3000/dashboardportal/masters/juteSupplierMap @ http://sjm.localhost:3000/_next/static/chunks/217dd_next_dist_9c560571._.js:2297
[  617469ms] [LOG] Detected Host: sjm.localhost:3000 http://sjm.localhost:3000/dashboardportal/masters/juteSupplierMap @ http://sjm.localhost:3000/_next/static/chunks/217dd_next_dist_9c560571._.js:2297
[  617494ms] [LOG] Detected Host: sjm.localhost:3000 http://sjm.localhost:3000/dashboardportal/masters/juteSupplierMap @ http://sjm.localhost:3000/_next/static/chunks/217dd_next_dist_9c560571._.js:2297
[  617495ms] [LOG] Detected Host: sjm.localhost:3000 http://sjm.localhost:3000/dashboardportal/masters/juteSupplierMap @ http://sjm.localhost:3000/_next/static/chunks/217dd_next_dist_9c560571._.js:2297
[  617518ms] [LOG] Detected Host: sjm.localhost:3000 http://sjm.localhost:3000/dashboardportal/masters/juteSupplierMap @ http://sjm.localhost:3000/_next/static/chunks/217dd_next_dist_9c560571._.js:2297
[  617519ms] [LOG] Detected Host: sjm.localhost:3000 http://sjm.localhost:3000/dashboardportal/masters/juteSupplierMap @ http://sjm.localhost:3000/_next/static/chunks/217dd_next_dist_9c560571._.js:2297
[  617543ms] [LOG] Detected Host: sjm.localhost:3000 http://sjm.localhost:3000/dashboardportal/masters/juteSupplierMap @ http://sjm.localhost:3000/_next/static/chunks/217dd_next_dist_9c560571._.js:2297
[  617544ms] [LOG] Detected Host: sjm.localhost:3000 http://sjm.localhost:3000/dashboardportal/masters/juteSupplierMap @ http://sjm.localhost:3000/_next/static/chunks/217dd_next_dist_9c560571._.js:2297
[  617567ms] [LOG] Detected Host: sjm.localhost:3000 http://sjm.localhost:3000/dashboardportal/masters/juteSupplierMap @ http://sjm.localhost:3000/_next/static/chunks/217dd_next_dist_9c560571._.js:2297
[  617567ms] [LOG] Detected Host: sjm.localhost:3000 http://sjm.localhost:3000/dashboardportal/masters/juteSupplierMap @ http://sjm.localhost:3000/_next/static/chunks/217dd_next_dist_9c560571._.js:2297
[  617590ms] [LOG] Detected Host: sjm.localhost:3000 http://sjm.localhost:3000/dashboardportal/masters/juteSupplierMap @ http://sjm.localhost:3000/_next/static/chunks/217dd_next_dist_9c560571._.js:2297
[  617591ms] [LOG] Detected Host: sjm.localhost:3000 http://sjm.localhost:3000/dashboardportal/masters/juteSupplierMap @ http://sjm.localhost:3000/_next/static/chunks/217dd_next_dist_9c560571._.js:2297
[  617616ms] [LOG] Detected Host: sjm.localhost:3000 http://sjm.localhost:3000/dashboardportal/masters/juteSupplierMap @ http://sjm.localhost:3000/_next/static/chunks/217dd_next_dist_9c560571._.js:2297
[  617616ms] [LOG] Detected Host: sjm.localhost:3000 http://sjm.localhost:3000/dashboardportal/masters/juteSupplierMap @ http://sjm.localhost:3000/_next/static/chunks/217dd_next_dist_9c560571._.js:2297
[  617639ms] [LOG] Detected Host: sjm.localhost:3000 http://sjm.localhost:3000/dashboardportal/masters/juteSupplierMap @ http://sjm.localhost:3000/_next/static/chunks/217dd_next_dist_9c560571._.js:2297
[  617639ms] [LOG] Detected Host: sjm.localhost:3000 http://sjm.localhost:3000/dashboardportal/masters/juteSupplierMap @ http://sjm.localhost:3000/_next/static/chunks/217dd_next_dist_9c560571._.js:2297
[  617661ms] [LOG] Detected Host: sjm.localhost:3000 http://sjm.localhost:3000/dashboardportal/masters/juteSupplierMap @ http://sjm.localhost:3000/_next/static/chunks/217dd_next_dist_9c560571._.js:2297
[  617662ms] [LOG] Detected Host: sjm.localhost:3000 http://sjm.localhost:3000/dashboardportal/masters/juteSupplierMap @ http://sjm.localhost:3000/_next/static/chunks/217dd_next_dist_9c560571._.js:2297
[  617740ms] [LOG] Detected Host: sjm.localhost:3000 http://sjm.localhost:3000/dashboardportal/masters/juteSupplierMap @ http://sjm.localhost:3000/_next/static/chunks/217dd_next_dist_9c560571._.js:2297
[  617746ms] [LOG] Detected Host: sjm.localhost:3000 http://sjm.localhost:3000/dashboardportal/masters/juteSupplierMap @ http://sjm.localhost:3000/_next/static/chunks/217dd_next_dist_9c560571._.js:2297
[  617855ms] [LOG] Detected Host: sjm.localhost:3000 http://sjm.localhost:3000/dashboardportal/masters/juteSupplierMap @ http://sjm.localhost:3000/_next/static/chunks/217dd_next_dist_9c560571._.js:2297
[  617859ms] [LOG] Detected Host: sjm.localhost:3000 http://sjm.localhost:3000/dashboardportal/masters/juteSupplierMap @ http://sjm.localhost:3000/_next/static/chunks/217dd_next_dist_9c560571._.js:2297
[  617976ms] [LOG] Detected Host: sjm.localhost:3000 http://sjm.localhost:3000/dashboardportal/masters/juteSupplierMap @ http://sjm.localhost:3000/_next/static/chunks/217dd_next_dist_9c560571._.js:2297
[  617981ms] [LOG] Detected Host: sjm.localhost:3000 http://sjm.localhost:3000/dashboardportal/masters/juteSupplierMap @ http://sjm.localhost:3000/_next/static/chunks/217dd_next_dist_9c560571._.js:2297
[  618124ms] [LOG] Detected Host: sjm.localhost:3000 http://sjm.localhost:3000/dashboardportal/masters/juteSupplierMap @ http://sjm.localhost:3000/_next/static/chunks/217dd_next_dist_9c560571._.js:2297
[  618127ms] [LOG] Detected Host: sjm.localhost:3000 http://sjm.localhost:3000/dashboardportal/masters/juteSupplierMap @ http://sjm.localhost:3000/_next/static/chunks/217dd_next_dist_9c560571._.js:2297
[  618204ms] [LOG] Detected Host: sjm.localhost:3000 http://sjm.localhost:3000/dashboardportal/masters/juteSupplierMap @ http://sjm.localhost:3000/_next/static/chunks/217dd_next_dist_9c560571._.js:2297
[  618204ms] [LOG] Detected Host: sjm.localhost:3000 http://sjm.localhost:3000/dashboardportal/masters/juteSupplierMap @ http://sjm.localhost:3000/_next/static/chunks/217dd_next_dist_9c560571._.js:2297
[  618247ms] [LOG] [Fast Refresh] rebuilding @ http://sjm.localhost:3000/_next/static/chunks/217dd_next_dist_9c560571._.js:2297
[  618294ms] [LOG] [Fast Refresh] done in 581ms @ http://sjm.localhost:3000/_next/static/chunks/217dd_next_dist_9c560571._.js:2297
[  618402ms] [LOG] [Fast Refresh] rebuilding @ http://sjm.localhost:3000/_next/static/chunks/217dd_next_dist_9c560571._.js:2297
[  618845ms] [INFO] %cDownload the React DevTools for a better development experience: https://react.dev/link/react-devtools font-weight:bold @ http://sjm.localhost:3000/_next/static/chunks/217dd_next_dist_9c560571._.js:2297
[  618879ms] [LOG] [HMR] connected @ http://sjm.localhost:3000/_next/static/chunks/217dd_next_dist_9c560571._.js:2297
[  619070ms] [LOG] Detected Host: sjm.localhost:3000 http://sjm.localhost:3000/dashboardportal/masters/juteSupplierMaster @ http://sjm.localhost:3000/_next/static/chunks/217dd_next_dist_9c560571._.js:2297
[  619071ms] [LOG] Detected Host: sjm.localhost:3000 http://sjm.localhost:3000/dashboardportal/masters/juteSupplierMaster @ http://sjm.localhost:3000/_next/static/chunks/217dd_next_dist_9c560571._.js:2297
[  619096ms] [LOG] Detected Host: sjm.localhost:3000 http://sjm.localhost:3000/dashboardportal/masters/juteSupplierMaster @ http://sjm.localhost:3000/_next/static/chunks/217dd_next_dist_9c560571._.js:2297
[  619096ms] [LOG] Detected Host: sjm.localhost:3000 http://sjm.localhost:3000/dashboardportal/masters/juteSupplierMaster @ http://sjm.localhost:3000/_next/static/chunks/217dd_next_dist_9c560571._.js:2297
[  619119ms] [LOG] Detected Host: sjm.localhost:3000 http://sjm.localhost:3000/dashboardportal/masters/juteSupplierMaster @ http://sjm.localhost:3000/_next/static/chunks/217dd_next_dist_9c560571._.js:2297
[  619119ms] [LOG] Detected Host: sjm.localhost:3000 http://sjm.localhost:3000/dashboardportal/masters/juteSupplierMaster @ http://sjm.localhost:3000/_next/static/chunks/217dd_next_dist_9c560571._.js:2297
[  619142ms] [LOG] Detected Host: sjm.localhost:3000 http://sjm.localhost:3000/dashboardportal/masters/juteSupplierMaster @ http://sjm.localhost:3000/_next/static/chunks/217dd_next_dist_9c560571._.js:2297
[  619143ms] [LOG] Detected Host: sjm.localhost:3000 http://sjm.localhost:3000/dashboardportal/masters/juteSupplierMaster @ http://sjm.localhost:3000/_next/static/chunks/217dd_next_dist_9c560571._.js:2297
[  619169ms] [LOG] Detected Host: sjm.localhost:3000 http://sjm.localhost:3000/dashboardportal/masters/juteSupplierMaster @ http://sjm.localhost:3000/_next/static/chunks/217dd_next_dist_9c560571._.js:2297
[  619169ms] [LOG] Detected Host: sjm.localhost:3000 http://sjm.localhost:3000/dashboardportal/masters/juteSupplierMaster @ http://sjm.localhost:3000/_next/static/chunks/217dd_next_dist_9c560571._.js:2297
[  619190ms] [LOG] Detected Host: sjm.localhost:3000 http://sjm.localhost:3000/dashboardportal/masters/juteSupplierMaster @ http://sjm.localhost:3000/_next/static/chunks/217dd_next_dist_9c560571._.js:2297
[  619190ms] [LOG] Detected Host: sjm.localhost:3000 http://sjm.localhost:3000/dashboardportal/masters/juteSupplierMaster @ http://sjm.localhost:3000/_next/static/chunks/217dd_next_dist_9c560571._.js:2297
[  619211ms] [LOG] Detected Host: sjm.localhost:3000 http://sjm.localhost:3000/dashboardportal/masters/juteSupplierMaster @ http://sjm.localhost:3000/_next/static/chunks/217dd_next_dist_9c560571._.js:2297
[  619212ms] [LOG] Detected Host: sjm.localhost:3000 http://sjm.localhost:3000/dashboardportal/masters/juteSupplierMaster @ http://sjm.localhost:3000/_next/static/chunks/217dd_next_dist_9c560571._.js:2297
[  619239ms] [LOG] Detected Host: sjm.localhost:3000 http://sjm.localhost:3000/dashboardportal/masters/juteSupplierMaster @ http://sjm.localhost:3000/_next/static/chunks/217dd_next_dist_9c560571._.js:2297
[  619239ms] [LOG] Detected Host: sjm.localhost:3000 http://sjm.localhost:3000/dashboardportal/masters/juteSupplierMaster @ http://sjm.localhost:3000/_next/static/chunks/217dd_next_dist_9c560571._.js:2297
[  619308ms] [LOG] Detected Host: sjm.localhost:3000 http://sjm.localhost:3000/dashboardportal/masters/juteSupplierMaster @ http://sjm.localhost:3000/_next/static/chunks/217dd_next_dist_9c560571._.js:2297
[  619314ms] [LOG] Detected Host: sjm.localhost:3000 http://sjm.localhost:3000/dashboardportal/masters/juteSupplierMaster @ http://sjm.localhost:3000/_next/static/chunks/217dd_next_dist_9c560571._.js:2297
[  619403ms] [LOG] Detected Host: sjm.localhost:3000 http://sjm.localhost:3000/dashboardportal/masters/juteSupplierMaster @ http://sjm.localhost:3000/_next/static/chunks/217dd_next_dist_9c560571._.js:2297
[  619408ms] [LOG] Detected Host: sjm.localhost:3000 http://sjm.localhost:3000/dashboardportal/masters/juteSupplierMaster @ http://sjm.localhost:3000/_next/static/chunks/217dd_next_dist_9c560571._.js:2297
[  619500ms] [LOG] Detected Host: sjm.localhost:3000 http://sjm.localhost:3000/dashboardportal/masters/juteSupplierMaster @ http://sjm.localhost:3000/_next/static/chunks/217dd_next_dist_9c560571._.js:2297
[  619504ms] [LOG] Detected Host: sjm.localhost:3000 http://sjm.localhost:3000/dashboardportal/masters/juteSupplierMaster @ http://sjm.localhost:3000/_next/static/chunks/217dd_next_dist_9c560571._.js:2297
[  619627ms] [LOG] Detected Host: sjm.localhost:3000 http://sjm.localhost:3000/dashboardportal/masters/juteSupplierMaster @ http://sjm.localhost:3000/_next/static/chunks/217dd_next_dist_9c560571._.js:2297
[  619630ms] [LOG] Detected Host: sjm.localhost:3000 http://sjm.localhost:3000/dashboardportal/masters/juteSupplierMaster @ http://sjm.localhost:3000/_next/static/chunks/217dd_next_dist_9c560571._.js:2297
[  619781ms] [LOG] Detected Host: sjm.localhost:3000 http://sjm.localhost:3000/dashboardportal/masters/juteSupplierMaster @ http://sjm.localhost:3000/_next/static/chunks/217dd_next_dist_9c560571._.js:2297
[  619784ms] [LOG] Detected Host: sjm.localhost:3000 http://sjm.localhost:3000/dashboardportal/masters/juteSupplierMaster @ http://sjm.localhost:3000/_next/static/chunks/217dd_next_dist_9c560571._.js:2297
[  620035ms] [LOG] [Fast Refresh] rebuilding @ http://sjm.localhost:3000/_next/static/chunks/217dd_next_dist_9c560571._.js:2297
[  622085ms] [LOG] [Fast Refresh] done in 2151ms @ http://sjm.localhost:3000/_next/static/chunks/217dd_next_dist_9c560571._.js:2297
[  622346ms] [INFO] %cDownload the React DevTools for a better development experience: https://react.dev/link/react-devtools font-weight:bold @ http://sjm.localhost:3000/_next/static/chunks/217dd_next_dist_9c560571._.js:2297
[  622381ms] [LOG] [HMR] connected @ http://sjm.localhost:3000/_next/static/chunks/217dd_next_dist_9c560571._.js:2297
[  622571ms] [LOG] Detected Host: sjm.localhost:3000 http://sjm.localhost:3000/dashboardportal/masters/machinespgdetails @ http://sjm.localhost:3000/_next/static/chunks/217dd_next_dist_9c560571._.js:2297
[  622572ms] [LOG] Detected Host: sjm.localhost:3000 http://sjm.localhost:3000/dashboardportal/masters/machinespgdetails @ http://sjm.localhost:3000/_next/static/chunks/217dd_next_dist_9c560571._.js:2297
[  622599ms] [LOG] Detected Host: sjm.localhost:3000 http://sjm.localhost:3000/dashboardportal/masters/machinespgdetails @ http://sjm.localhost:3000/_next/static/chunks/217dd_next_dist_9c560571._.js:2297
[  622600ms] [LOG] Detected Host: sjm.localhost:3000 http://sjm.localhost:3000/dashboardportal/masters/machinespgdetails @ http://sjm.localhost:3000/_next/static/chunks/217dd_next_dist_9c560571._.js:2297
[  622620ms] [LOG] Detected Host: sjm.localhost:3000 http://sjm.localhost:3000/dashboardportal/masters/machinespgdetails @ http://sjm.localhost:3000/_next/static/chunks/217dd_next_dist_9c560571._.js:2297
[  622621ms] [LOG] Detected Host: sjm.localhost:3000 http://sjm.localhost:3000/dashboardportal/masters/machinespgdetails @ http://sjm.localhost:3000/_next/static/chunks/217dd_next_dist_9c560571._.js:2297
[  622646ms] [LOG] Detected Host: sjm.localhost:3000 http://sjm.localhost:3000/dashboardportal/masters/machinespgdetails @ http://sjm.localhost:3000/_next/static/chunks/217dd_next_dist_9c560571._.js:2297
[  622647ms] [LOG] Detected Host: sjm.localhost:3000 http://sjm.localhost:3000/dashboardportal/masters/machinespgdetails @ http://sjm.localhost:3000/_next/static/chunks/217dd_next_dist_9c560571._.js:2297
[  622672ms] [LOG] Detected Host: sjm.localhost:3000 http://sjm.localhost:3000/dashboardportal/masters/machinespgdetails @ http://sjm.localhost:3000/_next/static/chunks/217dd_next_dist_9c560571._.js:2297
[  622672ms] [LOG] Detected Host: sjm.localhost:3000 http://sjm.localhost:3000/dashboardportal/masters/machinespgdetails @ http://sjm.localhost:3000/_next/static/chunks/217dd_next_dist_9c560571._.js:2297
[  622693ms] [LOG] Detected Host: sjm.localhost:3000 http://sjm.localhost:3000/dashboardportal/masters/machinespgdetails @ http://sjm.localhost:3000/_next/static/chunks/217dd_next_dist_9c560571._.js:2297
[  622693ms] [LOG] Detected Host: sjm.localhost:3000 http://sjm.localhost:3000/dashboardportal/masters/machinespgdetails @ http://sjm.localhost:3000/_next/static/chunks/217dd_next_dist_9c560571._.js:2297
[  622718ms] [LOG] Detected Host: sjm.localhost:3000 http://sjm.localhost:3000/dashboardportal/masters/machinespgdetails @ http://sjm.localhost:3000/_next/static/chunks/217dd_next_dist_9c560571._.js:2297
[  622718ms] [LOG] Detected Host: sjm.localhost:3000 http://sjm.localhost:3000/dashboardportal/masters/machinespgdetails @ http://sjm.localhost:3000/_next/static/chunks/217dd_next_dist_9c560571._.js:2297
[  622793ms] [LOG] Detected Host: sjm.localhost:3000 http://sjm.localhost:3000/dashboardportal/masters/machinespgdetails @ http://sjm.localhost:3000/_next/static/chunks/217dd_next_dist_9c560571._.js:2297
[  622799ms] [LOG] Detected Host: sjm.localhost:3000 http://sjm.localhost:3000/dashboardportal/masters/machinespgdetails @ http://sjm.localhost:3000/_next/static/chunks/217dd_next_dist_9c560571._.js:2297
[  622891ms] [LOG] Detected Host: sjm.localhost:3000 http://sjm.localhost:3000/dashboardportal/masters/machinespgdetails @ http://sjm.localhost:3000/_next/static/chunks/217dd_next_dist_9c560571._.js:2297
[  622897ms] [LOG] Detected Host: sjm.localhost:3000 http://sjm.localhost:3000/dashboardportal/masters/machinespgdetails @ http://sjm.localhost:3000/_next/static/chunks/217dd_next_dist_9c560571._.js:2297
[  623011ms] [LOG] Detected Host: sjm.localhost:3000 http://sjm.localhost:3000/dashboardportal/masters/machinespgdetails @ http://sjm.localhost:3000/_next/static/chunks/217dd_next_dist_9c560571._.js:2297
[  623015ms] [LOG] Detected Host: sjm.localhost:3000 http://sjm.localhost:3000/dashboardportal/masters/machinespgdetails @ http://sjm.localhost:3000/_next/static/chunks/217dd_next_dist_9c560571._.js:2297
[  623190ms] [LOG] Detected Host: sjm.localhost:3000 http://sjm.localhost:3000/dashboardportal/masters/machinespgdetails @ http://sjm.localhost:3000/_next/static/chunks/217dd_next_dist_9c560571._.js:2297
[  623194ms] [LOG] Detected Host: sjm.localhost:3000 http://sjm.localhost:3000/dashboardportal/masters/machinespgdetails @ http://sjm.localhost:3000/_next/static/chunks/217dd_next_dist_9c560571._.js:2297
[  623289ms] [LOG] Detected Host: sjm.localhost:3000 http://sjm.localhost:3000/dashboardportal/masters/machinespgdetails @ http://sjm.localhost:3000/_next/static/chunks/217dd_next_dist_9c560571._.js:2297
[  623290ms] [LOG] Detected Host: sjm.localhost:3000 http://sjm.localhost:3000/dashboardportal/masters/machinespgdetails @ http://sjm.localhost:3000/_next/static/chunks/217dd_next_dist_9c560571._.js:2297
[  623343ms] [LOG] [Fast Refresh] rebuilding @ http://sjm.localhost:3000/_next/static/chunks/217dd_next_dist_9c560571._.js:2297
[  625704ms] [LOG] [Fast Refresh] done in 2947ms @ http://sjm.localhost:3000/_next/static/chunks/217dd_next_dist_9c560571._.js:2297
[  625911ms] [INFO] %cDownload the React DevTools for a better development experience: https://react.dev/link/react-devtools font-weight:bold @ http://sjm.localhost:3000/_next/static/chunks/217dd_next_dist_9c560571._.js:2297
[  625944ms] [LOG] [HMR] connected @ http://sjm.localhost:3000/_next/static/chunks/217dd_next_dist_9c560571._.js:2297
[  626131ms] [LOG] Detected Host: sjm.localhost:3000 http://sjm.localhost:3000/dashboardportal/masters/machineTypeMaster @ http://sjm.localhost:3000/_next/static/chunks/217dd_next_dist_9c560571._.js:2297
[  626132ms] [LOG] Detected Host: sjm.localhost:3000 http://sjm.localhost:3000/dashboardportal/masters/machineTypeMaster @ http://sjm.localhost:3000/_next/static/chunks/217dd_next_dist_9c560571._.js:2297
[  626158ms] [LOG] Detected Host: sjm.localhost:3000 http://sjm.localhost:3000/dashboardportal/masters/machineTypeMaster @ http://sjm.localhost:3000/_next/static/chunks/217dd_next_dist_9c560571._.js:2297
[  626158ms] [LOG] Detected Host: sjm.localhost:3000 http://sjm.localhost:3000/dashboardportal/masters/machineTypeMaster @ http://sjm.localhost:3000/_next/static/chunks/217dd_next_dist_9c560571._.js:2297
[  626178ms] [LOG] Detected Host: sjm.localhost:3000 http://sjm.localhost:3000/dashboardportal/masters/machineTypeMaster @ http://sjm.localhost:3000/_next/static/chunks/217dd_next_dist_9c560571._.js:2297
[  626179ms] [LOG] Detected Host: sjm.localhost:3000 http://sjm.localhost:3000/dashboardportal/masters/machineTypeMaster @ http://sjm.localhost:3000/_next/static/chunks/217dd_next_dist_9c560571._.js:2297
[  626202ms] [LOG] Detected Host: sjm.localhost:3000 http://sjm.localhost:3000/dashboardportal/masters/machineTypeMaster @ http://sjm.localhost:3000/_next/static/chunks/217dd_next_dist_9c560571._.js:2297
[  626203ms] [LOG] Detected Host: sjm.localhost:3000 http://sjm.localhost:3000/dashboardportal/masters/machineTypeMaster @ http://sjm.localhost:3000/_next/static/chunks/217dd_next_dist_9c560571._.js:2297
[  626227ms] [LOG] Detected Host: sjm.localhost:3000 http://sjm.localhost:3000/dashboardportal/masters/machineTypeMaster @ http://sjm.localhost:3000/_next/static/chunks/217dd_next_dist_9c560571._.js:2297
[  626228ms] [LOG] Detected Host: sjm.localhost:3000 http://sjm.localhost:3000/dashboardportal/masters/machineTypeMaster @ http://sjm.localhost:3000/_next/static/chunks/217dd_next_dist_9c560571._.js:2297
[  626255ms] [LOG] Detected Host: sjm.localhost:3000 http://sjm.localhost:3000/dashboardportal/masters/machineTypeMaster @ http://sjm.localhost:3000/_next/static/chunks/217dd_next_dist_9c560571._.js:2297
[  626256ms] [LOG] Detected Host: sjm.localhost:3000 http://sjm.localhost:3000/dashboardportal/masters/machineTypeMaster @ http://sjm.localhost:3000/_next/static/chunks/217dd_next_dist_9c560571._.js:2297
[  626278ms] [LOG] Detected Host: sjm.localhost:3000 http://sjm.localhost:3000/dashboardportal/masters/machineTypeMaster @ http://sjm.localhost:3000/_next/static/chunks/217dd_next_dist_9c560571._.js:2297
[  626279ms] [LOG] Detected Host: sjm.localhost:3000 http://sjm.localhost:3000/dashboardportal/masters/machineTypeMaster @ http://sjm.localhost:3000/_next/static/chunks/217dd_next_dist_9c560571._.js:2297
[  626361ms] [LOG] Detected Host: sjm.localhost:3000 http://sjm.localhost:3000/dashboardportal/masters/machineTypeMaster @ http://sjm.localhost:3000/_next/static/chunks/217dd_next_dist_9c560571._.js:2297
[  626369ms] [LOG] Detected Host: sjm.localhost:3000 http://sjm.localhost:3000/dashboardportal/masters/machineTypeMaster @ http://sjm.localhost:3000/_next/static/chunks/217dd_next_dist_9c560571._.js:2297
[  626456ms] [LOG] Detected Host: sjm.localhost:3000 http://sjm.localhost:3000/dashboardportal/masters/machineTypeMaster @ http://sjm.localhost:3000/_next/static/chunks/217dd_next_dist_9c560571._.js:2297
[  626460ms] [LOG] Detected Host: sjm.localhost:3000 http://sjm.localhost:3000/dashboardportal/masters/machineTypeMaster @ http://sjm.localhost:3000/_next/static/chunks/217dd_next_dist_9c560571._.js:2297
[  626569ms] [LOG] Detected Host: sjm.localhost:3000 http://sjm.localhost:3000/dashboardportal/masters/machineTypeMaster @ http://sjm.localhost:3000/_next/static/chunks/217dd_next_dist_9c560571._.js:2297
[  626573ms] [LOG] Detected Host: sjm.localhost:3000 http://sjm.localhost:3000/dashboardportal/masters/machineTypeMaster @ http://sjm.localhost:3000/_next/static/chunks/217dd_next_dist_9c560571._.js:2297
[  626678ms] [LOG] Detected Host: sjm.localhost:3000 http://sjm.localhost:3000/dashboardportal/masters/machineTypeMaster @ http://sjm.localhost:3000/_next/static/chunks/217dd_next_dist_9c560571._.js:2297
[  626682ms] [LOG] Detected Host: sjm.localhost:3000 http://sjm.localhost:3000/dashboardportal/masters/machineTypeMaster @ http://sjm.localhost:3000/_next/static/chunks/217dd_next_dist_9c560571._.js:2297
[  626798ms] [LOG] Detected Host: sjm.localhost:3000 http://sjm.localhost:3000/dashboardportal/masters/machineTypeMaster @ http://sjm.localhost:3000/_next/static/chunks/217dd_next_dist_9c560571._.js:2297
[  626801ms] [LOG] Detected Host: sjm.localhost:3000 http://sjm.localhost:3000/dashboardportal/masters/machineTypeMaster @ http://sjm.localhost:3000/_next/static/chunks/217dd_next_dist_9c560571._.js:2297
[  627015ms] [LOG] [Fast Refresh] rebuilding @ http://sjm.localhost:3000/_next/static/chunks/217dd_next_dist_9c560571._.js:2297
[  629040ms] [LOG] [Fast Refresh] done in 2138ms @ http://sjm.localhost:3000/_next/static/chunks/217dd_next_dist_9c560571._.js:2297
[  629315ms] [INFO] %cDownload the React DevTools for a better development experience: https://react.dev/link/react-devtools font-weight:bold @ http://sjm.localhost:3000/_next/static/chunks/217dd_next_dist_9c560571._.js:2297
[  629355ms] [LOG] [HMR] connected @ http://sjm.localhost:3000/_next/static/chunks/217dd_next_dist_9c560571._.js:2297
[  629520ms] [LOG] Detected Host: sjm.localhost:3000 http://sjm.localhost:3000/dashboardportal/masters/mechineMaster @ http://sjm.localhost:3000/_next/static/chunks/217dd_next_dist_9c560571._.js:2297
[  629521ms] [LOG] Detected Host: sjm.localhost:3000 http://sjm.localhost:3000/dashboardportal/masters/mechineMaster @ http://sjm.localhost:3000/_next/static/chunks/217dd_next_dist_9c560571._.js:2297
[  629548ms] [LOG] Detected Host: sjm.localhost:3000 http://sjm.localhost:3000/dashboardportal/masters/mechineMaster @ http://sjm.localhost:3000/_next/static/chunks/217dd_next_dist_9c560571._.js:2297
[  629549ms] [LOG] Detected Host: sjm.localhost:3000 http://sjm.localhost:3000/dashboardportal/masters/mechineMaster @ http://sjm.localhost:3000/_next/static/chunks/217dd_next_dist_9c560571._.js:2297
[  629570ms] [LOG] Detected Host: sjm.localhost:3000 http://sjm.localhost:3000/dashboardportal/masters/mechineMaster @ http://sjm.localhost:3000/_next/static/chunks/217dd_next_dist_9c560571._.js:2297
[  629571ms] [LOG] Detected Host: sjm.localhost:3000 http://sjm.localhost:3000/dashboardportal/masters/mechineMaster @ http://sjm.localhost:3000/_next/static/chunks/217dd_next_dist_9c560571._.js:2297
[  629593ms] [LOG] Detected Host: sjm.localhost:3000 http://sjm.localhost:3000/dashboardportal/masters/mechineMaster @ http://sjm.localhost:3000/_next/static/chunks/217dd_next_dist_9c560571._.js:2297
[  629594ms] [LOG] Detected Host: sjm.localhost:3000 http://sjm.localhost:3000/dashboardportal/masters/mechineMaster @ http://sjm.localhost:3000/_next/static/chunks/217dd_next_dist_9c560571._.js:2297
[  629618ms] [LOG] Detected Host: sjm.localhost:3000 http://sjm.localhost:3000/dashboardportal/masters/mechineMaster @ http://sjm.localhost:3000/_next/static/chunks/217dd_next_dist_9c560571._.js:2297
[  629618ms] [LOG] Detected Host: sjm.localhost:3000 http://sjm.localhost:3000/dashboardportal/masters/mechineMaster @ http://sjm.localhost:3000/_next/static/chunks/217dd_next_dist_9c560571._.js:2297
[  629644ms] [LOG] Detected Host: sjm.localhost:3000 http://sjm.localhost:3000/dashboardportal/masters/mechineMaster @ http://sjm.localhost:3000/_next/static/chunks/217dd_next_dist_9c560571._.js:2297
[  629644ms] [LOG] Detected Host: sjm.localhost:3000 http://sjm.localhost:3000/dashboardportal/masters/mechineMaster @ http://sjm.localhost:3000/_next/static/chunks/217dd_next_dist_9c560571._.js:2297
[  629671ms] [LOG] Detected Host: sjm.localhost:3000 http://sjm.localhost:3000/dashboardportal/masters/mechineMaster @ http://sjm.localhost:3000/_next/static/chunks/217dd_next_dist_9c560571._.js:2297
[  629671ms] [LOG] Detected Host: sjm.localhost:3000 http://sjm.localhost:3000/dashboardportal/masters/mechineMaster @ http://sjm.localhost:3000/_next/static/chunks/217dd_next_dist_9c560571._.js:2297
[  629695ms] [LOG] Detected Host: sjm.localhost:3000 http://sjm.localhost:3000/dashboardportal/masters/mechineMaster @ http://sjm.localhost:3000/_next/static/chunks/217dd_next_dist_9c560571._.js:2297
[  629696ms] [LOG] Detected Host: sjm.localhost:3000 http://sjm.localhost:3000/dashboardportal/masters/mechineMaster @ http://sjm.localhost:3000/_next/static/chunks/217dd_next_dist_9c560571._.js:2297
[  629777ms] [LOG] Detected Host: sjm.localhost:3000 http://sjm.localhost:3000/dashboardportal/masters/mechineMaster @ http://sjm.localhost:3000/_next/static/chunks/217dd_next_dist_9c560571._.js:2297
[  629783ms] [LOG] Detected Host: sjm.localhost:3000 http://sjm.localhost:3000/dashboardportal/masters/mechineMaster @ http://sjm.localhost:3000/_next/static/chunks/217dd_next_dist_9c560571._.js:2297
[  629869ms] [LOG] Detected Host: sjm.localhost:3000 http://sjm.localhost:3000/dashboardportal/masters/mechineMaster @ http://sjm.localhost:3000/_next/static/chunks/217dd_next_dist_9c560571._.js:2297
[  629874ms] [LOG] Detected Host: sjm.localhost:3000 http://sjm.localhost:3000/dashboardportal/masters/mechineMaster @ http://sjm.localhost:3000/_next/static/chunks/217dd_next_dist_9c560571._.js:2297
[  630005ms] [LOG] Detected Host: sjm.localhost:3000 http://sjm.localhost:3000/dashboardportal/masters/mechineMaster @ http://sjm.localhost:3000/_next/static/chunks/217dd_next_dist_9c560571._.js:2297
[  630011ms] [LOG] Detected Host: sjm.localhost:3000 http://sjm.localhost:3000/dashboardportal/masters/mechineMaster @ http://sjm.localhost:3000/_next/static/chunks/217dd_next_dist_9c560571._.js:2297
[  630167ms] [LOG] Detected Host: sjm.localhost:3000 http://sjm.localhost:3000/dashboardportal/masters/mechineMaster @ http://sjm.localhost:3000/_next/static/chunks/217dd_next_dist_9c560571._.js:2297
[  630170ms] [LOG] Detected Host: sjm.localhost:3000 http://sjm.localhost:3000/dashboardportal/masters/mechineMaster @ http://sjm.localhost:3000/_next/static/chunks/217dd_next_dist_9c560571._.js:2297
[  630268ms] [LOG] Detected Host: sjm.localhost:3000 http://sjm.localhost:3000/dashboardportal/masters/mechineMaster @ http://sjm.localhost:3000/_next/static/chunks/217dd_next_dist_9c560571._.js:2297
[  630268ms] [LOG] Detected Host: sjm.localhost:3000 http://sjm.localhost:3000/dashboardportal/masters/mechineMaster @ http://sjm.localhost:3000/_next/static/chunks/217dd_next_dist_9c560571._.js:2297
[  630496ms] [LOG] [Fast Refresh] rebuilding @ http://sjm.localhost:3000/_next/static/chunks/217dd_next_dist_9c560571._.js:2297
[  633478ms] [LOG] [Fast Refresh] done in 3084ms @ http://sjm.localhost:3000/_next/static/chunks/217dd_next_dist_9c560571._.js:2297
[  633589ms] [LOG] [Fast Refresh] rebuilding @ http://sjm.localhost:3000/_next/static/chunks/217dd_next_dist_9c560571._.js:2297
[  633962ms] [INFO] %cDownload the React DevTools for a better development experience: https://react.dev/link/react-devtools font-weight:bold @ http://sjm.localhost:3000/_next/static/chunks/217dd_next_dist_9c560571._.js:2297
[  634004ms] [LOG] [HMR] connected @ http://sjm.localhost:3000/_next/static/chunks/217dd_next_dist_9c560571._.js:2297
[  634207ms] [LOG] Detected Host: sjm.localhost:3000 http://sjm.localhost:3000/dashboardportal/masters/partyMaster @ http://sjm.localhost:3000/_next/static/chunks/217dd_next_dist_9c560571._.js:2297
[  634208ms] [LOG] Detected Host: sjm.localhost:3000 http://sjm.localhost:3000/dashboardportal/masters/partyMaster @ http://sjm.localhost:3000/_next/static/chunks/217dd_next_dist_9c560571._.js:2297
[  634230ms] [LOG] Detected Host: sjm.localhost:3000 http://sjm.localhost:3000/dashboardportal/masters/partyMaster @ http://sjm.localhost:3000/_next/static/chunks/217dd_next_dist_9c560571._.js:2297
[  634231ms] [LOG] Detected Host: sjm.localhost:3000 http://sjm.localhost:3000/dashboardportal/masters/partyMaster @ http://sjm.localhost:3000/_next/static/chunks/217dd_next_dist_9c560571._.js:2297
[  634255ms] [LOG] Detected Host: sjm.localhost:3000 http://sjm.localhost:3000/dashboardportal/masters/partyMaster @ http://sjm.localhost:3000/_next/static/chunks/217dd_next_dist_9c560571._.js:2297
[  634255ms] [LOG] Detected Host: sjm.localhost:3000 http://sjm.localhost:3000/dashboardportal/masters/partyMaster @ http://sjm.localhost:3000/_next/static/chunks/217dd_next_dist_9c560571._.js:2297
[  634278ms] [LOG] Detected Host: sjm.localhost:3000 http://sjm.localhost:3000/dashboardportal/masters/partyMaster @ http://sjm.localhost:3000/_next/static/chunks/217dd_next_dist_9c560571._.js:2297
[  634279ms] [LOG] Detected Host: sjm.localhost:3000 http://sjm.localhost:3000/dashboardportal/masters/partyMaster @ http://sjm.localhost:3000/_next/static/chunks/217dd_next_dist_9c560571._.js:2297
[  634302ms] [LOG] Detected Host: sjm.localhost:3000 http://sjm.localhost:3000/dashboardportal/masters/partyMaster @ http://sjm.localhost:3000/_next/static/chunks/217dd_next_dist_9c560571._.js:2297
[  634302ms] [LOG] Detected Host: sjm.localhost:3000 http://sjm.localhost:3000/dashboardportal/masters/partyMaster @ http://sjm.localhost:3000/_next/static/chunks/217dd_next_dist_9c560571._.js:2297
[  634323ms] [LOG] Detected Host: sjm.localhost:3000 http://sjm.localhost:3000/dashboardportal/masters/partyMaster @ http://sjm.localhost:3000/_next/static/chunks/217dd_next_dist_9c560571._.js:2297
[  634323ms] [LOG] Detected Host: sjm.localhost:3000 http://sjm.localhost:3000/dashboardportal/masters/partyMaster @ http://sjm.localhost:3000/_next/static/chunks/217dd_next_dist_9c560571._.js:2297
[  634351ms] [LOG] Detected Host: sjm.localhost:3000 http://sjm.localhost:3000/dashboardportal/masters/partyMaster @ http://sjm.localhost:3000/_next/static/chunks/217dd_next_dist_9c560571._.js:2297
[  634352ms] [LOG] Detected Host: sjm.localhost:3000 http://sjm.localhost:3000/dashboardportal/masters/partyMaster @ http://sjm.localhost:3000/_next/static/chunks/217dd_next_dist_9c560571._.js:2297
[  634375ms] [LOG] Detected Host: sjm.localhost:3000 http://sjm.localhost:3000/dashboardportal/masters/partyMaster @ http://sjm.localhost:3000/_next/static/chunks/217dd_next_dist_9c560571._.js:2297
[  634376ms] [LOG] Detected Host: sjm.localhost:3000 http://sjm.localhost:3000/dashboardportal/masters/partyMaster @ http://sjm.localhost:3000/_next/static/chunks/217dd_next_dist_9c560571._.js:2297
[  634451ms] [LOG] Detected Host: sjm.localhost:3000 http://sjm.localhost:3000/dashboardportal/masters/partyMaster @ http://sjm.localhost:3000/_next/static/chunks/217dd_next_dist_9c560571._.js:2297
[  634456ms] [LOG] Detected Host: sjm.localhost:3000 http://sjm.localhost:3000/dashboardportal/masters/partyMaster @ http://sjm.localhost:3000/_next/static/chunks/217dd_next_dist_9c560571._.js:2297
[  634540ms] [LOG] Detected Host: sjm.localhost:3000 http://sjm.localhost:3000/dashboardportal/masters/partyMaster @ http://sjm.localhost:3000/_next/static/chunks/217dd_next_dist_9c560571._.js:2297
[  634545ms] [LOG] Detected Host: sjm.localhost:3000 http://sjm.localhost:3000/dashboardportal/masters/partyMaster @ http://sjm.localhost:3000/_next/static/chunks/217dd_next_dist_9c560571._.js:2297
[  634656ms] [LOG] Detected Host: sjm.localhost:3000 http://sjm.localhost:3000/dashboardportal/masters/partyMaster @ http://sjm.localhost:3000/_next/static/chunks/217dd_next_dist_9c560571._.js:2297
[  634661ms] [LOG] Detected Host: sjm.localhost:3000 http://sjm.localhost:3000/dashboardportal/masters/partyMaster @ http://sjm.localhost:3000/_next/static/chunks/217dd_next_dist_9c560571._.js:2297
[  634824ms] [LOG] Detected Host: sjm.localhost:3000 http://sjm.localhost:3000/dashboardportal/masters/partyMaster @ http://sjm.localhost:3000/_next/static/chunks/217dd_next_dist_9c560571._.js:2297
[  634825ms] [LOG] Detected Host: sjm.localhost:3000 http://sjm.localhost:3000/dashboardportal/masters/partyMaster @ http://sjm.localhost:3000/_next/static/chunks/217dd_next_dist_9c560571._.js:2297
[  634904ms] [LOG] Detected Host: sjm.localhost:3000 http://sjm.localhost:3000/dashboardportal/masters/partyMaster @ http://sjm.localhost:3000/_next/static/chunks/217dd_next_dist_9c560571._.js:2297
[  634905ms] [LOG] Detected Host: sjm.localhost:3000 http://sjm.localhost:3000/dashboardportal/masters/partyMaster @ http://sjm.localhost:3000/_next/static/chunks/217dd_next_dist_9c560571._.js:2297
[  634953ms] [LOG] [Fast Refresh] rebuilding @ http://sjm.localhost:3000/_next/static/chunks/217dd_next_dist_9c560571._.js:2297
[  634959ms] [LOG] [Fast Refresh] done in 540ms @ http://sjm.localhost:3000/_next/static/chunks/217dd_next_dist_9c560571._.js:2297
[  635111ms] [LOG] [Fast Refresh] rebuilding @ http://sjm.localhost:3000/_next/static/chunks/217dd_next_dist_9c560571._.js:2297
[  635349ms] [LOG] [Fast Refresh] done in 346ms @ http://sjm.localhost:3000/_next/static/chunks/217dd_next_dist_9c560571._.js:2297
[  635662ms] [INFO] %cDownload the React DevTools for a better development experience: https://react.dev/link/react-devtools font-weight:bold @ http://sjm.localhost:3000/_next/static/chunks/217dd_next_dist_9c560571._.js:2297
[  635702ms] [LOG] [HMR] connected @ http://sjm.localhost:3000/_next/static/chunks/217dd_next_dist_9c560571._.js:2297
[  635973ms] [LOG] Detected Host: sjm.localhost:3000 http://sjm.localhost:3000/dashboardportal/masters/shiftMaster @ http://sjm.localhost:3000/_next/static/chunks/217dd_next_dist_9c560571._.js:2297
[  635974ms] [LOG] Detected Host: sjm.localhost:3000 http://sjm.localhost:3000/dashboardportal/masters/shiftMaster @ http://sjm.localhost:3000/_next/static/chunks/217dd_next_dist_9c560571._.js:2297
[  636002ms] [LOG] Detected Host: sjm.localhost:3000 http://sjm.localhost:3000/dashboardportal/masters/shiftMaster @ http://sjm.localhost:3000/_next/static/chunks/217dd_next_dist_9c560571._.js:2297
[  636003ms] [LOG] Detected Host: sjm.localhost:3000 http://sjm.localhost:3000/dashboardportal/masters/shiftMaster @ http://sjm.localhost:3000/_next/static/chunks/217dd_next_dist_9c560571._.js:2297
[  636027ms] [LOG] Detected Host: sjm.localhost:3000 http://sjm.localhost:3000/dashboardportal/masters/shiftMaster @ http://sjm.localhost:3000/_next/static/chunks/217dd_next_dist_9c560571._.js:2297
[  636028ms] [LOG] Detected Host: sjm.localhost:3000 http://sjm.localhost:3000/dashboardportal/masters/shiftMaster @ http://sjm.localhost:3000/_next/static/chunks/217dd_next_dist_9c560571._.js:2297
[  636052ms] [LOG] Detected Host: sjm.localhost:3000 http://sjm.localhost:3000/dashboardportal/masters/shiftMaster @ http://sjm.localhost:3000/_next/static/chunks/217dd_next_dist_9c560571._.js:2297
[  636053ms] [LOG] Detected Host: sjm.localhost:3000 http://sjm.localhost:3000/dashboardportal/masters/shiftMaster @ http://sjm.localhost:3000/_next/static/chunks/217dd_next_dist_9c560571._.js:2297
[  636080ms] [LOG] Detected Host: sjm.localhost:3000 http://sjm.localhost:3000/dashboardportal/masters/shiftMaster @ http://sjm.localhost:3000/_next/static/chunks/217dd_next_dist_9c560571._.js:2297
[  636081ms] [LOG] Detected Host: sjm.localhost:3000 http://sjm.localhost:3000/dashboardportal/masters/shiftMaster @ http://sjm.localhost:3000/_next/static/chunks/217dd_next_dist_9c560571._.js:2297
[  636101ms] [LOG] Detected Host: sjm.localhost:3000 http://sjm.localhost:3000/dashboardportal/masters/shiftMaster @ http://sjm.localhost:3000/_next/static/chunks/217dd_next_dist_9c560571._.js:2297
[  636101ms] [LOG] Detected Host: sjm.localhost:3000 http://sjm.localhost:3000/dashboardportal/masters/shiftMaster @ http://sjm.localhost:3000/_next/static/chunks/217dd_next_dist_9c560571._.js:2297
[  636122ms] [LOG] Detected Host: sjm.localhost:3000 http://sjm.localhost:3000/dashboardportal/masters/shiftMaster @ http://sjm.localhost:3000/_next/static/chunks/217dd_next_dist_9c560571._.js:2297
[  636122ms] [LOG] Detected Host: sjm.localhost:3000 http://sjm.localhost:3000/dashboardportal/masters/shiftMaster @ http://sjm.localhost:3000/_next/static/chunks/217dd_next_dist_9c560571._.js:2297
[  636142ms] [LOG] Detected Host: sjm.localhost:3000 http://sjm.localhost:3000/dashboardportal/masters/shiftMaster @ http://sjm.localhost:3000/_next/static/chunks/217dd_next_dist_9c560571._.js:2297
[  636143ms] [LOG] Detected Host: sjm.localhost:3000 http://sjm.localhost:3000/dashboardportal/masters/shiftMaster @ http://sjm.localhost:3000/_next/static/chunks/217dd_next_dist_9c560571._.js:2297
[  636163ms] [LOG] Detected Host: sjm.localhost:3000 http://sjm.localhost:3000/dashboardportal/masters/shiftMaster @ http://sjm.localhost:3000/_next/static/chunks/217dd_next_dist_9c560571._.js:2297
[  636164ms] [LOG] Detected Host: sjm.localhost:3000 http://sjm.localhost:3000/dashboardportal/masters/shiftMaster @ http://sjm.localhost:3000/_next/static/chunks/217dd_next_dist_9c560571._.js:2297
[  636188ms] [LOG] Detected Host: sjm.localhost:3000 http://sjm.localhost:3000/dashboardportal/masters/shiftMaster @ http://sjm.localhost:3000/_next/static/chunks/217dd_next_dist_9c560571._.js:2297
[  636188ms] [LOG] Detected Host: sjm.localhost:3000 http://sjm.localhost:3000/dashboardportal/masters/shiftMaster @ http://sjm.localhost:3000/_next/static/chunks/217dd_next_dist_9c560571._.js:2297
[  636207ms] [LOG] Detected Host: sjm.localhost:3000 http://sjm.localhost:3000/dashboardportal/masters/shiftMaster @ http://sjm.localhost:3000/_next/static/chunks/217dd_next_dist_9c560571._.js:2297
[  636208ms] [LOG] Detected Host: sjm.localhost:3000 http://sjm.localhost:3000/dashboardportal/masters/shiftMaster @ http://sjm.localhost:3000/_next/static/chunks/217dd_next_dist_9c560571._.js:2297
[  636228ms] [LOG] Detected Host: sjm.localhost:3000 http://sjm.localhost:3000/dashboardportal/masters/shiftMaster @ http://sjm.localhost:3000/_next/static/chunks/217dd_next_dist_9c560571._.js:2297
[  636229ms] [LOG] Detected Host: sjm.localhost:3000 http://sjm.localhost:3000/dashboardportal/masters/shiftMaster @ http://sjm.localhost:3000/_next/static/chunks/217dd_next_dist_9c560571._.js:2297
[  636247ms] [LOG] Detected Host: sjm.localhost:3000 http://sjm.localhost:3000/dashboardportal/masters/shiftMaster @ http://sjm.localhost:3000/_next/static/chunks/217dd_next_dist_9c560571._.js:2297
[  636248ms] [LOG] Detected Host: sjm.localhost:3000 http://sjm.localhost:3000/dashboardportal/masters/shiftMaster @ http://sjm.localhost:3000/_next/static/chunks/217dd_next_dist_9c560571._.js:2297
[  636256ms] [LOG] [Fast Refresh] rebuilding @ http://sjm.localhost:3000/_next/static/chunks/217dd_next_dist_9c560571._.js:2297
[  636267ms] [LOG] Detected Host: sjm.localhost:3000 http://sjm.localhost:3000/dashboardportal/masters/shiftMaster @ http://sjm.localhost:3000/_next/static/chunks/217dd_next_dist_9c560571._.js:2297
[  636268ms] [LOG] Detected Host: sjm.localhost:3000 http://sjm.localhost:3000/dashboardportal/masters/shiftMaster @ http://sjm.localhost:3000/_next/static/chunks/217dd_next_dist_9c560571._.js:2297
[  636290ms] [LOG] Detected Host: sjm.localhost:3000 http://sjm.localhost:3000/dashboardportal/masters/shiftMaster @ http://sjm.localhost:3000/_next/static/chunks/217dd_next_dist_9c560571._.js:2297
[  636291ms] [LOG] Detected Host: sjm.localhost:3000 http://sjm.localhost:3000/dashboardportal/masters/shiftMaster @ http://sjm.localhost:3000/_next/static/chunks/217dd_next_dist_9c560571._.js:2297
[  636324ms] [LOG] Detected Host: sjm.localhost:3000 http://sjm.localhost:3000/dashboardportal/masters/shiftMaster @ http://sjm.localhost:3000/_next/static/chunks/217dd_next_dist_9c560571._.js:2297
[  636324ms] [LOG] Detected Host: sjm.localhost:3000 http://sjm.localhost:3000/dashboardportal/masters/shiftMaster @ http://sjm.localhost:3000/_next/static/chunks/217dd_next_dist_9c560571._.js:2297
[  636338ms] [LOG] [Fast Refresh] done in 186ms @ http://sjm.localhost:3000/_next/static/chunks/217dd_next_dist_9c560571._.js:2297
[  636342ms] [LOG] Detected Host: sjm.localhost:3000 http://sjm.localhost:3000/dashboardportal/masters/shiftMaster @ http://sjm.localhost:3000/_next/static/chunks/217dd_next_dist_9c560571._.js:2297
[  636343ms] [LOG] Detected Host: sjm.localhost:3000 http://sjm.localhost:3000/dashboardportal/masters/shiftMaster @ http://sjm.localhost:3000/_next/static/chunks/217dd_next_dist_9c560571._.js:2297
[  636369ms] [LOG] Detected Host: sjm.localhost:3000 http://sjm.localhost:3000/dashboardportal/masters/shiftMaster @ http://sjm.localhost:3000/_next/static/chunks/217dd_next_dist_9c560571._.js:2297
[  636370ms] [LOG] Detected Host: sjm.localhost:3000 http://sjm.localhost:3000/dashboardportal/masters/shiftMaster @ http://sjm.localhost:3000/_next/static/chunks/217dd_next_dist_9c560571._.js:2297
[  636390ms] [LOG] Detected Host: sjm.localhost:3000 http://sjm.localhost:3000/dashboardportal/masters/shiftMaster @ http://sjm.localhost:3000/_next/static/chunks/217dd_next_dist_9c560571._.js:2297
[  636390ms] [LOG] Detected Host: sjm.localhost:3000 http://sjm.localhost:3000/dashboardportal/masters/shiftMaster @ http://sjm.localhost:3000/_next/static/chunks/217dd_next_dist_9c560571._.js:2297
[  636414ms] [LOG] Detected Host: sjm.localhost:3000 http://sjm.localhost:3000/dashboardportal/masters/shiftMaster @ http://sjm.localhost:3000/_next/static/chunks/217dd_next_dist_9c560571._.js:2297
[  636415ms] [LOG] Detected Host: sjm.localhost:3000 http://sjm.localhost:3000/dashboardportal/masters/shiftMaster @ http://sjm.localhost:3000/_next/static/chunks/217dd_next_dist_9c560571._.js:2297
[  636438ms] [LOG] Detected Host: sjm.localhost:3000 http://sjm.localhost:3000/dashboardportal/masters/shiftMaster @ http://sjm.localhost:3000/_next/static/chunks/217dd_next_dist_9c560571._.js:2297
[  636438ms] [LOG] Detected Host: sjm.localhost:3000 http://sjm.localhost:3000/dashboardportal/masters/shiftMaster @ http://sjm.localhost:3000/_next/static/chunks/217dd_next_dist_9c560571._.js:2297
[  636463ms] [LOG] Detected Host: sjm.localhost:3000 http://sjm.localhost:3000/dashboardportal/masters/shiftMaster @ http://sjm.localhost:3000/_next/static/chunks/217dd_next_dist_9c560571._.js:2297
[  636463ms] [LOG] Detected Host: sjm.localhost:3000 http://sjm.localhost:3000/dashboardportal/masters/shiftMaster @ http://sjm.localhost:3000/_next/static/chunks/217dd_next_dist_9c560571._.js:2297
[  636482ms] [LOG] Detected Host: sjm.localhost:3000 http://sjm.localhost:3000/dashboardportal/masters/shiftMaster @ http://sjm.localhost:3000/_next/static/chunks/217dd_next_dist_9c560571._.js:2297
[  636483ms] [LOG] Detected Host: sjm.localhost:3000 http://sjm.localhost:3000/dashboardportal/masters/shiftMaster @ http://sjm.localhost:3000/_next/static/chunks/217dd_next_dist_9c560571._.js:2297
[  636503ms] [LOG] Detected Host: sjm.localhost:3000 http://sjm.localhost:3000/dashboardportal/masters/shiftMaster @ http://sjm.localhost:3000/_next/static/chunks/217dd_next_dist_9c560571._.js:2297
[  636504ms] [LOG] Detected Host: sjm.localhost:3000 http://sjm.localhost:3000/dashboardportal/masters/shiftMaster @ http://sjm.localhost:3000/_next/static/chunks/217dd_next_dist_9c560571._.js:2297
[  636551ms] [LOG] [Fast Refresh] rebuilding @ http://sjm.localhost:3000/_next/static/chunks/217dd_next_dist_9c560571._.js:2297
[  636596ms] [LOG] Detected Host: sjm.localhost:3000 http://sjm.localhost:3000/dashboardportal/masters/shiftMaster @ http://sjm.localhost:3000/_next/static/chunks/217dd_next_dist_9c560571._.js:2297
[  636604ms] [LOG] Detected Host: sjm.localhost:3000 http://sjm.localhost:3000/dashboardportal/masters/shiftMaster @ http://sjm.localhost:3000/_next/static/chunks/217dd_next_dist_9c560571._.js:2297
[  636717ms] [LOG] Detected Host: sjm.localhost:3000 http://sjm.localhost:3000/dashboardportal/masters/shiftMaster @ http://sjm.localhost:3000/_next/static/chunks/217dd_next_dist_9c560571._.js:2297
[  636724ms] [LOG] Detected Host: sjm.localhost:3000 http://sjm.localhost:3000/dashboardportal/masters/shiftMaster @ http://sjm.localhost:3000/_next/static/chunks/217dd_next_dist_9c560571._.js:2297
[  636853ms] [LOG] Detected Host: sjm.localhost:3000 http://sjm.localhost:3000/dashboardportal/masters/shiftMaster @ http://sjm.localhost:3000/_next/static/chunks/217dd_next_dist_9c560571._.js:2297
[  636854ms] [LOG] Detected Host: sjm.localhost:3000 http://sjm.localhost:3000/dashboardportal/masters/shiftMaster @ http://sjm.localhost:3000/_next/static/chunks/217dd_next_dist_9c560571._.js:2297
[  636973ms] [LOG] Detected Host: sjm.localhost:3000 http://sjm.localhost:3000/dashboardportal/masters/shiftMaster @ http://sjm.localhost:3000/_next/static/chunks/217dd_next_dist_9c560571._.js:2297
[  636976ms] [LOG] Detected Host: sjm.localhost:3000 http://sjm.localhost:3000/dashboardportal/masters/shiftMaster @ http://sjm.localhost:3000/_next/static/chunks/217dd_next_dist_9c560571._.js:2297
[  637111ms] [LOG] Detected Host: sjm.localhost:3000 http://sjm.localhost:3000/dashboardportal/masters/shiftMaster @ http://sjm.localhost:3000/_next/static/chunks/217dd_next_dist_9c560571._.js:2297
[  637115ms] [LOG] Detected Host: sjm.localhost:3000 http://sjm.localhost:3000/dashboardportal/masters/shiftMaster @ http://sjm.localhost:3000/_next/static/chunks/217dd_next_dist_9c560571._.js:2297
[  638898ms] [LOG] [Fast Refresh] done in 2482ms @ http://sjm.localhost:3000/_next/static/chunks/217dd_next_dist_9c560571._.js:2297
[  639250ms] [INFO] %cDownload the React DevTools for a better development experience: https://react.dev/link/react-devtools font-weight:bold @ http://sjm.localhost:3000/_next/static/chunks/217dd_next_dist_9c560571._.js:2297
[  639297ms] [LOG] [HMR] connected @ http://sjm.localhost:3000/_next/static/chunks/217dd_next_dist_9c560571._.js:2297
[  639556ms] [LOG] Detected Host: sjm.localhost:3000 http://sjm.localhost:3000/dashboardportal/masters/spellMaster @ http://sjm.localhost:3000/_next/static/chunks/217dd_next_dist_9c560571._.js:2297
[  639558ms] [LOG] Detected Host: sjm.localhost:3000 http://sjm.localhost:3000/dashboardportal/masters/spellMaster @ http://sjm.localhost:3000/_next/static/chunks/217dd_next_dist_9c560571._.js:2297
[  639588ms] [LOG] Detected Host: sjm.localhost:3000 http://sjm.localhost:3000/dashboardportal/masters/spellMaster @ http://sjm.localhost:3000/_next/static/chunks/217dd_next_dist_9c560571._.js:2297
[  639589ms] [LOG] Detected Host: sjm.localhost:3000 http://sjm.localhost:3000/dashboardportal/masters/spellMaster @ http://sjm.localhost:3000/_next/static/chunks/217dd_next_dist_9c560571._.js:2297
[  639616ms] [LOG] Detected Host: sjm.localhost:3000 http://sjm.localhost:3000/dashboardportal/masters/spellMaster @ http://sjm.localhost:3000/_next/static/chunks/217dd_next_dist_9c560571._.js:2297
[  639616ms] [LOG] Detected Host: sjm.localhost:3000 http://sjm.localhost:3000/dashboardportal/masters/spellMaster @ http://sjm.localhost:3000/_next/static/chunks/217dd_next_dist_9c560571._.js:2297
[  639641ms] [LOG] Detected Host: sjm.localhost:3000 http://sjm.localhost:3000/dashboardportal/masters/spellMaster @ http://sjm.localhost:3000/_next/static/chunks/217dd_next_dist_9c560571._.js:2297
[  639642ms] [LOG] Detected Host: sjm.localhost:3000 http://sjm.localhost:3000/dashboardportal/masters/spellMaster @ http://sjm.localhost:3000/_next/static/chunks/217dd_next_dist_9c560571._.js:2297
[  639668ms] [LOG] Detected Host: sjm.localhost:3000 http://sjm.localhost:3000/dashboardportal/masters/spellMaster @ http://sjm.localhost:3000/_next/static/chunks/217dd_next_dist_9c560571._.js:2297
[  639668ms] [LOG] Detected Host: sjm.localhost:3000 http://sjm.localhost:3000/dashboardportal/masters/spellMaster @ http://sjm.localhost:3000/_next/static/chunks/217dd_next_dist_9c560571._.js:2297
[  639699ms] [LOG] Detected Host: sjm.localhost:3000 http://sjm.localhost:3000/dashboardportal/masters/spellMaster @ http://sjm.localhost:3000/_next/static/chunks/217dd_next_dist_9c560571._.js:2297
[  639700ms] [LOG] Detected Host: sjm.localhost:3000 http://sjm.localhost:3000/dashboardportal/masters/spellMaster @ http://sjm.localhost:3000/_next/static/chunks/217dd_next_dist_9c560571._.js:2297
[  639726ms] [LOG] Detected Host: sjm.localhost:3000 http://sjm.localhost:3000/dashboardportal/masters/spellMaster @ http://sjm.localhost:3000/_next/static/chunks/217dd_next_dist_9c560571._.js:2297
[  639726ms] [LOG] Detected Host: sjm.localhost:3000 http://sjm.localhost:3000/dashboardportal/masters/spellMaster @ http://sjm.localhost:3000/_next/static/chunks/217dd_next_dist_9c560571._.js:2297
[  639805ms] [LOG] Detected Host: sjm.localhost:3000 http://sjm.localhost:3000/dashboardportal/masters/spellMaster @ http://sjm.localhost:3000/_next/static/chunks/217dd_next_dist_9c560571._.js:2297
[  639813ms] [LOG] Detected Host: sjm.localhost:3000 http://sjm.localhost:3000/dashboardportal/masters/spellMaster @ http://sjm.localhost:3000/_next/static/chunks/217dd_next_dist_9c560571._.js:2297
[  639938ms] [LOG] Detected Host: sjm.localhost:3000 http://sjm.localhost:3000/dashboardportal/masters/spellMaster @ http://sjm.localhost:3000/_next/static/chunks/217dd_next_dist_9c560571._.js:2297
[  639944ms] [LOG] Detected Host: sjm.localhost:3000 http://sjm.localhost:3000/dashboardportal/masters/spellMaster @ http://sjm.localhost:3000/_next/static/chunks/217dd_next_dist_9c560571._.js:2297
[  640091ms] [LOG] Detected Host: sjm.localhost:3000 http://sjm.localhost:3000/dashboardportal/masters/spellMaster @ http://sjm.localhost:3000/_next/static/chunks/217dd_next_dist_9c560571._.js:2297
[  640098ms] [LOG] Detected Host: sjm.localhost:3000 http://sjm.localhost:3000/dashboardportal/masters/spellMaster @ http://sjm.localhost:3000/_next/static/chunks/217dd_next_dist_9c560571._.js:2297
[  640311ms] [LOG] Detected Host: sjm.localhost:3000 http://sjm.localhost:3000/dashboardportal/masters/spellMaster @ http://sjm.localhost:3000/_next/static/chunks/217dd_next_dist_9c560571._.js:2297
[  640316ms] [LOG] Detected Host: sjm.localhost:3000 http://sjm.localhost:3000/dashboardportal/masters/spellMaster @ http://sjm.localhost:3000/_next/static/chunks/217dd_next_dist_9c560571._.js:2297
[  640539ms] [LOG] Detected Host: sjm.localhost:3000 http://sjm.localhost:3000/dashboardportal/masters/spellMaster @ http://sjm.localhost:3000/_next/static/chunks/217dd_next_dist_9c560571._.js:2297
[  640542ms] [LOG] Detected Host: sjm.localhost:3000 http://sjm.localhost:3000/dashboardportal/masters/spellMaster @ http://sjm.localhost:3000/_next/static/chunks/217dd_next_dist_9c560571._.js:2297
[  640858ms] [LOG] [Fast Refresh] rebuilding @ http://sjm.localhost:3000/_next/static/chunks/217dd_next_dist_9c560571._.js:2297
[  643077ms] [LOG] [Fast Refresh] done in 2329ms @ http://sjm.localhost:3000/_next/static/chunks/217dd_next_dist_9c560571._.js:2297
[  643461ms] [INFO] %cDownload the React DevTools for a better development experience: https://react.dev/link/react-devtools font-weight:bold @ http://sjm.localhost:3000/_next/static/chunks/217dd_next_dist_9c560571._.js:2297
[  643503ms] [LOG] [HMR] connected @ http://sjm.localhost:3000/_next/static/chunks/217dd_next_dist_9c560571._.js:2297
[  643802ms] [LOG] Detected Host: sjm.localhost:3000 http://sjm.localhost:3000/dashboardportal/masters/stdRateCard @ http://sjm.localhost:3000/_next/static/chunks/217dd_next_dist_9c560571._.js:2297
[  643803ms] [LOG] Detected Host: sjm.localhost:3000 http://sjm.localhost:3000/dashboardportal/masters/stdRateCard @ http://sjm.localhost:3000/_next/static/chunks/217dd_next_dist_9c560571._.js:2297
[  643832ms] [LOG] Detected Host: sjm.localhost:3000 http://sjm.localhost:3000/dashboardportal/masters/stdRateCard @ http://sjm.localhost:3000/_next/static/chunks/217dd_next_dist_9c560571._.js:2297
[  643833ms] [LOG] Detected Host: sjm.localhost:3000 http://sjm.localhost:3000/dashboardportal/masters/stdRateCard @ http://sjm.localhost:3000/_next/static/chunks/217dd_next_dist_9c560571._.js:2297
[  643857ms] [LOG] Detected Host: sjm.localhost:3000 http://sjm.localhost:3000/dashboardportal/masters/stdRateCard @ http://sjm.localhost:3000/_next/static/chunks/217dd_next_dist_9c560571._.js:2297
[  643858ms] [LOG] Detected Host: sjm.localhost:3000 http://sjm.localhost:3000/dashboardportal/masters/stdRateCard @ http://sjm.localhost:3000/_next/static/chunks/217dd_next_dist_9c560571._.js:2297
[  643879ms] [LOG] Detected Host: sjm.localhost:3000 http://sjm.localhost:3000/dashboardportal/masters/stdRateCard @ http://sjm.localhost:3000/_next/static/chunks/217dd_next_dist_9c560571._.js:2297
[  643880ms] [LOG] Detected Host: sjm.localhost:3000 http://sjm.localhost:3000/dashboardportal/masters/stdRateCard @ http://sjm.localhost:3000/_next/static/chunks/217dd_next_dist_9c560571._.js:2297
[  643904ms] [LOG] Detected Host: sjm.localhost:3000 http://sjm.localhost:3000/dashboardportal/masters/stdRateCard @ http://sjm.localhost:3000/_next/static/chunks/217dd_next_dist_9c560571._.js:2297
[  643904ms] [LOG] Detected Host: sjm.localhost:3000 http://sjm.localhost:3000/dashboardportal/masters/stdRateCard @ http://sjm.localhost:3000/_next/static/chunks/217dd_next_dist_9c560571._.js:2297
[  643930ms] [LOG] Detected Host: sjm.localhost:3000 http://sjm.localhost:3000/dashboardportal/masters/stdRateCard @ http://sjm.localhost:3000/_next/static/chunks/217dd_next_dist_9c560571._.js:2297
[  643930ms] [LOG] Detected Host: sjm.localhost:3000 http://sjm.localhost:3000/dashboardportal/masters/stdRateCard @ http://sjm.localhost:3000/_next/static/chunks/217dd_next_dist_9c560571._.js:2297
[  643958ms] [LOG] Detected Host: sjm.localhost:3000 http://sjm.localhost:3000/dashboardportal/masters/stdRateCard @ http://sjm.localhost:3000/_next/static/chunks/217dd_next_dist_9c560571._.js:2297
[  643958ms] [LOG] Detected Host: sjm.localhost:3000 http://sjm.localhost:3000/dashboardportal/masters/stdRateCard @ http://sjm.localhost:3000/_next/static/chunks/217dd_next_dist_9c560571._.js:2297
[  643981ms] [LOG] Detected Host: sjm.localhost:3000 http://sjm.localhost:3000/dashboardportal/masters/stdRateCard @ http://sjm.localhost:3000/_next/static/chunks/217dd_next_dist_9c560571._.js:2297
[  643981ms] [LOG] Detected Host: sjm.localhost:3000 http://sjm.localhost:3000/dashboardportal/masters/stdRateCard @ http://sjm.localhost:3000/_next/static/chunks/217dd_next_dist_9c560571._.js:2297
[  644010ms] [LOG] Detected Host: sjm.localhost:3000 http://sjm.localhost:3000/dashboardportal/masters/stdRateCard @ http://sjm.localhost:3000/_next/static/chunks/217dd_next_dist_9c560571._.js:2297
[  644011ms] [LOG] Detected Host: sjm.localhost:3000 http://sjm.localhost:3000/dashboardportal/masters/stdRateCard @ http://sjm.localhost:3000/_next/static/chunks/217dd_next_dist_9c560571._.js:2297
[  644032ms] [LOG] Detected Host: sjm.localhost:3000 http://sjm.localhost:3000/dashboardportal/masters/stdRateCard @ http://sjm.localhost:3000/_next/static/chunks/217dd_next_dist_9c560571._.js:2297
[  644033ms] [LOG] Detected Host: sjm.localhost:3000 http://sjm.localhost:3000/dashboardportal/masters/stdRateCard @ http://sjm.localhost:3000/_next/static/chunks/217dd_next_dist_9c560571._.js:2297
[  644060ms] [LOG] Detected Host: sjm.localhost:3000 http://sjm.localhost:3000/dashboardportal/masters/stdRateCard @ http://sjm.localhost:3000/_next/static/chunks/217dd_next_dist_9c560571._.js:2297
[  644061ms] [LOG] Detected Host: sjm.localhost:3000 http://sjm.localhost:3000/dashboardportal/masters/stdRateCard @ http://sjm.localhost:3000/_next/static/chunks/217dd_next_dist_9c560571._.js:2297
[  644082ms] [LOG] Detected Host: sjm.localhost:3000 http://sjm.localhost:3000/dashboardportal/masters/stdRateCard @ http://sjm.localhost:3000/_next/static/chunks/217dd_next_dist_9c560571._.js:2297
[  644083ms] [LOG] Detected Host: sjm.localhost:3000 http://sjm.localhost:3000/dashboardportal/masters/stdRateCard @ http://sjm.localhost:3000/_next/static/chunks/217dd_next_dist_9c560571._.js:2297
[  644105ms] [LOG] Detected Host: sjm.localhost:3000 http://sjm.localhost:3000/dashboardportal/masters/stdRateCard @ http://sjm.localhost:3000/_next/static/chunks/217dd_next_dist_9c560571._.js:2297
[  644106ms] [LOG] Detected Host: sjm.localhost:3000 http://sjm.localhost:3000/dashboardportal/masters/stdRateCard @ http://sjm.localhost:3000/_next/static/chunks/217dd_next_dist_9c560571._.js:2297
[  644142ms] [LOG] Detected Host: sjm.localhost:3000 http://sjm.localhost:3000/dashboardportal/masters/stdRateCard @ http://sjm.localhost:3000/_next/static/chunks/217dd_next_dist_9c560571._.js:2297
[  644143ms] [LOG] Detected Host: sjm.localhost:3000 http://sjm.localhost:3000/dashboardportal/masters/stdRateCard @ http://sjm.localhost:3000/_next/static/chunks/217dd_next_dist_9c560571._.js:2297
[  644166ms] [LOG] Detected Host: sjm.localhost:3000 http://sjm.localhost:3000/dashboardportal/masters/stdRateCard @ http://sjm.localhost:3000/_next/static/chunks/217dd_next_dist_9c560571._.js:2297
[  644167ms] [LOG] Detected Host: sjm.localhost:3000 http://sjm.localhost:3000/dashboardportal/masters/stdRateCard @ http://sjm.localhost:3000/_next/static/chunks/217dd_next_dist_9c560571._.js:2297
[  644187ms] [LOG] Detected Host: sjm.localhost:3000 http://sjm.localhost:3000/dashboardportal/masters/stdRateCard @ http://sjm.localhost:3000/_next/static/chunks/217dd_next_dist_9c560571._.js:2297
[  644190ms] [LOG] Detected Host: sjm.localhost:3000 http://sjm.localhost:3000/dashboardportal/masters/stdRateCard @ http://sjm.localhost:3000/_next/static/chunks/217dd_next_dist_9c560571._.js:2297
[  644299ms] [LOG] Detected Host: sjm.localhost:3000 http://sjm.localhost:3000/dashboardportal/masters/stdRateCard @ http://sjm.localhost:3000/_next/static/chunks/217dd_next_dist_9c560571._.js:2297
[  644303ms] [LOG] Detected Host: sjm.localhost:3000 http://sjm.localhost:3000/dashboardportal/masters/stdRateCard @ http://sjm.localhost:3000/_next/static/chunks/217dd_next_dist_9c560571._.js:2297
[  644366ms] [LOG] Detected Host: sjm.localhost:3000 http://sjm.localhost:3000/dashboardportal/masters/stdRateCard @ http://sjm.localhost:3000/_next/static/chunks/217dd_next_dist_9c560571._.js:2297
[  644367ms] [LOG] Detected Host: sjm.localhost:3000 http://sjm.localhost:3000/dashboardportal/masters/stdRateCard @ http://sjm.localhost:3000/_next/static/chunks/217dd_next_dist_9c560571._.js:2297
[  644463ms] [LOG] Detected Host: sjm.localhost:3000 http://sjm.localhost:3000/dashboardportal/masters/stdRateCard @ http://sjm.localhost:3000/_next/static/chunks/217dd_next_dist_9c560571._.js:2297
[  644463ms] [LOG] Detected Host: sjm.localhost:3000 http://sjm.localhost:3000/dashboardportal/masters/stdRateCard @ http://sjm.localhost:3000/_next/static/chunks/217dd_next_dist_9c560571._.js:2297
[  644580ms] [LOG] Detected Host: sjm.localhost:3000 http://sjm.localhost:3000/dashboardportal/masters/stdRateCard @ http://sjm.localhost:3000/_next/static/chunks/217dd_next_dist_9c560571._.js:2297
[  644586ms] [LOG] Detected Host: sjm.localhost:3000 http://sjm.localhost:3000/dashboardportal/masters/stdRateCard @ http://sjm.localhost:3000/_next/static/chunks/217dd_next_dist_9c560571._.js:2297
[  644895ms] [LOG] Detected Host: sjm.localhost:3000 http://sjm.localhost:3000/dashboardportal/masters/stdRateCard @ http://sjm.localhost:3000/_next/static/chunks/217dd_next_dist_9c560571._.js:2297
[  644898ms] [LOG] Detected Host: sjm.localhost:3000 http://sjm.localhost:3000/dashboardportal/masters/stdRateCard @ http://sjm.localhost:3000/_next/static/chunks/217dd_next_dist_9c560571._.js:2297
[  645045ms] [LOG] [Fast Refresh] rebuilding @ http://sjm.localhost:3000/_next/static/chunks/217dd_next_dist_9c560571._.js:2297
[  646644ms] [LOG] [Fast Refresh] done in 2445ms @ http://sjm.localhost:3000/_next/static/chunks/217dd_next_dist_9c560571._.js:2297
[  646934ms] [INFO] %cDownload the React DevTools for a better development experience: https://react.dev/link/react-devtools font-weight:bold @ http://sjm.localhost:3000/_next/static/chunks/217dd_next_dist_9c560571._.js:2297
[  646973ms] [LOG] [HMR] connected @ http://sjm.localhost:3000/_next/static/chunks/217dd_next_dist_9c560571._.js:2297
[  647257ms] [LOG] Detected Host: sjm.localhost:3000 http://sjm.localhost:3000/dashboardportal/masters/subDepartmentMaster @ http://sjm.localhost:3000/_next/static/chunks/217dd_next_dist_9c560571._.js:2297
[  647258ms] [LOG] Detected Host: sjm.localhost:3000 http://sjm.localhost:3000/dashboardportal/masters/subDepartmentMaster @ http://sjm.localhost:3000/_next/static/chunks/217dd_next_dist_9c560571._.js:2297
[  647286ms] [LOG] Detected Host: sjm.localhost:3000 http://sjm.localhost:3000/dashboardportal/masters/subDepartmentMaster @ http://sjm.localhost:3000/_next/static/chunks/217dd_next_dist_9c560571._.js:2297
[  647286ms] [LOG] Detected Host: sjm.localhost:3000 http://sjm.localhost:3000/dashboardportal/masters/subDepartmentMaster @ http://sjm.localhost:3000/_next/static/chunks/217dd_next_dist_9c560571._.js:2297
[  647312ms] [LOG] Detected Host: sjm.localhost:3000 http://sjm.localhost:3000/dashboardportal/masters/subDepartmentMaster @ http://sjm.localhost:3000/_next/static/chunks/217dd_next_dist_9c560571._.js:2297
[  647313ms] [LOG] Detected Host: sjm.localhost:3000 http://sjm.localhost:3000/dashboardportal/masters/subDepartmentMaster @ http://sjm.localhost:3000/_next/static/chunks/217dd_next_dist_9c560571._.js:2297
[  647340ms] [LOG] Detected Host: sjm.localhost:3000 http://sjm.localhost:3000/dashboardportal/masters/subDepartmentMaster @ http://sjm.localhost:3000/_next/static/chunks/217dd_next_dist_9c560571._.js:2297
[  647341ms] [LOG] Detected Host: sjm.localhost:3000 http://sjm.localhost:3000/dashboardportal/masters/subDepartmentMaster @ http://sjm.localhost:3000/_next/static/chunks/217dd_next_dist_9c560571._.js:2297
[  647361ms] [LOG] Detected Host: sjm.localhost:3000 http://sjm.localhost:3000/dashboardportal/masters/subDepartmentMaster @ http://sjm.localhost:3000/_next/static/chunks/217dd_next_dist_9c560571._.js:2297
[  647361ms] [LOG] Detected Host: sjm.localhost:3000 http://sjm.localhost:3000/dashboardportal/masters/subDepartmentMaster @ http://sjm.localhost:3000/_next/static/chunks/217dd_next_dist_9c560571._.js:2297
[  647383ms] [LOG] Detected Host: sjm.localhost:3000 http://sjm.localhost:3000/dashboardportal/masters/subDepartmentMaster @ http://sjm.localhost:3000/_next/static/chunks/217dd_next_dist_9c560571._.js:2297
[  647384ms] [LOG] Detected Host: sjm.localhost:3000 http://sjm.localhost:3000/dashboardportal/masters/subDepartmentMaster @ http://sjm.localhost:3000/_next/static/chunks/217dd_next_dist_9c560571._.js:2297
[  647405ms] [LOG] Detected Host: sjm.localhost:3000 http://sjm.localhost:3000/dashboardportal/masters/subDepartmentMaster @ http://sjm.localhost:3000/_next/static/chunks/217dd_next_dist_9c560571._.js:2297
[  647406ms] [LOG] Detected Host: sjm.localhost:3000 http://sjm.localhost:3000/dashboardportal/masters/subDepartmentMaster @ http://sjm.localhost:3000/_next/static/chunks/217dd_next_dist_9c560571._.js:2297
[  647427ms] [LOG] Detected Host: sjm.localhost:3000 http://sjm.localhost:3000/dashboardportal/masters/subDepartmentMaster @ http://sjm.localhost:3000/_next/static/chunks/217dd_next_dist_9c560571._.js:2297
[  647427ms] [LOG] Detected Host: sjm.localhost:3000 http://sjm.localhost:3000/dashboardportal/masters/subDepartmentMaster @ http://sjm.localhost:3000/_next/static/chunks/217dd_next_dist_9c560571._.js:2297
[  647452ms] [LOG] Detected Host: sjm.localhost:3000 http://sjm.localhost:3000/dashboardportal/masters/subDepartmentMaster @ http://sjm.localhost:3000/_next/static/chunks/217dd_next_dist_9c560571._.js:2297
[  647452ms] [LOG] Detected Host: sjm.localhost:3000 http://sjm.localhost:3000/dashboardportal/masters/subDepartmentMaster @ http://sjm.localhost:3000/_next/static/chunks/217dd_next_dist_9c560571._.js:2297
[  647506ms] [LOG] Detected Host: sjm.localhost:3000 http://sjm.localhost:3000/dashboardportal/masters/subDepartmentMaster @ http://sjm.localhost:3000/_next/static/chunks/217dd_next_dist_9c560571._.js:2297
[  647507ms] [LOG] Detected Host: sjm.localhost:3000 http://sjm.localhost:3000/dashboardportal/masters/subDepartmentMaster @ http://sjm.localhost:3000/_next/static/chunks/217dd_next_dist_9c560571._.js:2297
[  647584ms] [LOG] Detected Host: sjm.localhost:3000 http://sjm.localhost:3000/dashboardportal/masters/subDepartmentMaster @ http://sjm.localhost:3000/_next/static/chunks/217dd_next_dist_9c560571._.js:2297
[  647593ms] [LOG] Detected Host: sjm.localhost:3000 http://sjm.localhost:3000/dashboardportal/masters/subDepartmentMaster @ http://sjm.localhost:3000/_next/static/chunks/217dd_next_dist_9c560571._.js:2297
[  647708ms] [LOG] Detected Host: sjm.localhost:3000 http://sjm.localhost:3000/dashboardportal/masters/subDepartmentMaster @ http://sjm.localhost:3000/_next/static/chunks/217dd_next_dist_9c560571._.js:2297
[  647714ms] [LOG] Detected Host: sjm.localhost:3000 http://sjm.localhost:3000/dashboardportal/masters/subDepartmentMaster @ http://sjm.localhost:3000/_next/static/chunks/217dd_next_dist_9c560571._.js:2297
[  647872ms] [LOG] Detected Host: sjm.localhost:3000 http://sjm.localhost:3000/dashboardportal/masters/subDepartmentMaster @ http://sjm.localhost:3000/_next/static/chunks/217dd_next_dist_9c560571._.js:2297
[  647878ms] [LOG] Detected Host: sjm.localhost:3000 http://sjm.localhost:3000/dashboardportal/masters/subDepartmentMaster @ http://sjm.localhost:3000/_next/static/chunks/217dd_next_dist_9c560571._.js:2297
[  648055ms] [LOG] Detected Host: sjm.localhost:3000 http://sjm.localhost:3000/dashboardportal/masters/subDepartmentMaster @ http://sjm.localhost:3000/_next/static/chunks/217dd_next_dist_9c560571._.js:2297
[  648061ms] [LOG] Detected Host: sjm.localhost:3000 http://sjm.localhost:3000/dashboardportal/masters/subDepartmentMaster @ http://sjm.localhost:3000/_next/static/chunks/217dd_next_dist_9c560571._.js:2297
[  648408ms] [LOG] Detected Host: sjm.localhost:3000 http://sjm.localhost:3000/dashboardportal/masters/subDepartmentMaster @ http://sjm.localhost:3000/_next/static/chunks/217dd_next_dist_9c560571._.js:2297
[  648412ms] [LOG] Detected Host: sjm.localhost:3000 http://sjm.localhost:3000/dashboardportal/masters/subDepartmentMaster @ http://sjm.localhost:3000/_next/static/chunks/217dd_next_dist_9c560571._.js:2297
[  648568ms] [LOG] [Fast Refresh] rebuilding @ http://sjm.localhost:3000/_next/static/chunks/217dd_next_dist_9c560571._.js:2297
[  649764ms] [LOG] [Fast Refresh] done in 2240ms @ http://sjm.localhost:3000/_next/static/chunks/217dd_next_dist_9c560571._.js:2297
[  650041ms] [INFO] %cDownload the React DevTools for a better development experience: https://react.dev/link/react-devtools font-weight:bold @ http://sjm.localhost:3000/_next/static/chunks/217dd_next_dist_9c560571._.js:2297
[  650078ms] [LOG] [HMR] connected @ http://sjm.localhost:3000/_next/static/chunks/217dd_next_dist_9c560571._.js:2297
[  650253ms] [LOG] Detected Host: sjm.localhost:3000 http://sjm.localhost:3000/dashboardportal/masters/supplierRegistration @ http://sjm.localhost:3000/_next/static/chunks/217dd_next_dist_9c560571._.js:2297
[  650253ms] [LOG] Detected Host: sjm.localhost:3000 http://sjm.localhost:3000/dashboardportal/masters/supplierRegistration @ http://sjm.localhost:3000/_next/static/chunks/217dd_next_dist_9c560571._.js:2297
[  650289ms] [LOG] Detected Host: sjm.localhost:3000 http://sjm.localhost:3000/dashboardportal/masters/supplierRegistration @ http://sjm.localhost:3000/_next/static/chunks/217dd_next_dist_9c560571._.js:2297
[  650295ms] [LOG] Detected Host: sjm.localhost:3000 http://sjm.localhost:3000/dashboardportal/masters/supplierRegistration @ http://sjm.localhost:3000/_next/static/chunks/217dd_next_dist_9c560571._.js:2297
[  650323ms] [LOG] Detected Host: sjm.localhost:3000 http://sjm.localhost:3000/dashboardportal/masters/supplierRegistration @ http://sjm.localhost:3000/_next/static/chunks/217dd_next_dist_9c560571._.js:2297
[  650329ms] [LOG] Detected Host: sjm.localhost:3000 http://sjm.localhost:3000/dashboardportal/masters/supplierRegistration @ http://sjm.localhost:3000/_next/static/chunks/217dd_next_dist_9c560571._.js:2297
[  650360ms] [LOG] Detected Host: sjm.localhost:3000 http://sjm.localhost:3000/dashboardportal/masters/supplierRegistration @ http://sjm.localhost:3000/_next/static/chunks/217dd_next_dist_9c560571._.js:2297
[  650365ms] [LOG] Detected Host: sjm.localhost:3000 http://sjm.localhost:3000/dashboardportal/masters/supplierRegistration @ http://sjm.localhost:3000/_next/static/chunks/217dd_next_dist_9c560571._.js:2297
[  650396ms] [LOG] Detected Host: sjm.localhost:3000 http://sjm.localhost:3000/dashboardportal/masters/supplierRegistration @ http://sjm.localhost:3000/_next/static/chunks/217dd_next_dist_9c560571._.js:2297
[  650399ms] [LOG] Detected Host: sjm.localhost:3000 http://sjm.localhost:3000/dashboardportal/masters/supplierRegistration @ http://sjm.localhost:3000/_next/static/chunks/217dd_next_dist_9c560571._.js:2297
[  650414ms] [LOG] [Fast Refresh] rebuilding @ http://sjm.localhost:3000/_next/static/chunks/217dd_next_dist_9c560571._.js:2297
[  650418ms] [LOG] Detected Host: sjm.localhost:3000 http://sjm.localhost:3000/dashboardportal/masters/supplierRegistration @ http://sjm.localhost:3000/_next/static/chunks/217dd_next_dist_9c560571._.js:2297
[  650431ms] [LOG] Detected Host: sjm.localhost:3000 http://sjm.localhost:3000/dashboardportal/masters/supplierRegistration @ http://sjm.localhost:3000/_next/static/chunks/217dd_next_dist_9c560571._.js:2297
[  650491ms] [LOG] [Fast Refresh] done in 241ms @ http://sjm.localhost:3000/_next/static/chunks/217dd_next_dist_9c560571._.js:2297
[  650737ms] [LOG] [Fast Refresh] rebuilding @ http://sjm.localhost:3000/_next/static/chunks/217dd_next_dist_9c560571._.js:2297
[  652731ms] [LOG] [Fast Refresh] done in 2104ms @ http://sjm.localhost:3000/_next/static/chunks/217dd_next_dist_9c560571._.js:2297
[  652960ms] [INFO] %cDownload the React DevTools for a better development experience: https://react.dev/link/react-devtools font-weight:bold @ http://sjm.localhost:3000/_next/static/chunks/217dd_next_dist_9c560571._.js:2297
[  652997ms] [LOG] [HMR] connected @ http://sjm.localhost:3000/_next/static/chunks/217dd_next_dist_9c560571._.js:2297
[  653343ms] [LOG] Detected Host: sjm.localhost:3000 http://sjm.localhost:3000/dashboardportal/masters/warehouseMaster @ http://sjm.localhost:3000/_next/static/chunks/217dd_next_dist_9c560571._.js:2297
[  653344ms] [LOG] Detected Host: sjm.localhost:3000 http://sjm.localhost:3000/dashboardportal/masters/warehouseMaster @ http://sjm.localhost:3000/_next/static/chunks/217dd_next_dist_9c560571._.js:2297
[  653372ms] [LOG] Detected Host: sjm.localhost:3000 http://sjm.localhost:3000/dashboardportal/masters/warehouseMaster @ http://sjm.localhost:3000/_next/static/chunks/217dd_next_dist_9c560571._.js:2297
[  653372ms] [LOG] Detected Host: sjm.localhost:3000 http://sjm.localhost:3000/dashboardportal/masters/warehouseMaster @ http://sjm.localhost:3000/_next/static/chunks/217dd_next_dist_9c560571._.js:2297
[  653392ms] [LOG] Detected Host: sjm.localhost:3000 http://sjm.localhost:3000/dashboardportal/masters/warehouseMaster @ http://sjm.localhost:3000/_next/static/chunks/217dd_next_dist_9c560571._.js:2297
[  653393ms] [LOG] Detected Host: sjm.localhost:3000 http://sjm.localhost:3000/dashboardportal/masters/warehouseMaster @ http://sjm.localhost:3000/_next/static/chunks/217dd_next_dist_9c560571._.js:2297
[  653416ms] [LOG] Detected Host: sjm.localhost:3000 http://sjm.localhost:3000/dashboardportal/masters/warehouseMaster @ http://sjm.localhost:3000/_next/static/chunks/217dd_next_dist_9c560571._.js:2297
[  653417ms] [LOG] Detected Host: sjm.localhost:3000 http://sjm.localhost:3000/dashboardportal/masters/warehouseMaster @ http://sjm.localhost:3000/_next/static/chunks/217dd_next_dist_9c560571._.js:2297
[  653442ms] [LOG] Detected Host: sjm.localhost:3000 http://sjm.localhost:3000/dashboardportal/masters/warehouseMaster @ http://sjm.localhost:3000/_next/static/chunks/217dd_next_dist_9c560571._.js:2297
[  653442ms] [LOG] Detected Host: sjm.localhost:3000 http://sjm.localhost:3000/dashboardportal/masters/warehouseMaster @ http://sjm.localhost:3000/_next/static/chunks/217dd_next_dist_9c560571._.js:2297
[  653464ms] [LOG] Detected Host: sjm.localhost:3000 http://sjm.localhost:3000/dashboardportal/masters/warehouseMaster @ http://sjm.localhost:3000/_next/static/chunks/217dd_next_dist_9c560571._.js:2297
[  653465ms] [LOG] Detected Host: sjm.localhost:3000 http://sjm.localhost:3000/dashboardportal/masters/warehouseMaster @ http://sjm.localhost:3000/_next/static/chunks/217dd_next_dist_9c560571._.js:2297
[  653485ms] [LOG] Detected Host: sjm.localhost:3000 http://sjm.localhost:3000/dashboardportal/masters/warehouseMaster @ http://sjm.localhost:3000/_next/static/chunks/217dd_next_dist_9c560571._.js:2297
[  653486ms] [LOG] Detected Host: sjm.localhost:3000 http://sjm.localhost:3000/dashboardportal/masters/warehouseMaster @ http://sjm.localhost:3000/_next/static/chunks/217dd_next_dist_9c560571._.js:2297
[  653507ms] [LOG] Detected Host: sjm.localhost:3000 http://sjm.localhost:3000/dashboardportal/masters/warehouseMaster @ http://sjm.localhost:3000/_next/static/chunks/217dd_next_dist_9c560571._.js:2297
[  653508ms] [LOG] Detected Host: sjm.localhost:3000 http://sjm.localhost:3000/dashboardportal/masters/warehouseMaster @ http://sjm.localhost:3000/_next/static/chunks/217dd_next_dist_9c560571._.js:2297
[  653529ms] [LOG] Detected Host: sjm.localhost:3000 http://sjm.localhost:3000/dashboardportal/masters/warehouseMaster @ http://sjm.localhost:3000/_next/static/chunks/217dd_next_dist_9c560571._.js:2297
[  653530ms] [LOG] Detected Host: sjm.localhost:3000 http://sjm.localhost:3000/dashboardportal/masters/warehouseMaster @ http://sjm.localhost:3000/_next/static/chunks/217dd_next_dist_9c560571._.js:2297
[  653557ms] [LOG] Detected Host: sjm.localhost:3000 http://sjm.localhost:3000/dashboardportal/masters/warehouseMaster @ http://sjm.localhost:3000/_next/static/chunks/217dd_next_dist_9c560571._.js:2297
[  653558ms] [LOG] Detected Host: sjm.localhost:3000 http://sjm.localhost:3000/dashboardportal/masters/warehouseMaster @ http://sjm.localhost:3000/_next/static/chunks/217dd_next_dist_9c560571._.js:2297
[  653588ms] [LOG] Detected Host: sjm.localhost:3000 http://sjm.localhost:3000/dashboardportal/masters/warehouseMaster @ http://sjm.localhost:3000/_next/static/chunks/217dd_next_dist_9c560571._.js:2297
[  653588ms] [LOG] Detected Host: sjm.localhost:3000 http://sjm.localhost:3000/dashboardportal/masters/warehouseMaster @ http://sjm.localhost:3000/_next/static/chunks/217dd_next_dist_9c560571._.js:2297
[  653614ms] [LOG] Detected Host: sjm.localhost:3000 http://sjm.localhost:3000/dashboardportal/masters/warehouseMaster @ http://sjm.localhost:3000/_next/static/chunks/217dd_next_dist_9c560571._.js:2297
[  653615ms] [LOG] Detected Host: sjm.localhost:3000 http://sjm.localhost:3000/dashboardportal/masters/warehouseMaster @ http://sjm.localhost:3000/_next/static/chunks/217dd_next_dist_9c560571._.js:2297
[  653725ms] [LOG] Detected Host: sjm.localhost:3000 http://sjm.localhost:3000/dashboardportal/masters/warehouseMaster @ http://sjm.localhost:3000/_next/static/chunks/217dd_next_dist_9c560571._.js:2297
[  653733ms] [LOG] Detected Host: sjm.localhost:3000 http://sjm.localhost:3000/dashboardportal/masters/warehouseMaster @ http://sjm.localhost:3000/_next/static/chunks/217dd_next_dist_9c560571._.js:2297
[  653847ms] [LOG] Detected Host: sjm.localhost:3000 http://sjm.localhost:3000/dashboardportal/masters/warehouseMaster @ http://sjm.localhost:3000/_next/static/chunks/217dd_next_dist_9c560571._.js:2297
[  653852ms] [LOG] Detected Host: sjm.localhost:3000 http://sjm.localhost:3000/dashboardportal/masters/warehouseMaster @ http://sjm.localhost:3000/_next/static/chunks/217dd_next_dist_9c560571._.js:2297
[  653931ms] [LOG] Detected Host: sjm.localhost:3000 http://sjm.localhost:3000/dashboardportal/masters/warehouseMaster @ http://sjm.localhost:3000/_next/static/chunks/217dd_next_dist_9c560571._.js:2297
[  653932ms] [LOG] Detected Host: sjm.localhost:3000 http://sjm.localhost:3000/dashboardportal/masters/warehouseMaster @ http://sjm.localhost:3000/_next/static/chunks/217dd_next_dist_9c560571._.js:2297
[  654020ms] [LOG] Detected Host: sjm.localhost:3000 http://sjm.localhost:3000/dashboardportal/masters/warehouseMaster @ http://sjm.localhost:3000/_next/static/chunks/217dd_next_dist_9c560571._.js:2297
[  654026ms] [LOG] Detected Host: sjm.localhost:3000 http://sjm.localhost:3000/dashboardportal/masters/warehouseMaster @ http://sjm.localhost:3000/_next/static/chunks/217dd_next_dist_9c560571._.js:2297
[  654221ms] [LOG] Detected Host: sjm.localhost:3000 http://sjm.localhost:3000/dashboardportal/masters/warehouseMaster @ http://sjm.localhost:3000/_next/static/chunks/217dd_next_dist_9c560571._.js:2297
[  654224ms] [LOG] Detected Host: sjm.localhost:3000 http://sjm.localhost:3000/dashboardportal/masters/warehouseMaster @ http://sjm.localhost:3000/_next/static/chunks/217dd_next_dist_9c560571._.js:2297
[  654301ms] [LOG] [Fast Refresh] rebuilding @ http://sjm.localhost:3000/_next/static/chunks/217dd_next_dist_9c560571._.js:2297
[  655847ms] [LOG] [Fast Refresh] done in 2236ms @ http://sjm.localhost:3000/_next/static/chunks/217dd_next_dist_9c560571._.js:2297
[  656131ms] [INFO] %cDownload the React DevTools for a better development experience: https://react.dev/link/react-devtools font-weight:bold @ http://sjm.localhost:3000/_next/static/chunks/217dd_next_dist_9c560571._.js:2297
[  656167ms] [LOG] [HMR] connected @ http://sjm.localhost:3000/_next/static/chunks/217dd_next_dist_9c560571._.js:2297
[  656345ms] [LOG] Detected Host: sjm.localhost:3000 http://sjm.localhost:3000/dashboardportal/masters/yarnMaster @ http://sjm.localhost:3000/_next/static/chunks/217dd_next_dist_9c560571._.js:2297
[  656345ms] [LOG] Detected Host: sjm.localhost:3000 http://sjm.localhost:3000/dashboardportal/masters/yarnMaster @ http://sjm.localhost:3000/_next/static/chunks/217dd_next_dist_9c560571._.js:2297
[  656371ms] [LOG] Detected Host: sjm.localhost:3000 http://sjm.localhost:3000/dashboardportal/masters/yarnMaster @ http://sjm.localhost:3000/_next/static/chunks/217dd_next_dist_9c560571._.js:2297
[  656371ms] [LOG] Detected Host: sjm.localhost:3000 http://sjm.localhost:3000/dashboardportal/masters/yarnMaster @ http://sjm.localhost:3000/_next/static/chunks/217dd_next_dist_9c560571._.js:2297
[  656394ms] [LOG] Detected Host: sjm.localhost:3000 http://sjm.localhost:3000/dashboardportal/masters/yarnMaster @ http://sjm.localhost:3000/_next/static/chunks/217dd_next_dist_9c560571._.js:2297
[  656395ms] [LOG] Detected Host: sjm.localhost:3000 http://sjm.localhost:3000/dashboardportal/masters/yarnMaster @ http://sjm.localhost:3000/_next/static/chunks/217dd_next_dist_9c560571._.js:2297
[  656420ms] [LOG] Detected Host: sjm.localhost:3000 http://sjm.localhost:3000/dashboardportal/masters/yarnMaster @ http://sjm.localhost:3000/_next/static/chunks/217dd_next_dist_9c560571._.js:2297
[  656420ms] [LOG] Detected Host: sjm.localhost:3000 http://sjm.localhost:3000/dashboardportal/masters/yarnMaster @ http://sjm.localhost:3000/_next/static/chunks/217dd_next_dist_9c560571._.js:2297
[  656446ms] [LOG] Detected Host: sjm.localhost:3000 http://sjm.localhost:3000/dashboardportal/masters/yarnMaster @ http://sjm.localhost:3000/_next/static/chunks/217dd_next_dist_9c560571._.js:2297
[  656446ms] [LOG] Detected Host: sjm.localhost:3000 http://sjm.localhost:3000/dashboardportal/masters/yarnMaster @ http://sjm.localhost:3000/_next/static/chunks/217dd_next_dist_9c560571._.js:2297
[  656473ms] [LOG] Detected Host: sjm.localhost:3000 http://sjm.localhost:3000/dashboardportal/masters/yarnMaster @ http://sjm.localhost:3000/_next/static/chunks/217dd_next_dist_9c560571._.js:2297
[  656474ms] [LOG] Detected Host: sjm.localhost:3000 http://sjm.localhost:3000/dashboardportal/masters/yarnMaster @ http://sjm.localhost:3000/_next/static/chunks/217dd_next_dist_9c560571._.js:2297
[  656498ms] [LOG] Detected Host: sjm.localhost:3000 http://sjm.localhost:3000/dashboardportal/masters/yarnMaster @ http://sjm.localhost:3000/_next/static/chunks/217dd_next_dist_9c560571._.js:2297
[  656498ms] [LOG] Detected Host: sjm.localhost:3000 http://sjm.localhost:3000/dashboardportal/masters/yarnMaster @ http://sjm.localhost:3000/_next/static/chunks/217dd_next_dist_9c560571._.js:2297
[  656534ms] [LOG] Detected Host: sjm.localhost:3000 http://sjm.localhost:3000/dashboardportal/masters/yarnMaster @ http://sjm.localhost:3000/_next/static/chunks/217dd_next_dist_9c560571._.js:2297
[  656534ms] [LOG] Detected Host: sjm.localhost:3000 http://sjm.localhost:3000/dashboardportal/masters/yarnMaster @ http://sjm.localhost:3000/_next/static/chunks/217dd_next_dist_9c560571._.js:2297
[  656608ms] [LOG] Detected Host: sjm.localhost:3000 http://sjm.localhost:3000/dashboardportal/masters/yarnMaster @ http://sjm.localhost:3000/_next/static/chunks/217dd_next_dist_9c560571._.js:2297
[  656614ms] [LOG] Detected Host: sjm.localhost:3000 http://sjm.localhost:3000/dashboardportal/masters/yarnMaster @ http://sjm.localhost:3000/_next/static/chunks/217dd_next_dist_9c560571._.js:2297
[  656690ms] [LOG] Detected Host: sjm.localhost:3000 http://sjm.localhost:3000/dashboardportal/masters/yarnMaster @ http://sjm.localhost:3000/_next/static/chunks/217dd_next_dist_9c560571._.js:2297
[  656694ms] [LOG] Detected Host: sjm.localhost:3000 http://sjm.localhost:3000/dashboardportal/masters/yarnMaster @ http://sjm.localhost:3000/_next/static/chunks/217dd_next_dist_9c560571._.js:2297
[  656789ms] [LOG] Detected Host: sjm.localhost:3000 http://sjm.localhost:3000/dashboardportal/masters/yarnMaster @ http://sjm.localhost:3000/_next/static/chunks/217dd_next_dist_9c560571._.js:2297
[  656793ms] [LOG] Detected Host: sjm.localhost:3000 http://sjm.localhost:3000/dashboardportal/masters/yarnMaster @ http://sjm.localhost:3000/_next/static/chunks/217dd_next_dist_9c560571._.js:2297
[  656967ms] [LOG] Detected Host: sjm.localhost:3000 http://sjm.localhost:3000/dashboardportal/masters/yarnMaster @ http://sjm.localhost:3000/_next/static/chunks/217dd_next_dist_9c560571._.js:2297
[  656971ms] [LOG] Detected Host: sjm.localhost:3000 http://sjm.localhost:3000/dashboardportal/masters/yarnMaster @ http://sjm.localhost:3000/_next/static/chunks/217dd_next_dist_9c560571._.js:2297
[  657081ms] [LOG] Detected Host: sjm.localhost:3000 http://sjm.localhost:3000/dashboardportal/masters/yarnMaster @ http://sjm.localhost:3000/_next/static/chunks/217dd_next_dist_9c560571._.js:2297
[  657082ms] [LOG] Detected Host: sjm.localhost:3000 http://sjm.localhost:3000/dashboardportal/masters/yarnMaster @ http://sjm.localhost:3000/_next/static/chunks/217dd_next_dist_9c560571._.js:2297
[  657130ms] [LOG] [Fast Refresh] rebuilding @ http://sjm.localhost:3000/_next/static/chunks/217dd_next_dist_9c560571._.js:2297
[  657137ms] [LOG] [Fast Refresh] done in 561ms @ http://sjm.localhost:3000/_next/static/chunks/217dd_next_dist_9c560571._.js:2297
[  657282ms] [LOG] [Fast Refresh] rebuilding @ http://sjm.localhost:3000/_next/static/chunks/217dd_next_dist_9c560571._.js:2297
[  659475ms] [LOG] [Fast Refresh] done in 2294ms @ http://sjm.localhost:3000/_next/static/chunks/217dd_next_dist_9c560571._.js:2297
[  659699ms] [INFO] %cDownload the React DevTools for a better development experience: https://react.dev/link/react-devtools font-weight:bold @ http://sjm.localhost:3000/_next/static/chunks/217dd_next_dist_9c560571._.js:2297
[  659740ms] [LOG] [HMR] connected @ http://sjm.localhost:3000/_next/static/chunks/217dd_next_dist_9c560571._.js:2297
[  659929ms] [LOG] Detected Host: sjm.localhost:3000 http://sjm.localhost:3000/dashboardportal/masters/yarnqualitymaster @ http://sjm.localhost:3000/_next/static/chunks/217dd_next_dist_9c560571._.js:2297
[  659929ms] [LOG] Detected Host: sjm.localhost:3000 http://sjm.localhost:3000/dashboardportal/masters/yarnqualitymaster @ http://sjm.localhost:3000/_next/static/chunks/217dd_next_dist_9c560571._.js:2297
[  659955ms] [LOG] Detected Host: sjm.localhost:3000 http://sjm.localhost:3000/dashboardportal/masters/yarnqualitymaster @ http://sjm.localhost:3000/_next/static/chunks/217dd_next_dist_9c560571._.js:2297
[  659955ms] [LOG] Detected Host: sjm.localhost:3000 http://sjm.localhost:3000/dashboardportal/masters/yarnqualitymaster @ http://sjm.localhost:3000/_next/static/chunks/217dd_next_dist_9c560571._.js:2297
[  659990ms] [LOG] Detected Host: sjm.localhost:3000 http://sjm.localhost:3000/dashboardportal/masters/yarnqualitymaster @ http://sjm.localhost:3000/_next/static/chunks/217dd_next_dist_9c560571._.js:2297
[  659990ms] [LOG] Detected Host: sjm.localhost:3000 http://sjm.localhost:3000/dashboardportal/masters/yarnqualitymaster @ http://sjm.localhost:3000/_next/static/chunks/217dd_next_dist_9c560571._.js:2297
[  660015ms] [LOG] Detected Host: sjm.localhost:3000 http://sjm.localhost:3000/dashboardportal/masters/yarnqualitymaster @ http://sjm.localhost:3000/_next/static/chunks/217dd_next_dist_9c560571._.js:2297
[  660016ms] [LOG] Detected Host: sjm.localhost:3000 http://sjm.localhost:3000/dashboardportal/masters/yarnqualitymaster @ http://sjm.localhost:3000/_next/static/chunks/217dd_next_dist_9c560571._.js:2297
[  660041ms] [LOG] Detected Host: sjm.localhost:3000 http://sjm.localhost:3000/dashboardportal/masters/yarnqualitymaster @ http://sjm.localhost:3000/_next/static/chunks/217dd_next_dist_9c560571._.js:2297
[  660041ms] [LOG] Detected Host: sjm.localhost:3000 http://sjm.localhost:3000/dashboardportal/masters/yarnqualitymaster @ http://sjm.localhost:3000/_next/static/chunks/217dd_next_dist_9c560571._.js:2297
[  660065ms] [LOG] Detected Host: sjm.localhost:3000 http://sjm.localhost:3000/dashboardportal/masters/yarnqualitymaster @ http://sjm.localhost:3000/_next/static/chunks/217dd_next_dist_9c560571._.js:2297
[  660066ms] [LOG] Detected Host: sjm.localhost:3000 http://sjm.localhost:3000/dashboardportal/masters/yarnqualitymaster @ http://sjm.localhost:3000/_next/static/chunks/217dd_next_dist_9c560571._.js:2297
[  660089ms] [LOG] Detected Host: sjm.localhost:3000 http://sjm.localhost:3000/dashboardportal/masters/yarnqualitymaster @ http://sjm.localhost:3000/_next/static/chunks/217dd_next_dist_9c560571._.js:2297
[  660089ms] [LOG] Detected Host: sjm.localhost:3000 http://sjm.localhost:3000/dashboardportal/masters/yarnqualitymaster @ http://sjm.localhost:3000/_next/static/chunks/217dd_next_dist_9c560571._.js:2297
[  660111ms] [LOG] Detected Host: sjm.localhost:3000 http://sjm.localhost:3000/dashboardportal/masters/yarnqualitymaster @ http://sjm.localhost:3000/_next/static/chunks/217dd_next_dist_9c560571._.js:2297
[  660112ms] [LOG] Detected Host: sjm.localhost:3000 http://sjm.localhost:3000/dashboardportal/masters/yarnqualitymaster @ http://sjm.localhost:3000/_next/static/chunks/217dd_next_dist_9c560571._.js:2297
[  660135ms] [LOG] Detected Host: sjm.localhost:3000 http://sjm.localhost:3000/dashboardportal/masters/yarnqualitymaster @ http://sjm.localhost:3000/_next/static/chunks/217dd_next_dist_9c560571._.js:2297
[  660135ms] [LOG] Detected Host: sjm.localhost:3000 http://sjm.localhost:3000/dashboardportal/masters/yarnqualitymaster @ http://sjm.localhost:3000/_next/static/chunks/217dd_next_dist_9c560571._.js:2297
[  660238ms] [LOG] Detected Host: sjm.localhost:3000 http://sjm.localhost:3000/dashboardportal/masters/yarnqualitymaster @ http://sjm.localhost:3000/_next/static/chunks/217dd_next_dist_9c560571._.js:2297
[  660245ms] [LOG] Detected Host: sjm.localhost:3000 http://sjm.localhost:3000/dashboardportal/masters/yarnqualitymaster @ http://sjm.localhost:3000/_next/static/chunks/217dd_next_dist_9c560571._.js:2297
[  660360ms] [LOG] Detected Host: sjm.localhost:3000 http://sjm.localhost:3000/dashboardportal/masters/yarnqualitymaster @ http://sjm.localhost:3000/_next/static/chunks/217dd_next_dist_9c560571._.js:2297
[  660365ms] [LOG] Detected Host: sjm.localhost:3000 http://sjm.localhost:3000/dashboardportal/masters/yarnqualitymaster @ http://sjm.localhost:3000/_next/static/chunks/217dd_next_dist_9c560571._.js:2297
[  660463ms] [LOG] Detected Host: sjm.localhost:3000 http://sjm.localhost:3000/dashboardportal/masters/yarnqualitymaster @ http://sjm.localhost:3000/_next/static/chunks/217dd_next_dist_9c560571._.js:2297
[  660467ms] [LOG] Detected Host: sjm.localhost:3000 http://sjm.localhost:3000/dashboardportal/masters/yarnqualitymaster @ http://sjm.localhost:3000/_next/static/chunks/217dd_next_dist_9c560571._.js:2297
[  660543ms] [LOG] Detected Host: sjm.localhost:3000 http://sjm.localhost:3000/dashboardportal/masters/yarnqualitymaster @ http://sjm.localhost:3000/_next/static/chunks/217dd_next_dist_9c560571._.js:2297
[  660548ms] [LOG] Detected Host: sjm.localhost:3000 http://sjm.localhost:3000/dashboardportal/masters/yarnqualitymaster @ http://sjm.localhost:3000/_next/static/chunks/217dd_next_dist_9c560571._.js:2297
[  660672ms] [LOG] Detected Host: sjm.localhost:3000 http://sjm.localhost:3000/dashboardportal/masters/yarnqualitymaster @ http://sjm.localhost:3000/_next/static/chunks/217dd_next_dist_9c560571._.js:2297
[  660672ms] [LOG] Detected Host: sjm.localhost:3000 http://sjm.localhost:3000/dashboardportal/masters/yarnqualitymaster @ http://sjm.localhost:3000/_next/static/chunks/217dd_next_dist_9c560571._.js:2297
[  660756ms] [LOG] [Fast Refresh] rebuilding @ http://sjm.localhost:3000/_next/static/chunks/217dd_next_dist_9c560571._.js:2297
[  662788ms] [LOG] [Fast Refresh] done in 2593ms @ http://sjm.localhost:3000/_next/static/chunks/217dd_next_dist_9c560571._.js:2297
[  663025ms] [INFO] %cDownload the React DevTools for a better development experience: https://react.dev/link/react-devtools font-weight:bold @ http://sjm.localhost:3000/_next/static/chunks/217dd_next_dist_9c560571._.js:2297
[  663062ms] [LOG] [HMR] connected @ http://sjm.localhost:3000/_next/static/chunks/217dd_next_dist_9c560571._.js:2297
[  663255ms] [LOG] Detected Host: sjm.localhost:3000 http://sjm.localhost:3000/dashboardportal/masters/YarnTypeMaster @ http://sjm.localhost:3000/_next/static/chunks/217dd_next_dist_9c560571._.js:2297
[  663256ms] [LOG] Detected Host: sjm.localhost:3000 http://sjm.localhost:3000/dashboardportal/masters/YarnTypeMaster @ http://sjm.localhost:3000/_next/static/chunks/217dd_next_dist_9c560571._.js:2297
[  663282ms] [LOG] Detected Host: sjm.localhost:3000 http://sjm.localhost:3000/dashboardportal/masters/YarnTypeMaster @ http://sjm.localhost:3000/_next/static/chunks/217dd_next_dist_9c560571._.js:2297
[  663283ms] [LOG] Detected Host: sjm.localhost:3000 http://sjm.localhost:3000/dashboardportal/masters/YarnTypeMaster @ http://sjm.localhost:3000/_next/static/chunks/217dd_next_dist_9c560571._.js:2297
[  663307ms] [LOG] Detected Host: sjm.localhost:3000 http://sjm.localhost:3000/dashboardportal/masters/YarnTypeMaster @ http://sjm.localhost:3000/_next/static/chunks/217dd_next_dist_9c560571._.js:2297
[  663307ms] [LOG] Detected Host: sjm.localhost:3000 http://sjm.localhost:3000/dashboardportal/masters/YarnTypeMaster @ http://sjm.localhost:3000/_next/static/chunks/217dd_next_dist_9c560571._.js:2297
[  663335ms] [LOG] Detected Host: sjm.localhost:3000 http://sjm.localhost:3000/dashboardportal/masters/YarnTypeMaster @ http://sjm.localhost:3000/_next/static/chunks/217dd_next_dist_9c560571._.js:2297
[  663336ms] [LOG] Detected Host: sjm.localhost:3000 http://sjm.localhost:3000/dashboardportal/masters/YarnTypeMaster @ http://sjm.localhost:3000/_next/static/chunks/217dd_next_dist_9c560571._.js:2297
[  663359ms] [LOG] Detected Host: sjm.localhost:3000 http://sjm.localhost:3000/dashboardportal/masters/YarnTypeMaster @ http://sjm.localhost:3000/_next/static/chunks/217dd_next_dist_9c560571._.js:2297
[  663360ms] [LOG] Detected Host: sjm.localhost:3000 http://sjm.localhost:3000/dashboardportal/masters/YarnTypeMaster @ http://sjm.localhost:3000/_next/static/chunks/217dd_next_dist_9c560571._.js:2297
[  663384ms] [LOG] Detected Host: sjm.localhost:3000 http://sjm.localhost:3000/dashboardportal/masters/YarnTypeMaster @ http://sjm.localhost:3000/_next/static/chunks/217dd_next_dist_9c560571._.js:2297
[  663385ms] [LOG] Detected Host: sjm.localhost:3000 http://sjm.localhost:3000/dashboardportal/masters/YarnTypeMaster @ http://sjm.localhost:3000/_next/static/chunks/217dd_next_dist_9c560571._.js:2297
[  663406ms] [LOG] Detected Host: sjm.localhost:3000 http://sjm.localhost:3000/dashboardportal/masters/YarnTypeMaster @ http://sjm.localhost:3000/_next/static/chunks/217dd_next_dist_9c560571._.js:2297
[  663406ms] [LOG] Detected Host: sjm.localhost:3000 http://sjm.localhost:3000/dashboardportal/masters/YarnTypeMaster @ http://sjm.localhost:3000/_next/static/chunks/217dd_next_dist_9c560571._.js:2297
[  663429ms] [LOG] Detected Host: sjm.localhost:3000 http://sjm.localhost:3000/dashboardportal/masters/YarnTypeMaster @ http://sjm.localhost:3000/_next/static/chunks/217dd_next_dist_9c560571._.js:2297
[  663429ms] [LOG] Detected Host: sjm.localhost:3000 http://sjm.localhost:3000/dashboardportal/masters/YarnTypeMaster @ http://sjm.localhost:3000/_next/static/chunks/217dd_next_dist_9c560571._.js:2297
[  663513ms] [LOG] Detected Host: sjm.localhost:3000 http://sjm.localhost:3000/dashboardportal/masters/YarnTypeMaster @ http://sjm.localhost:3000/_next/static/chunks/217dd_next_dist_9c560571._.js:2297
[  663520ms] [LOG] Detected Host: sjm.localhost:3000 http://sjm.localhost:3000/dashboardportal/masters/YarnTypeMaster @ http://sjm.localhost:3000/_next/static/chunks/217dd_next_dist_9c560571._.js:2297
[  663619ms] [LOG] Detected Host: sjm.localhost:3000 http://sjm.localhost:3000/dashboardportal/masters/YarnTypeMaster @ http://sjm.localhost:3000/_next/static/chunks/217dd_next_dist_9c560571._.js:2297
[  663624ms] [LOG] Detected Host: sjm.localhost:3000 http://sjm.localhost:3000/dashboardportal/masters/YarnTypeMaster @ http://sjm.localhost:3000/_next/static/chunks/217dd_next_dist_9c560571._.js:2297
[  663755ms] [LOG] Detected Host: sjm.localhost:3000 http://sjm.localhost:3000/dashboardportal/masters/YarnTypeMaster @ http://sjm.localhost:3000/_next/static/chunks/217dd_next_dist_9c560571._.js:2297
[  663761ms] [LOG] Detected Host: sjm.localhost:3000 http://sjm.localhost:3000/dashboardportal/masters/YarnTypeMaster @ http://sjm.localhost:3000/_next/static/chunks/217dd_next_dist_9c560571._.js:2297
[  663925ms] [LOG] Detected Host: sjm.localhost:3000 http://sjm.localhost:3000/dashboardportal/masters/YarnTypeMaster @ http://sjm.localhost:3000/_next/static/chunks/217dd_next_dist_9c560571._.js:2297
[  663930ms] [LOG] Detected Host: sjm.localhost:3000 http://sjm.localhost:3000/dashboardportal/masters/YarnTypeMaster @ http://sjm.localhost:3000/_next/static/chunks/217dd_next_dist_9c560571._.js:2297
[  664041ms] [LOG] Detected Host: sjm.localhost:3000 http://sjm.localhost:3000/dashboardportal/masters/YarnTypeMaster @ http://sjm.localhost:3000/_next/static/chunks/217dd_next_dist_9c560571._.js:2297
[  664041ms] [LOG] Detected Host: sjm.localhost:3000 http://sjm.localhost:3000/dashboardportal/masters/YarnTypeMaster @ http://sjm.localhost:3000/_next/static/chunks/217dd_next_dist_9c560571._.js:2297
[  664188ms] [LOG] [Fast Refresh] rebuilding @ http://sjm.localhost:3000/_next/static/chunks/217dd_next_dist_9c560571._.js:2297
[  664342ms] [ERROR] Failed to load resource: the server responded with a status of 404 (Not Found) @ http://sjm.localhost:3000/dashboardportal/MISEntries:0
[  664585ms] [INFO] %cDownload the React DevTools for a better development experience: https://react.dev/link/react-devtools font-weight:bold @ http://sjm.localhost:3000/_next/static/chunks/217dd_next_dist_9c560571._.js:2297
[  664615ms] [LOG] [HMR] connected @ http://sjm.localhost:3000/_next/static/chunks/217dd_next_dist_9c560571._.js:2297
[  664727ms] [LOG] [Fast Refresh] rebuilding @ http://sjm.localhost:3000/_next/static/chunks/217dd_next_dist_9c560571._.js:2297
[  664794ms] [LOG] [Fast Refresh] done in 168ms @ http://sjm.localhost:3000/_next/static/chunks/217dd_next_dist_9c560571._.js:2297
[  664909ms] [LOG] [Fast Refresh] rebuilding @ http://sjm.localhost:3000/_next/static/chunks/217dd_next_dist_9c560571._.js:2297
[  665493ms] [ERROR] Failed to load resource: the server responded with a status of 404 (Not Found) @ http://sjm.localhost:3000/dashboardportal/misentries/dustBoiler:0
[  665703ms] [INFO] %cDownload the React DevTools for a better development experience: https://react.dev/link/react-devtools font-weight:bold @ http://sjm.localhost:3000/_next/static/chunks/217dd_next_dist_9c560571._.js:2297
[  665726ms] [LOG] [HMR] connected @ http://sjm.localhost:3000/_next/static/chunks/217dd_next_dist_9c560571._.js:2297
[  665895ms] [LOG] [Fast Refresh] rebuilding @ http://sjm.localhost:3000/_next/static/chunks/217dd_next_dist_9c560571._.js:2297
[  665961ms] [LOG] [Fast Refresh] done in 169ms @ http://sjm.localhost:3000/_next/static/chunks/217dd_next_dist_9c560571._.js:2297
[  666126ms] [LOG] [Fast Refresh] rebuilding @ http://sjm.localhost:3000/_next/static/chunks/217dd_next_dist_9c560571._.js:2297
[  666178ms] [LOG] [Fast Refresh] done in 163ms @ http://sjm.localhost:3000/_next/static/chunks/217dd_next_dist_9c560571._.js:2297
[  666358ms] [LOG] [Fast Refresh] rebuilding @ http://sjm.localhost:3000/_next/static/chunks/217dd_next_dist_9c560571._.js:2297
[  668657ms] [INFO] %cDownload the React DevTools for a better development experience: https://react.dev/link/react-devtools font-weight:bold @ http://sjm.localhost:3000/_next/static/chunks/217dd_next_dist_9c560571._.js:2297
[  668695ms] [LOG] [HMR] connected @ http://sjm.localhost:3000/_next/static/chunks/217dd_next_dist_9c560571._.js:2297
[  668917ms] [LOG] Detected Host: sjm.localhost:3000 http://sjm.localhost:3000/dashboardportal/misentries/electricityDG @ http://sjm.localhost:3000/_next/static/chunks/217dd_next_dist_9c560571._.js:2297
[  668918ms] [LOG] Detected Host: sjm.localhost:3000 http://sjm.localhost:3000/dashboardportal/misentries/electricityDG @ http://sjm.localhost:3000/_next/static/chunks/217dd_next_dist_9c560571._.js:2297
[  668945ms] [LOG] Detected Host: sjm.localhost:3000 http://sjm.localhost:3000/dashboardportal/misentries/electricityDG @ http://sjm.localhost:3000/_next/static/chunks/217dd_next_dist_9c560571._.js:2297
[  668946ms] [LOG] Detected Host: sjm.localhost:3000 http://sjm.localhost:3000/dashboardportal/misentries/electricityDG @ http://sjm.localhost:3000/_next/static/chunks/217dd_next_dist_9c560571._.js:2297
[  668969ms] [LOG] Detected Host: sjm.localhost:3000 http://sjm.localhost:3000/dashboardportal/misentries/electricityDG @ http://sjm.localhost:3000/_next/static/chunks/217dd_next_dist_9c560571._.js:2297
[  668970ms] [LOG] Detected Host: sjm.localhost:3000 http://sjm.localhost:3000/dashboardportal/misentries/electricityDG @ http://sjm.localhost:3000/_next/static/chunks/217dd_next_dist_9c560571._.js:2297
[  669000ms] [LOG] Detected Host: sjm.localhost:3000 http://sjm.localhost:3000/dashboardportal/misentries/electricityDG @ http://sjm.localhost:3000/_next/static/chunks/217dd_next_dist_9c560571._.js:2297
[  669000ms] [LOG] Detected Host: sjm.localhost:3000 http://sjm.localhost:3000/dashboardportal/misentries/electricityDG @ http://sjm.localhost:3000/_next/static/chunks/217dd_next_dist_9c560571._.js:2297
[  669022ms] [LOG] Detected Host: sjm.localhost:3000 http://sjm.localhost:3000/dashboardportal/misentries/electricityDG @ http://sjm.localhost:3000/_next/static/chunks/217dd_next_dist_9c560571._.js:2297
[  669022ms] [LOG] Detected Host: sjm.localhost:3000 http://sjm.localhost:3000/dashboardportal/misentries/electricityDG @ http://sjm.localhost:3000/_next/static/chunks/217dd_next_dist_9c560571._.js:2297
[  669053ms] [LOG] Detected Host: sjm.localhost:3000 http://sjm.localhost:3000/dashboardportal/misentries/electricityDG @ http://sjm.localhost:3000/_next/static/chunks/217dd_next_dist_9c560571._.js:2297
[  669055ms] [LOG] Detected Host: sjm.localhost:3000 http://sjm.localhost:3000/dashboardportal/misentries/electricityDG @ http://sjm.localhost:3000/_next/static/chunks/217dd_next_dist_9c560571._.js:2297
[  669081ms] [LOG] Detected Host: sjm.localhost:3000 http://sjm.localhost:3000/dashboardportal/misentries/electricityDG @ http://sjm.localhost:3000/_next/static/chunks/217dd_next_dist_9c560571._.js:2297
[  669082ms] [LOG] Detected Host: sjm.localhost:3000 http://sjm.localhost:3000/dashboardportal/misentries/electricityDG @ http://sjm.localhost:3000/_next/static/chunks/217dd_next_dist_9c560571._.js:2297
[  669107ms] [LOG] Detected Host: sjm.localhost:3000 http://sjm.localhost:3000/dashboardportal/misentries/electricityDG @ http://sjm.localhost:3000/_next/static/chunks/217dd_next_dist_9c560571._.js:2297
[  669108ms] [LOG] Detected Host: sjm.localhost:3000 http://sjm.localhost:3000/dashboardportal/misentries/electricityDG @ http://sjm.localhost:3000/_next/static/chunks/217dd_next_dist_9c560571._.js:2297
[  669136ms] [LOG] Detected Host: sjm.localhost:3000 http://sjm.localhost:3000/dashboardportal/misentries/electricityDG @ http://sjm.localhost:3000/_next/static/chunks/217dd_next_dist_9c560571._.js:2297
[  669137ms] [LOG] Detected Host: sjm.localhost:3000 http://sjm.localhost:3000/dashboardportal/misentries/electricityDG @ http://sjm.localhost:3000/_next/static/chunks/217dd_next_dist_9c560571._.js:2297
[  669141ms] [LOG] [Fast Refresh] rebuilding @ http://sjm.localhost:3000/_next/static/chunks/217dd_next_dist_9c560571._.js:2297
[  669155ms] [LOG] [Fast Refresh] done in 120ms @ http://sjm.localhost:3000/_next/static/chunks/217dd_next_dist_9c560571._.js:2297
[  669162ms] [LOG] Detected Host: sjm.localhost:3000 http://sjm.localhost:3000/dashboardportal/misentries/electricityDG @ http://sjm.localhost:3000/_next/static/chunks/217dd_next_dist_9c560571._.js:2297
[  669163ms] [LOG] Detected Host: sjm.localhost:3000 http://sjm.localhost:3000/dashboardportal/misentries/electricityDG @ http://sjm.localhost:3000/_next/static/chunks/217dd_next_dist_9c560571._.js:2297
[  669200ms] [LOG] Detected Host: sjm.localhost:3000 http://sjm.localhost:3000/dashboardportal/misentries/electricityDG @ http://sjm.localhost:3000/_next/static/chunks/217dd_next_dist_9c560571._.js:2297
[  669201ms] [LOG] Detected Host: sjm.localhost:3000 http://sjm.localhost:3000/dashboardportal/misentries/electricityDG @ http://sjm.localhost:3000/_next/static/chunks/217dd_next_dist_9c560571._.js:2297
[  669219ms] [LOG] Detected Host: sjm.localhost:3000 http://sjm.localhost:3000/dashboardportal/misentries/electricityDG @ http://sjm.localhost:3000/_next/static/chunks/217dd_next_dist_9c560571._.js:2297
[  669219ms] [LOG] Detected Host: sjm.localhost:3000 http://sjm.localhost:3000/dashboardportal/misentries/electricityDG @ http://sjm.localhost:3000/_next/static/chunks/217dd_next_dist_9c560571._.js:2297
[  669238ms] [LOG] Detected Host: sjm.localhost:3000 http://sjm.localhost:3000/dashboardportal/misentries/electricityDG @ http://sjm.localhost:3000/_next/static/chunks/217dd_next_dist_9c560571._.js:2297
[  669239ms] [LOG] Detected Host: sjm.localhost:3000 http://sjm.localhost:3000/dashboardportal/misentries/electricityDG @ http://sjm.localhost:3000/_next/static/chunks/217dd_next_dist_9c560571._.js:2297
[  669259ms] [LOG] Detected Host: sjm.localhost:3000 http://sjm.localhost:3000/dashboardportal/misentries/electricityDG @ http://sjm.localhost:3000/_next/static/chunks/217dd_next_dist_9c560571._.js:2297
[  669260ms] [LOG] Detected Host: sjm.localhost:3000 http://sjm.localhost:3000/dashboardportal/misentries/electricityDG @ http://sjm.localhost:3000/_next/static/chunks/217dd_next_dist_9c560571._.js:2297
[  669287ms] [LOG] Detected Host: sjm.localhost:3000 http://sjm.localhost:3000/dashboardportal/misentries/electricityDG @ http://sjm.localhost:3000/_next/static/chunks/217dd_next_dist_9c560571._.js:2297
[  669288ms] [LOG] Detected Host: sjm.localhost:3000 http://sjm.localhost:3000/dashboardportal/misentries/electricityDG @ http://sjm.localhost:3000/_next/static/chunks/217dd_next_dist_9c560571._.js:2297
[  669314ms] [LOG] Detected Host: sjm.localhost:3000 http://sjm.localhost:3000/dashboardportal/misentries/electricityDG @ http://sjm.localhost:3000/_next/static/chunks/217dd_next_dist_9c560571._.js:2297
[  669314ms] [LOG] Detected Host: sjm.localhost:3000 http://sjm.localhost:3000/dashboardportal/misentries/electricityDG @ http://sjm.localhost:3000/_next/static/chunks/217dd_next_dist_9c560571._.js:2297
[  669332ms] [LOG] Detected Host: sjm.localhost:3000 http://sjm.localhost:3000/dashboardportal/misentries/electricityDG @ http://sjm.localhost:3000/_next/static/chunks/217dd_next_dist_9c560571._.js:2297
[  669333ms] [LOG] Detected Host: sjm.localhost:3000 http://sjm.localhost:3000/dashboardportal/misentries/electricityDG @ http://sjm.localhost:3000/_next/static/chunks/217dd_next_dist_9c560571._.js:2297
[  669351ms] [LOG] Detected Host: sjm.localhost:3000 http://sjm.localhost:3000/dashboardportal/misentries/electricityDG @ http://sjm.localhost:3000/_next/static/chunks/217dd_next_dist_9c560571._.js:2297
[  669352ms] [LOG] Detected Host: sjm.localhost:3000 http://sjm.localhost:3000/dashboardportal/misentries/electricityDG @ http://sjm.localhost:3000/_next/static/chunks/217dd_next_dist_9c560571._.js:2297
[  669373ms] [LOG] Detected Host: sjm.localhost:3000 http://sjm.localhost:3000/dashboardportal/misentries/electricityDG @ http://sjm.localhost:3000/_next/static/chunks/217dd_next_dist_9c560571._.js:2297
[  669374ms] [LOG] Detected Host: sjm.localhost:3000 http://sjm.localhost:3000/dashboardportal/misentries/electricityDG @ http://sjm.localhost:3000/_next/static/chunks/217dd_next_dist_9c560571._.js:2297
[  669396ms] [LOG] Detected Host: sjm.localhost:3000 http://sjm.localhost:3000/dashboardportal/misentries/electricityDG @ http://sjm.localhost:3000/_next/static/chunks/217dd_next_dist_9c560571._.js:2297
[  669397ms] [LOG] Detected Host: sjm.localhost:3000 http://sjm.localhost:3000/dashboardportal/misentries/electricityDG @ http://sjm.localhost:3000/_next/static/chunks/217dd_next_dist_9c560571._.js:2297
[  669416ms] [LOG] Detected Host: sjm.localhost:3000 http://sjm.localhost:3000/dashboardportal/misentries/electricityDG @ http://sjm.localhost:3000/_next/static/chunks/217dd_next_dist_9c560571._.js:2297
[  669417ms] [LOG] Detected Host: sjm.localhost:3000 http://sjm.localhost:3000/dashboardportal/misentries/electricityDG @ http://sjm.localhost:3000/_next/static/chunks/217dd_next_dist_9c560571._.js:2297
[  669431ms] [LOG] Detected Host: sjm.localhost:3000 http://sjm.localhost:3000/dashboardportal/misentries/electricityDG @ http://sjm.localhost:3000/_next/static/chunks/217dd_next_dist_9c560571._.js:2297
[  669431ms] [LOG] Detected Host: sjm.localhost:3000 http://sjm.localhost:3000/dashboardportal/misentries/electricityDG @ http://sjm.localhost:3000/_next/static/chunks/217dd_next_dist_9c560571._.js:2297
[  669439ms] [LOG] Detected Host: sjm.localhost:3000 http://sjm.localhost:3000/dashboardportal/misentries/electricityDG @ http://sjm.localhost:3000/_next/static/chunks/217dd_next_dist_9c560571._.js:2297
[  669440ms] [LOG] Detected Host: sjm.localhost:3000 http://sjm.localhost:3000/dashboardportal/misentries/electricityDG @ http://sjm.localhost:3000/_next/static/chunks/217dd_next_dist_9c560571._.js:2297
[  669451ms] [LOG] Detected Host: sjm.localhost:3000 http://sjm.localhost:3000/dashboardportal/misentries/electricityDG @ http://sjm.localhost:3000/_next/static/chunks/217dd_next_dist_9c560571._.js:2297
[  669451ms] [LOG] Detected Host: sjm.localhost:3000 http://sjm.localhost:3000/dashboardportal/misentries/electricityDG @ http://sjm.localhost:3000/_next/static/chunks/217dd_next_dist_9c560571._.js:2297
[  669458ms] [LOG] Detected Host: sjm.localhost:3000 http://sjm.localhost:3000/dashboardportal/misentries/electricityDG @ http://sjm.localhost:3000/_next/static/chunks/217dd_next_dist_9c560571._.js:2297
[  669458ms] [LOG] Detected Host: sjm.localhost:3000 http://sjm.localhost:3000/dashboardportal/misentries/electricityDG @ http://sjm.localhost:3000/_next/static/chunks/217dd_next_dist_9c560571._.js:2297
[  669466ms] [LOG] Detected Host: sjm.localhost:3000 http://sjm.localhost:3000/dashboardportal/misentries/electricityDG @ http://sjm.localhost:3000/_next/static/chunks/217dd_next_dist_9c560571._.js:2297
[  669467ms] [LOG] Detected Host: sjm.localhost:3000 http://sjm.localhost:3000/dashboardportal/misentries/electricityDG @ http://sjm.localhost:3000/_next/static/chunks/217dd_next_dist_9c560571._.js:2297
[  669473ms] [LOG] Detected Host: sjm.localhost:3000 http://sjm.localhost:3000/dashboardportal/misentries/electricityDG @ http://sjm.localhost:3000/_next/static/chunks/217dd_next_dist_9c560571._.js:2297
[  669474ms] [LOG] Detected Host: sjm.localhost:3000 http://sjm.localhost:3000/dashboardportal/misentries/electricityDG @ http://sjm.localhost:3000/_next/static/chunks/217dd_next_dist_9c560571._.js:2297
[  669484ms] [LOG] Detected Host: sjm.localhost:3000 http://sjm.localhost:3000/dashboardportal/misentries/electricityDG @ http://sjm.localhost:3000/_next/static/chunks/217dd_next_dist_9c560571._.js:2297
[  669485ms] [LOG] Detected Host: sjm.localhost:3000 http://sjm.localhost:3000/dashboardportal/misentries/electricityDG @ http://sjm.localhost:3000/_next/static/chunks/217dd_next_dist_9c560571._.js:2297
[  669496ms] [LOG] Detected Host: sjm.localhost:3000 http://sjm.localhost:3000/dashboardportal/misentries/electricityDG @ http://sjm.localhost:3000/_next/static/chunks/217dd_next_dist_9c560571._.js:2297
[  669497ms] [LOG] Detected Host: sjm.localhost:3000 http://sjm.localhost:3000/dashboardportal/misentries/electricityDG @ http://sjm.localhost:3000/_next/static/chunks/217dd_next_dist_9c560571._.js:2297
[  669513ms] [LOG] Detected Host: sjm.localhost:3000 http://sjm.localhost:3000/dashboardportal/misentries/electricityDG @ http://sjm.localhost:3000/_next/static/chunks/217dd_next_dist_9c560571._.js:2297
[  669514ms] [LOG] Detected Host: sjm.localhost:3000 http://sjm.localhost:3000/dashboardportal/misentries/electricityDG @ http://sjm.localhost:3000/_next/static/chunks/217dd_next_dist_9c560571._.js:2297
[  669521ms] [LOG] Detected Host: sjm.localhost:3000 http://sjm.localhost:3000/dashboardportal/misentries/electricityDG @ http://sjm.localhost:3000/_next/static/chunks/217dd_next_dist_9c560571._.js:2297
[  669522ms] [LOG] Detected Host: sjm.localhost:3000 http://sjm.localhost:3000/dashboardportal/misentries/electricityDG @ http://sjm.localhost:3000/_next/static/chunks/217dd_next_dist_9c560571._.js:2297
[  669532ms] [LOG] Detected Host: sjm.localhost:3000 http://sjm.localhost:3000/dashboardportal/misentries/electricityDG @ http://sjm.localhost:3000/_next/static/chunks/217dd_next_dist_9c560571._.js:2297
[  669532ms] [LOG] Detected Host: sjm.localhost:3000 http://sjm.localhost:3000/dashboardportal/misentries/electricityDG @ http://sjm.localhost:3000/_next/static/chunks/217dd_next_dist_9c560571._.js:2297
[  669540ms] [LOG] Detected Host: sjm.localhost:3000 http://sjm.localhost:3000/dashboardportal/misentries/electricityDG @ http://sjm.localhost:3000/_next/static/chunks/217dd_next_dist_9c560571._.js:2297
[  669540ms] [LOG] Detected Host: sjm.localhost:3000 http://sjm.localhost:3000/dashboardportal/misentries/electricityDG @ http://sjm.localhost:3000/_next/static/chunks/217dd_next_dist_9c560571._.js:2297
[  669551ms] [LOG] Detected Host: sjm.localhost:3000 http://sjm.localhost:3000/dashboardportal/misentries/electricityDG @ http://sjm.localhost:3000/_next/static/chunks/217dd_next_dist_9c560571._.js:2297
[  669551ms] [LOG] Detected Host: sjm.localhost:3000 http://sjm.localhost:3000/dashboardportal/misentries/electricityDG @ http://sjm.localhost:3000/_next/static/chunks/217dd_next_dist_9c560571._.js:2297
[  669558ms] [LOG] Detected Host: sjm.localhost:3000 http://sjm.localhost:3000/dashboardportal/misentries/electricityDG @ http://sjm.localhost:3000/_next/static/chunks/217dd_next_dist_9c560571._.js:2297
[  669558ms] [LOG] Detected Host: sjm.localhost:3000 http://sjm.localhost:3000/dashboardportal/misentries/electricityDG @ http://sjm.localhost:3000/_next/static/chunks/217dd_next_dist_9c560571._.js:2297
[  669566ms] [LOG] Detected Host: sjm.localhost:3000 http://sjm.localhost:3000/dashboardportal/misentries/electricityDG @ http://sjm.localhost:3000/_next/static/chunks/217dd_next_dist_9c560571._.js:2297
[  669567ms] [LOG] Detected Host: sjm.localhost:3000 http://sjm.localhost:3000/dashboardportal/misentries/electricityDG @ http://sjm.localhost:3000/_next/static/chunks/217dd_next_dist_9c560571._.js:2297
[  669573ms] [LOG] Detected Host: sjm.localhost:3000 http://sjm.localhost:3000/dashboardportal/misentries/electricityDG @ http://sjm.localhost:3000/_next/static/chunks/217dd_next_dist_9c560571._.js:2297
[  669574ms] [LOG] Detected Host: sjm.localhost:3000 http://sjm.localhost:3000/dashboardportal/misentries/electricityDG @ http://sjm.localhost:3000/_next/static/chunks/217dd_next_dist_9c560571._.js:2297
[  669582ms] [LOG] Detected Host: sjm.localhost:3000 http://sjm.localhost:3000/dashboardportal/misentries/electricityDG @ http://sjm.localhost:3000/_next/static/chunks/217dd_next_dist_9c560571._.js:2297
[  669582ms] [LOG] Detected Host: sjm.localhost:3000 http://sjm.localhost:3000/dashboardportal/misentries/electricityDG @ http://sjm.localhost:3000/_next/static/chunks/217dd_next_dist_9c560571._.js:2297
[  669589ms] [LOG] Detected Host: sjm.localhost:3000 http://sjm.localhost:3000/dashboardportal/misentries/electricityDG @ http://sjm.localhost:3000/_next/static/chunks/217dd_next_dist_9c560571._.js:2297
[  669590ms] [LOG] Detected Host: sjm.localhost:3000 http://sjm.localhost:3000/dashboardportal/misentries/electricityDG @ http://sjm.localhost:3000/_next/static/chunks/217dd_next_dist_9c560571._.js:2297
[  669598ms] [LOG] Detected Host: sjm.localhost:3000 http://sjm.localhost:3000/dashboardportal/misentries/electricityDG @ http://sjm.localhost:3000/_next/static/chunks/217dd_next_dist_9c560571._.js:2297
[  669598ms] [LOG] Detected Host: sjm.localhost:3000 http://sjm.localhost:3000/dashboardportal/misentries/electricityDG @ http://sjm.localhost:3000/_next/static/chunks/217dd_next_dist_9c560571._.js:2297
[  669605ms] [LOG] Detected Host: sjm.localhost:3000 http://sjm.localhost:3000/dashboardportal/misentries/electricityDG @ http://sjm.localhost:3000/_next/static/chunks/217dd_next_dist_9c560571._.js:2297
[  669605ms] [LOG] Detected Host: sjm.localhost:3000 http://sjm.localhost:3000/dashboardportal/misentries/electricityDG @ http://sjm.localhost:3000/_next/static/chunks/217dd_next_dist_9c560571._.js:2297
[  669611ms] [LOG] Detected Host: sjm.localhost:3000 http://sjm.localhost:3000/dashboardportal/misentries/electricityDG @ http://sjm.localhost:3000/_next/static/chunks/217dd_next_dist_9c560571._.js:2297
[  669612ms] [LOG] Detected Host: sjm.localhost:3000 http://sjm.localhost:3000/dashboardportal/misentries/electricityDG @ http://sjm.localhost:3000/_next/static/chunks/217dd_next_dist_9c560571._.js:2297
[  669619ms] [LOG] Detected Host: sjm.localhost:3000 http://sjm.localhost:3000/dashboardportal/misentries/electricityDG @ http://sjm.localhost:3000/_next/static/chunks/217dd_next_dist_9c560571._.js:2297
[  669620ms] [LOG] Detected Host: sjm.localhost:3000 http://sjm.localhost:3000/dashboardportal/misentries/electricityDG @ http://sjm.localhost:3000/_next/static/chunks/217dd_next_dist_9c560571._.js:2297
[  669626ms] [LOG] Detected Host: sjm.localhost:3000 http://sjm.localhost:3000/dashboardportal/misentries/electricityDG @ http://sjm.localhost:3000/_next/static/chunks/217dd_next_dist_9c560571._.js:2297
[  669626ms] [LOG] Detected Host: sjm.localhost:3000 http://sjm.localhost:3000/dashboardportal/misentries/electricityDG @ http://sjm.localhost:3000/_next/static/chunks/217dd_next_dist_9c560571._.js:2297
[  669634ms] [LOG] Detected Host: sjm.localhost:3000 http://sjm.localhost:3000/dashboardportal/misentries/electricityDG @ http://sjm.localhost:3000/_next/static/chunks/217dd_next_dist_9c560571._.js:2297
[  669634ms] [LOG] Detected Host: sjm.localhost:3000 http://sjm.localhost:3000/dashboardportal/misentries/electricityDG @ http://sjm.localhost:3000/_next/static/chunks/217dd_next_dist_9c560571._.js:2297
[  669656ms] [LOG] Detected Host: sjm.localhost:3000 http://sjm.localhost:3000/dashboardportal/misentries/electricityDG @ http://sjm.localhost:3000/_next/static/chunks/217dd_next_dist_9c560571._.js:2297
[  669656ms] [LOG] Detected Host: sjm.localhost:3000 http://sjm.localhost:3000/dashboardportal/misentries/electricityDG @ http://sjm.localhost:3000/_next/static/chunks/217dd_next_dist_9c560571._.js:2297
[  669663ms] [LOG] Detected Host: sjm.localhost:3000 http://sjm.localhost:3000/dashboardportal/misentries/electricityDG @ http://sjm.localhost:3000/_next/static/chunks/217dd_next_dist_9c560571._.js:2297
[  669663ms] [LOG] Detected Host: sjm.localhost:3000 http://sjm.localhost:3000/dashboardportal/misentries/electricityDG @ http://sjm.localhost:3000/_next/static/chunks/217dd_next_dist_9c560571._.js:2297
[  669670ms] [LOG] Detected Host: sjm.localhost:3000 http://sjm.localhost:3000/dashboardportal/misentries/electricityDG @ http://sjm.localhost:3000/_next/static/chunks/217dd_next_dist_9c560571._.js:2297
[  669670ms] [LOG] Detected Host: sjm.localhost:3000 http://sjm.localhost:3000/dashboardportal/misentries/electricityDG @ http://sjm.localhost:3000/_next/static/chunks/217dd_next_dist_9c560571._.js:2297
[  669677ms] [LOG] Detected Host: sjm.localhost:3000 http://sjm.localhost:3000/dashboardportal/misentries/electricityDG @ http://sjm.localhost:3000/_next/static/chunks/217dd_next_dist_9c560571._.js:2297
[  669677ms] [LOG] Detected Host: sjm.localhost:3000 http://sjm.localhost:3000/dashboardportal/misentries/electricityDG @ http://sjm.localhost:3000/_next/static/chunks/217dd_next_dist_9c560571._.js:2297
[  669684ms] [LOG] Detected Host: sjm.localhost:3000 http://sjm.localhost:3000/dashboardportal/misentries/electricityDG @ http://sjm.localhost:3000/_next/static/chunks/217dd_next_dist_9c560571._.js:2297
[  669685ms] [LOG] Detected Host: sjm.localhost:3000 http://sjm.localhost:3000/dashboardportal/misentries/electricityDG @ http://sjm.localhost:3000/_next/static/chunks/217dd_next_dist_9c560571._.js:2297
[  669691ms] [LOG] Detected Host: sjm.localhost:3000 http://sjm.localhost:3000/dashboardportal/misentries/electricityDG @ http://sjm.localhost:3000/_next/static/chunks/217dd_next_dist_9c560571._.js:2297
[  669691ms] [LOG] Detected Host: sjm.localhost:3000 http://sjm.localhost:3000/dashboardportal/misentries/electricityDG @ http://sjm.localhost:3000/_next/static/chunks/217dd_next_dist_9c560571._.js:2297
[  669704ms] [LOG] Detected Host: sjm.localhost:3000 http://sjm.localhost:3000/dashboardportal/misentries/electricityDG @ http://sjm.localhost:3000/_next/static/chunks/217dd_next_dist_9c560571._.js:2297
[  669704ms] [LOG] Detected Host: sjm.localhost:3000 http://sjm.localhost:3000/dashboardportal/misentries/electricityDG @ http://sjm.localhost:3000/_next/static/chunks/217dd_next_dist_9c560571._.js:2297
[  669723ms] [LOG] Detected Host: sjm.localhost:3000 http://sjm.localhost:3000/dashboardportal/misentries/electricityDG @ http://sjm.localhost:3000/_next/static/chunks/217dd_next_dist_9c560571._.js:2297
[  669723ms] [LOG] Detected Host: sjm.localhost:3000 http://sjm.localhost:3000/dashboardportal/misentries/electricityDG @ http://sjm.localhost:3000/_next/static/chunks/217dd_next_dist_9c560571._.js:2297
[  669741ms] [LOG] Detected Host: sjm.localhost:3000 http://sjm.localhost:3000/dashboardportal/misentries/electricityDG @ http://sjm.localhost:3000/_next/static/chunks/217dd_next_dist_9c560571._.js:2297
[  669741ms] [LOG] Detected Host: sjm.localhost:3000 http://sjm.localhost:3000/dashboardportal/misentries/electricityDG @ http://sjm.localhost:3000/_next/static/chunks/217dd_next_dist_9c560571._.js:2297
[  669760ms] [LOG] Detected Host: sjm.localhost:3000 http://sjm.localhost:3000/dashboardportal/misentries/electricityDG @ http://sjm.localhost:3000/_next/static/chunks/217dd_next_dist_9c560571._.js:2297
[  669760ms] [LOG] Detected Host: sjm.localhost:3000 http://sjm.localhost:3000/dashboardportal/misentries/electricityDG @ http://sjm.localhost:3000/_next/static/chunks/217dd_next_dist_9c560571._.js:2297
[  669783ms] [LOG] Detected Host: sjm.localhost:3000 http://sjm.localhost:3000/dashboardportal/misentries/electricityDG @ http://sjm.localhost:3000/_next/static/chunks/217dd_next_dist_9c560571._.js:2297
[  669784ms] [LOG] Detected Host: sjm.localhost:3000 http://sjm.localhost:3000/dashboardportal/misentries/electricityDG @ http://sjm.localhost:3000/_next/static/chunks/217dd_next_dist_9c560571._.js:2297
[  669804ms] [LOG] Detected Host: sjm.localhost:3000 http://sjm.localhost:3000/dashboardportal/misentries/electricityDG @ http://sjm.localhost:3000/_next/static/chunks/217dd_next_dist_9c560571._.js:2297
[  669805ms] [LOG] Detected Host: sjm.localhost:3000 http://sjm.localhost:3000/dashboardportal/misentries/electricityDG @ http://sjm.localhost:3000/_next/static/chunks/217dd_next_dist_9c560571._.js:2297
[  669878ms] [LOG] Detected Host: sjm.localhost:3000 http://sjm.localhost:3000/dashboardportal/misentries/electricityDG @ http://sjm.localhost:3000/_next/static/chunks/217dd_next_dist_9c560571._.js:2297
[  669884ms] [LOG] Detected Host: sjm.localhost:3000 http://sjm.localhost:3000/dashboardportal/misentries/electricityDG @ http://sjm.localhost:3000/_next/static/chunks/217dd_next_dist_9c560571._.js:2297
[  670488ms] [ERROR] Failed to load resource: the server responded with a status of 404 (Not Found) @ http://sjm.localhost:3000/dashboardportal/misentries/wipEntry:0
[  670715ms] [INFO] %cDownload the React DevTools for a better development experience: https://react.dev/link/react-devtools font-weight:bold @ http://sjm.localhost:3000/_next/static/chunks/217dd_next_dist_9c560571._.js:2297
[  670740ms] [LOG] [HMR] connected @ http://sjm.localhost:3000/_next/static/chunks/217dd_next_dist_9c560571._.js:2297
[  670857ms] [LOG] [Fast Refresh] rebuilding @ http://sjm.localhost:3000/_next/static/chunks/217dd_next_dist_9c560571._.js:2297
[  670923ms] [LOG] [Fast Refresh] done in 166ms @ http://sjm.localhost:3000/_next/static/chunks/217dd_next_dist_9c560571._.js:2297
[  671025ms] [LOG] [Fast Refresh] rebuilding @ http://sjm.localhost:3000/_next/static/chunks/217dd_next_dist_9c560571._.js:2297
[  673864ms] [INFO] %cDownload the React DevTools for a better development experience: https://react.dev/link/react-devtools font-weight:bold @ http://sjm.localhost:3000/_next/static/chunks/217dd_next_dist_9c560571._.js:2297
[  673906ms] [LOG] [HMR] connected @ http://sjm.localhost:3000/_next/static/chunks/217dd_next_dist_9c560571._.js:2297
[  674144ms] [LOG] Detected Host: sjm.localhost:3000 http://sjm.localhost:3000/dashboardportal/misentries/yarnPurchase @ http://sjm.localhost:3000/_next/static/chunks/217dd_next_dist_9c560571._.js:2297
[  674145ms] [LOG] Detected Host: sjm.localhost:3000 http://sjm.localhost:3000/dashboardportal/misentries/yarnPurchase @ http://sjm.localhost:3000/_next/static/chunks/217dd_next_dist_9c560571._.js:2297
[  674171ms] [LOG] Detected Host: sjm.localhost:3000 http://sjm.localhost:3000/dashboardportal/misentries/yarnPurchase @ http://sjm.localhost:3000/_next/static/chunks/217dd_next_dist_9c560571._.js:2297
[  674172ms] [LOG] Detected Host: sjm.localhost:3000 http://sjm.localhost:3000/dashboardportal/misentries/yarnPurchase @ http://sjm.localhost:3000/_next/static/chunks/217dd_next_dist_9c560571._.js:2297
[  674194ms] [LOG] Detected Host: sjm.localhost:3000 http://sjm.localhost:3000/dashboardportal/misentries/yarnPurchase @ http://sjm.localhost:3000/_next/static/chunks/217dd_next_dist_9c560571._.js:2297
[  674195ms] [LOG] Detected Host: sjm.localhost:3000 http://sjm.localhost:3000/dashboardportal/misentries/yarnPurchase @ http://sjm.localhost:3000/_next/static/chunks/217dd_next_dist_9c560571._.js:2297
[  674216ms] [LOG] Detected Host: sjm.localhost:3000 http://sjm.localhost:3000/dashboardportal/misentries/yarnPurchase @ http://sjm.localhost:3000/_next/static/chunks/217dd_next_dist_9c560571._.js:2297
[  674217ms] [LOG] Detected Host: sjm.localhost:3000 http://sjm.localhost:3000/dashboardportal/misentries/yarnPurchase @ http://sjm.localhost:3000/_next/static/chunks/217dd_next_dist_9c560571._.js:2297
[  674238ms] [LOG] Detected Host: sjm.localhost:3000 http://sjm.localhost:3000/dashboardportal/misentries/yarnPurchase @ http://sjm.localhost:3000/_next/static/chunks/217dd_next_dist_9c560571._.js:2297
[  674239ms] [LOG] Detected Host: sjm.localhost:3000 http://sjm.localhost:3000/dashboardportal/misentries/yarnPurchase @ http://sjm.localhost:3000/_next/static/chunks/217dd_next_dist_9c560571._.js:2297
[  674260ms] [LOG] Detected Host: sjm.localhost:3000 http://sjm.localhost:3000/dashboardportal/misentries/yarnPurchase @ http://sjm.localhost:3000/_next/static/chunks/217dd_next_dist_9c560571._.js:2297
[  674260ms] [LOG] Detected Host: sjm.localhost:3000 http://sjm.localhost:3000/dashboardportal/misentries/yarnPurchase @ http://sjm.localhost:3000/_next/static/chunks/217dd_next_dist_9c560571._.js:2297
[  674288ms] [LOG] Detected Host: sjm.localhost:3000 http://sjm.localhost:3000/dashboardportal/misentries/yarnPurchase @ http://sjm.localhost:3000/_next/static/chunks/217dd_next_dist_9c560571._.js:2297
[  674288ms] [LOG] Detected Host: sjm.localhost:3000 http://sjm.localhost:3000/dashboardportal/misentries/yarnPurchase @ http://sjm.localhost:3000/_next/static/chunks/217dd_next_dist_9c560571._.js:2297
[  674313ms] [LOG] Detected Host: sjm.localhost:3000 http://sjm.localhost:3000/dashboardportal/misentries/yarnPurchase @ http://sjm.localhost:3000/_next/static/chunks/217dd_next_dist_9c560571._.js:2297
[  674313ms] [LOG] Detected Host: sjm.localhost:3000 http://sjm.localhost:3000/dashboardportal/misentries/yarnPurchase @ http://sjm.localhost:3000/_next/static/chunks/217dd_next_dist_9c560571._.js:2297
[  674334ms] [LOG] Detected Host: sjm.localhost:3000 http://sjm.localhost:3000/dashboardportal/misentries/yarnPurchase @ http://sjm.localhost:3000/_next/static/chunks/217dd_next_dist_9c560571._.js:2297
[  674334ms] [LOG] Detected Host: sjm.localhost:3000 http://sjm.localhost:3000/dashboardportal/misentries/yarnPurchase @ http://sjm.localhost:3000/_next/static/chunks/217dd_next_dist_9c560571._.js:2297
[  674354ms] [LOG] Detected Host: sjm.localhost:3000 http://sjm.localhost:3000/dashboardportal/misentries/yarnPurchase @ http://sjm.localhost:3000/_next/static/chunks/217dd_next_dist_9c560571._.js:2297
[  674355ms] [LOG] Detected Host: sjm.localhost:3000 http://sjm.localhost:3000/dashboardportal/misentries/yarnPurchase @ http://sjm.localhost:3000/_next/static/chunks/217dd_next_dist_9c560571._.js:2297
[  674375ms] [LOG] Detected Host: sjm.localhost:3000 http://sjm.localhost:3000/dashboardportal/misentries/yarnPurchase @ http://sjm.localhost:3000/_next/static/chunks/217dd_next_dist_9c560571._.js:2297
[  674376ms] [LOG] Detected Host: sjm.localhost:3000 http://sjm.localhost:3000/dashboardportal/misentries/yarnPurchase @ http://sjm.localhost:3000/_next/static/chunks/217dd_next_dist_9c560571._.js:2297
[  674485ms] [LOG] Detected Host: sjm.localhost:3000 http://sjm.localhost:3000/dashboardportal/misentries/yarnPurchase @ http://sjm.localhost:3000/_next/static/chunks/217dd_next_dist_9c560571._.js:2297
[  674493ms] [LOG] Detected Host: sjm.localhost:3000 http://sjm.localhost:3000/dashboardportal/misentries/yarnPurchase @ http://sjm.localhost:3000/_next/static/chunks/217dd_next_dist_9c560571._.js:2297
[  674587ms] [LOG] Detected Host: sjm.localhost:3000 http://sjm.localhost:3000/dashboardportal/misentries/yarnPurchase @ http://sjm.localhost:3000/_next/static/chunks/217dd_next_dist_9c560571._.js:2297
[  674592ms] [LOG] Detected Host: sjm.localhost:3000 http://sjm.localhost:3000/dashboardportal/misentries/yarnPurchase @ http://sjm.localhost:3000/_next/static/chunks/217dd_next_dist_9c560571._.js:2297
[  674937ms] [ERROR] Failed to load resource: the server responded with a status of 404 (Not Found) @ http://sjm.localhost:3000/dashboardportal/MISReports:0
[  675095ms] [INFO] %cDownload the React DevTools for a better development experience: https://react.dev/link/react-devtools font-weight:bold @ http://sjm.localhost:3000/_next/static/chunks/217dd_next_dist_9c560571._.js:2297
[  675119ms] [LOG] [HMR] connected @ http://sjm.localhost:3000/_next/static/chunks/217dd_next_dist_9c560571._.js:2297
[  675306ms] [LOG] [Fast Refresh] rebuilding @ http://sjm.localhost:3000/_next/static/chunks/217dd_next_dist_9c560571._.js:2297
[  681040ms] [INFO] %cDownload the React DevTools for a better development experience: https://react.dev/link/react-devtools font-weight:bold @ http://sjm.localhost:3000/_next/static/chunks/217dd_next_dist_9c560571._.js:2297
[  681085ms] [LOG] [HMR] connected @ http://sjm.localhost:3000/_next/static/chunks/217dd_next_dist_9c560571._.js:2297
[  681377ms] [LOG] Detected Host: sjm.localhost:3000 http://sjm.localhost:3000/dashboardportal/misreports/misReports @ http://sjm.localhost:3000/_next/static/chunks/217dd_next_dist_9c560571._.js:2297
[  681378ms] [LOG] Detected Host: sjm.localhost:3000 http://sjm.localhost:3000/dashboardportal/misreports/misReports @ http://sjm.localhost:3000/_next/static/chunks/217dd_next_dist_9c560571._.js:2297
[  681404ms] [LOG] Detected Host: sjm.localhost:3000 http://sjm.localhost:3000/dashboardportal/misreports/misReports @ http://sjm.localhost:3000/_next/static/chunks/217dd_next_dist_9c560571._.js:2297
[  681405ms] [LOG] Detected Host: sjm.localhost:3000 http://sjm.localhost:3000/dashboardportal/misreports/misReports @ http://sjm.localhost:3000/_next/static/chunks/217dd_next_dist_9c560571._.js:2297
[  681426ms] [LOG] Detected Host: sjm.localhost:3000 http://sjm.localhost:3000/dashboardportal/misreports/misReports @ http://sjm.localhost:3000/_next/static/chunks/217dd_next_dist_9c560571._.js:2297
[  681427ms] [LOG] Detected Host: sjm.localhost:3000 http://sjm.localhost:3000/dashboardportal/misreports/misReports @ http://sjm.localhost:3000/_next/static/chunks/217dd_next_dist_9c560571._.js:2297
[  681473ms] [LOG] Detected Host: sjm.localhost:3000 http://sjm.localhost:3000/dashboardportal/misreports/misReports @ http://sjm.localhost:3000/_next/static/chunks/217dd_next_dist_9c560571._.js:2297
[  681474ms] [LOG] Detected Host: sjm.localhost:3000 http://sjm.localhost:3000/dashboardportal/misreports/misReports @ http://sjm.localhost:3000/_next/static/chunks/217dd_next_dist_9c560571._.js:2297
[  681500ms] [LOG] Detected Host: sjm.localhost:3000 http://sjm.localhost:3000/dashboardportal/misreports/misReports @ http://sjm.localhost:3000/_next/static/chunks/217dd_next_dist_9c560571._.js:2297
[  681500ms] [LOG] Detected Host: sjm.localhost:3000 http://sjm.localhost:3000/dashboardportal/misreports/misReports @ http://sjm.localhost:3000/_next/static/chunks/217dd_next_dist_9c560571._.js:2297
[  681525ms] [LOG] Detected Host: sjm.localhost:3000 http://sjm.localhost:3000/dashboardportal/misreports/misReports @ http://sjm.localhost:3000/_next/static/chunks/217dd_next_dist_9c560571._.js:2297
[  681526ms] [LOG] Detected Host: sjm.localhost:3000 http://sjm.localhost:3000/dashboardportal/misreports/misReports @ http://sjm.localhost:3000/_next/static/chunks/217dd_next_dist_9c560571._.js:2297
[  681548ms] [LOG] Detected Host: sjm.localhost:3000 http://sjm.localhost:3000/dashboardportal/misreports/misReports @ http://sjm.localhost:3000/_next/static/chunks/217dd_next_dist_9c560571._.js:2297
[  681549ms] [LOG] Detected Host: sjm.localhost:3000 http://sjm.localhost:3000/dashboardportal/misreports/misReports @ http://sjm.localhost:3000/_next/static/chunks/217dd_next_dist_9c560571._.js:2297
[  681574ms] [LOG] Detected Host: sjm.localhost:3000 http://sjm.localhost:3000/dashboardportal/misreports/misReports @ http://sjm.localhost:3000/_next/static/chunks/217dd_next_dist_9c560571._.js:2297
[  681575ms] [LOG] Detected Host: sjm.localhost:3000 http://sjm.localhost:3000/dashboardportal/misreports/misReports @ http://sjm.localhost:3000/_next/static/chunks/217dd_next_dist_9c560571._.js:2297
[  681597ms] [LOG] Detected Host: sjm.localhost:3000 http://sjm.localhost:3000/dashboardportal/misreports/misReports @ http://sjm.localhost:3000/_next/static/chunks/217dd_next_dist_9c560571._.js:2297
[  681597ms] [LOG] Detected Host: sjm.localhost:3000 http://sjm.localhost:3000/dashboardportal/misreports/misReports @ http://sjm.localhost:3000/_next/static/chunks/217dd_next_dist_9c560571._.js:2297
[  681654ms] [LOG] Detected Host: sjm.localhost:3000 http://sjm.localhost:3000/dashboardportal/misreports/misReports @ http://sjm.localhost:3000/_next/static/chunks/217dd_next_dist_9c560571._.js:2297
[  681655ms] [LOG] Detected Host: sjm.localhost:3000 http://sjm.localhost:3000/dashboardportal/misreports/misReports @ http://sjm.localhost:3000/_next/static/chunks/217dd_next_dist_9c560571._.js:2297
[  681712ms] [LOG] Detected Host: sjm.localhost:3000 http://sjm.localhost:3000/dashboardportal/misreports/misReports @ http://sjm.localhost:3000/_next/static/chunks/217dd_next_dist_9c560571._.js:2297
[  681719ms] [LOG] Detected Host: sjm.localhost:3000 http://sjm.localhost:3000/dashboardportal/misreports/misReports @ http://sjm.localhost:3000/_next/static/chunks/217dd_next_dist_9c560571._.js:2297
[  681840ms] [LOG] Detected Host: sjm.localhost:3000 http://sjm.localhost:3000/dashboardportal/misreports/misReports @ http://sjm.localhost:3000/_next/static/chunks/217dd_next_dist_9c560571._.js:2297
[  681846ms] [LOG] Detected Host: sjm.localhost:3000 http://sjm.localhost:3000/dashboardportal/misreports/misReports @ http://sjm.localhost:3000/_next/static/chunks/217dd_next_dist_9c560571._.js:2297
[  681969ms] [LOG] Detected Host: sjm.localhost:3000 http://sjm.localhost:3000/dashboardportal/misreports/misReports @ http://sjm.localhost:3000/_next/static/chunks/217dd_next_dist_9c560571._.js:2297
[  681974ms] [LOG] Detected Host: sjm.localhost:3000 http://sjm.localhost:3000/dashboardportal/misreports/misReports @ http://sjm.localhost:3000/_next/static/chunks/217dd_next_dist_9c560571._.js:2297
[  682079ms] [LOG] Detected Host: sjm.localhost:3000 http://sjm.localhost:3000/dashboardportal/misreports/misReports @ http://sjm.localhost:3000/_next/static/chunks/217dd_next_dist_9c560571._.js:2297
[  682083ms] [LOG] Detected Host: sjm.localhost:3000 http://sjm.localhost:3000/dashboardportal/misreports/misReports @ http://sjm.localhost:3000/_next/static/chunks/217dd_next_dist_9c560571._.js:2297
[  682124ms] [LOG] [Fast Refresh] rebuilding @ http://sjm.localhost:3000/_next/static/chunks/217dd_next_dist_9c560571._.js:2297
[  682143ms] [LOG] Detected Host: sjm.localhost:3000 http://sjm.localhost:3000/dashboardportal/misreports/misReports @ http://sjm.localhost:3000/_next/static/chunks/217dd_next_dist_9c560571._.js:2297
[  682147ms] [LOG] Detected Host: sjm.localhost:3000 http://sjm.localhost:3000/dashboardportal/misreports/misReports @ http://sjm.localhost:3000/_next/static/chunks/217dd_next_dist_9c560571._.js:2297
[  683169ms] [LOG] [Fast Refresh] done in 1513ms @ http://sjm.localhost:3000/_next/static/chunks/217dd_next_dist_9c560571._.js:2297
[  683445ms] [INFO] %cDownload the React DevTools for a better development experience: https://react.dev/link/react-devtools font-weight:bold @ http://sjm.localhost:3000/_next/static/chunks/217dd_next_dist_9c560571._.js:2297
[  683480ms] [LOG] [HMR] connected @ http://sjm.localhost:3000/_next/static/chunks/217dd_next_dist_9c560571._.js:2297
[  683682ms] [LOG] Detected Host: sjm.localhost:3000 http://sjm.localhost:3000/dashboardportal/procurement @ http://sjm.localhost:3000/_next/static/chunks/217dd_next_dist_9c560571._.js:2297
[  683683ms] [LOG] Detected Host: sjm.localhost:3000 http://sjm.localhost:3000/dashboardportal/procurement @ http://sjm.localhost:3000/_next/static/chunks/217dd_next_dist_9c560571._.js:2297
[  683708ms] [LOG] Detected Host: sjm.localhost:3000 http://sjm.localhost:3000/dashboardportal/procurement @ http://sjm.localhost:3000/_next/static/chunks/217dd_next_dist_9c560571._.js:2297
[  683714ms] [LOG] Detected Host: sjm.localhost:3000 http://sjm.localhost:3000/dashboardportal/procurement @ http://sjm.localhost:3000/_next/static/chunks/217dd_next_dist_9c560571._.js:2297
[  683737ms] [LOG] Detected Host: sjm.localhost:3000 http://sjm.localhost:3000/dashboardportal/procurement @ http://sjm.localhost:3000/_next/static/chunks/217dd_next_dist_9c560571._.js:2297
[  683744ms] [LOG] Detected Host: sjm.localhost:3000 http://sjm.localhost:3000/dashboardportal/procurement @ http://sjm.localhost:3000/_next/static/chunks/217dd_next_dist_9c560571._.js:2297
[  683768ms] [LOG] Detected Host: sjm.localhost:3000 http://sjm.localhost:3000/dashboardportal/procurement @ http://sjm.localhost:3000/_next/static/chunks/217dd_next_dist_9c560571._.js:2297
[  683774ms] [LOG] Detected Host: sjm.localhost:3000 http://sjm.localhost:3000/dashboardportal/procurement @ http://sjm.localhost:3000/_next/static/chunks/217dd_next_dist_9c560571._.js:2297
[  683798ms] [LOG] Detected Host: sjm.localhost:3000 http://sjm.localhost:3000/dashboardportal/procurement @ http://sjm.localhost:3000/_next/static/chunks/217dd_next_dist_9c560571._.js:2297
[  683802ms] [LOG] Detected Host: sjm.localhost:3000 http://sjm.localhost:3000/dashboardportal/procurement @ http://sjm.localhost:3000/_next/static/chunks/217dd_next_dist_9c560571._.js:2297
[  683814ms] [LOG] Detected Host: sjm.localhost:3000 http://sjm.localhost:3000/dashboardportal/procurement @ http://sjm.localhost:3000/_next/static/chunks/217dd_next_dist_9c560571._.js:2297
[  683818ms] [LOG] Detected Host: sjm.localhost:3000 http://sjm.localhost:3000/dashboardportal/procurement @ http://sjm.localhost:3000/_next/static/chunks/217dd_next_dist_9c560571._.js:2297
[  684134ms] [LOG] [Fast Refresh] rebuilding @ http://sjm.localhost:3000/_next/static/chunks/217dd_next_dist_9c560571._.js:2297
[  686199ms] [LOG] [Fast Refresh] done in 2176ms @ http://sjm.localhost:3000/_next/static/chunks/217dd_next_dist_9c560571._.js:2297
[  686418ms] [INFO] %cDownload the React DevTools for a better development experience: https://react.dev/link/react-devtools font-weight:bold @ http://sjm.localhost:3000/_next/static/chunks/217dd_next_dist_9c560571._.js:2297
[  686451ms] [LOG] [HMR] connected @ http://sjm.localhost:3000/_next/static/chunks/217dd_next_dist_9c560571._.js:2297
[  686648ms] [LOG] Detected Host: sjm.localhost:3000 http://sjm.localhost:3000/dashboardportal/procurement/billPass @ http://sjm.localhost:3000/_next/static/chunks/217dd_next_dist_9c560571._.js:2297
[  686649ms] [LOG] Detected Host: sjm.localhost:3000 http://sjm.localhost:3000/dashboardportal/procurement/billPass @ http://sjm.localhost:3000/_next/static/chunks/217dd_next_dist_9c560571._.js:2297
[  686677ms] [LOG] Detected Host: sjm.localhost:3000 http://sjm.localhost:3000/dashboardportal/procurement/billPass @ http://sjm.localhost:3000/_next/static/chunks/217dd_next_dist_9c560571._.js:2297
[  686678ms] [LOG] Detected Host: sjm.localhost:3000 http://sjm.localhost:3000/dashboardportal/procurement/billPass @ http://sjm.localhost:3000/_next/static/chunks/217dd_next_dist_9c560571._.js:2297
[  686702ms] [LOG] Detected Host: sjm.localhost:3000 http://sjm.localhost:3000/dashboardportal/procurement/billPass @ http://sjm.localhost:3000/_next/static/chunks/217dd_next_dist_9c560571._.js:2297
[  686702ms] [LOG] Detected Host: sjm.localhost:3000 http://sjm.localhost:3000/dashboardportal/procurement/billPass @ http://sjm.localhost:3000/_next/static/chunks/217dd_next_dist_9c560571._.js:2297
[  686724ms] [LOG] Detected Host: sjm.localhost:3000 http://sjm.localhost:3000/dashboardportal/procurement/billPass @ http://sjm.localhost:3000/_next/static/chunks/217dd_next_dist_9c560571._.js:2297
[  686725ms] [LOG] Detected Host: sjm.localhost:3000 http://sjm.localhost:3000/dashboardportal/procurement/billPass @ http://sjm.localhost:3000/_next/static/chunks/217dd_next_dist_9c560571._.js:2297
[  686750ms] [LOG] Detected Host: sjm.localhost:3000 http://sjm.localhost:3000/dashboardportal/procurement/billPass @ http://sjm.localhost:3000/_next/static/chunks/217dd_next_dist_9c560571._.js:2297
[  686752ms] [LOG] Detected Host: sjm.localhost:3000 http://sjm.localhost:3000/dashboardportal/procurement/billPass @ http://sjm.localhost:3000/_next/static/chunks/217dd_next_dist_9c560571._.js:2297
[  686777ms] [LOG] Detected Host: sjm.localhost:3000 http://sjm.localhost:3000/dashboardportal/procurement/billPass @ http://sjm.localhost:3000/_next/static/chunks/217dd_next_dist_9c560571._.js:2297
[  686778ms] [LOG] Detected Host: sjm.localhost:3000 http://sjm.localhost:3000/dashboardportal/procurement/billPass @ http://sjm.localhost:3000/_next/static/chunks/217dd_next_dist_9c560571._.js:2297
[  686803ms] [LOG] Detected Host: sjm.localhost:3000 http://sjm.localhost:3000/dashboardportal/procurement/billPass @ http://sjm.localhost:3000/_next/static/chunks/217dd_next_dist_9c560571._.js:2297
[  686804ms] [LOG] Detected Host: sjm.localhost:3000 http://sjm.localhost:3000/dashboardportal/procurement/billPass @ http://sjm.localhost:3000/_next/static/chunks/217dd_next_dist_9c560571._.js:2297
[  686875ms] [LOG] Detected Host: sjm.localhost:3000 http://sjm.localhost:3000/dashboardportal/procurement/billPass @ http://sjm.localhost:3000/_next/static/chunks/217dd_next_dist_9c560571._.js:2297
[  686882ms] [LOG] Detected Host: sjm.localhost:3000 http://sjm.localhost:3000/dashboardportal/procurement/billPass @ http://sjm.localhost:3000/_next/static/chunks/217dd_next_dist_9c560571._.js:2297
[  686979ms] [LOG] Detected Host: sjm.localhost:3000 http://sjm.localhost:3000/dashboardportal/procurement/billPass @ http://sjm.localhost:3000/_next/static/chunks/217dd_next_dist_9c560571._.js:2297
[  686985ms] [LOG] Detected Host: sjm.localhost:3000 http://sjm.localhost:3000/dashboardportal/procurement/billPass @ http://sjm.localhost:3000/_next/static/chunks/217dd_next_dist_9c560571._.js:2297
[  687106ms] [LOG] Detected Host: sjm.localhost:3000 http://sjm.localhost:3000/dashboardportal/procurement/billPass @ http://sjm.localhost:3000/_next/static/chunks/217dd_next_dist_9c560571._.js:2297
[  687111ms] [LOG] Detected Host: sjm.localhost:3000 http://sjm.localhost:3000/dashboardportal/procurement/billPass @ http://sjm.localhost:3000/_next/static/chunks/217dd_next_dist_9c560571._.js:2297
[  687334ms] [LOG] Detected Host: sjm.localhost:3000 http://sjm.localhost:3000/dashboardportal/procurement/billPass @ http://sjm.localhost:3000/_next/static/chunks/217dd_next_dist_9c560571._.js:2297
[  687338ms] [LOG] Detected Host: sjm.localhost:3000 http://sjm.localhost:3000/dashboardportal/procurement/billPass @ http://sjm.localhost:3000/_next/static/chunks/217dd_next_dist_9c560571._.js:2297
[  687417ms] [LOG] Detected Host: sjm.localhost:3000 http://sjm.localhost:3000/dashboardportal/procurement/billPass @ http://sjm.localhost:3000/_next/static/chunks/217dd_next_dist_9c560571._.js:2297
[  687418ms] [LOG] Detected Host: sjm.localhost:3000 http://sjm.localhost:3000/dashboardportal/procurement/billPass @ http://sjm.localhost:3000/_next/static/chunks/217dd_next_dist_9c560571._.js:2297
[  687464ms] [LOG] [Fast Refresh] rebuilding @ http://sjm.localhost:3000/_next/static/chunks/217dd_next_dist_9c560571._.js:2297
[  687639ms] [LOG] [Fast Refresh] done in 803ms @ http://sjm.localhost:3000/_next/static/chunks/217dd_next_dist_9c560571._.js:2297
[  705504ms] [LOG] [Fast Refresh] rebuilding @ http://sjm.localhost:3000/_next/static/chunks/217dd_next_dist_9c560571._.js:2297
[  708933ms] [LOG] [Fast Refresh] done in 3545ms @ http://sjm.localhost:3000/_next/static/chunks/217dd_next_dist_9c560571._.js:2297
[  709252ms] [INFO] %cDownload the React DevTools for a better development experience: https://react.dev/link/react-devtools font-weight:bold @ http://sjm.localhost:3000/_next/static/chunks/217dd_next_dist_9c560571._.js:2297
[  709290ms] [LOG] [HMR] connected @ http://sjm.localhost:3000/_next/static/chunks/217dd_next_dist_9c560571._.js:2297
[  709525ms] [LOG] Detected Host: sjm.localhost:3000 http://sjm.localhost:3000/dashboardportal/procurement/drcrNote @ http://sjm.localhost:3000/_next/static/chunks/217dd_next_dist_9c560571._.js:2297
[  709526ms] [LOG] Detected Host: sjm.localhost:3000 http://sjm.localhost:3000/dashboardportal/procurement/drcrNote @ http://sjm.localhost:3000/_next/static/chunks/217dd_next_dist_9c560571._.js:2297
[  709546ms] [LOG] Detected Host: sjm.localhost:3000 http://sjm.localhost:3000/dashboardportal/procurement/drcrNote @ http://sjm.localhost:3000/_next/static/chunks/217dd_next_dist_9c560571._.js:2297
[  709547ms] [LOG] Detected Host: sjm.localhost:3000 http://sjm.localhost:3000/dashboardportal/procurement/drcrNote @ http://sjm.localhost:3000/_next/static/chunks/217dd_next_dist_9c560571._.js:2297
[  709571ms] [LOG] Detected Host: sjm.localhost:3000 http://sjm.localhost:3000/dashboardportal/procurement/drcrNote @ http://sjm.localhost:3000/_next/static/chunks/217dd_next_dist_9c560571._.js:2297
[  709571ms] [LOG] Detected Host: sjm.localhost:3000 http://sjm.localhost:3000/dashboardportal/procurement/drcrNote @ http://sjm.localhost:3000/_next/static/chunks/217dd_next_dist_9c560571._.js:2297
[  709597ms] [LOG] Detected Host: sjm.localhost:3000 http://sjm.localhost:3000/dashboardportal/procurement/drcrNote @ http://sjm.localhost:3000/_next/static/chunks/217dd_next_dist_9c560571._.js:2297
[  709597ms] [LOG] Detected Host: sjm.localhost:3000 http://sjm.localhost:3000/dashboardportal/procurement/drcrNote @ http://sjm.localhost:3000/_next/static/chunks/217dd_next_dist_9c560571._.js:2297
[  709621ms] [LOG] Detected Host: sjm.localhost:3000 http://sjm.localhost:3000/dashboardportal/procurement/drcrNote @ http://sjm.localhost:3000/_next/static/chunks/217dd_next_dist_9c560571._.js:2297
[  709622ms] [LOG] Detected Host: sjm.localhost:3000 http://sjm.localhost:3000/dashboardportal/procurement/drcrNote @ http://sjm.localhost:3000/_next/static/chunks/217dd_next_dist_9c560571._.js:2297
[  709644ms] [LOG] Detected Host: sjm.localhost:3000 http://sjm.localhost:3000/dashboardportal/procurement/drcrNote @ http://sjm.localhost:3000/_next/static/chunks/217dd_next_dist_9c560571._.js:2297
[  709645ms] [LOG] Detected Host: sjm.localhost:3000 http://sjm.localhost:3000/dashboardportal/procurement/drcrNote @ http://sjm.localhost:3000/_next/static/chunks/217dd_next_dist_9c560571._.js:2297
[  709670ms] [LOG] Detected Host: sjm.localhost:3000 http://sjm.localhost:3000/dashboardportal/procurement/drcrNote @ http://sjm.localhost:3000/_next/static/chunks/217dd_next_dist_9c560571._.js:2297
[  709671ms] [LOG] Detected Host: sjm.localhost:3000 http://sjm.localhost:3000/dashboardportal/procurement/drcrNote @ http://sjm.localhost:3000/_next/static/chunks/217dd_next_dist_9c560571._.js:2297
[  709697ms] [LOG] Detected Host: sjm.localhost:3000 http://sjm.localhost:3000/dashboardportal/procurement/drcrNote @ http://sjm.localhost:3000/_next/static/chunks/217dd_next_dist_9c560571._.js:2297
[  709697ms] [LOG] Detected Host: sjm.localhost:3000 http://sjm.localhost:3000/dashboardportal/procurement/drcrNote @ http://sjm.localhost:3000/_next/static/chunks/217dd_next_dist_9c560571._.js:2297
[  709717ms] [LOG] Detected Host: sjm.localhost:3000 http://sjm.localhost:3000/dashboardportal/procurement/drcrNote @ http://sjm.localhost:3000/_next/static/chunks/217dd_next_dist_9c560571._.js:2297
[  709718ms] [LOG] Detected Host: sjm.localhost:3000 http://sjm.localhost:3000/dashboardportal/procurement/drcrNote @ http://sjm.localhost:3000/_next/static/chunks/217dd_next_dist_9c560571._.js:2297
[  709741ms] [LOG] Detected Host: sjm.localhost:3000 http://sjm.localhost:3000/dashboardportal/procurement/drcrNote @ http://sjm.localhost:3000/_next/static/chunks/217dd_next_dist_9c560571._.js:2297
[  709742ms] [LOG] Detected Host: sjm.localhost:3000 http://sjm.localhost:3000/dashboardportal/procurement/drcrNote @ http://sjm.localhost:3000/_next/static/chunks/217dd_next_dist_9c560571._.js:2297
[  709764ms] [LOG] Detected Host: sjm.localhost:3000 http://sjm.localhost:3000/dashboardportal/procurement/drcrNote @ http://sjm.localhost:3000/_next/static/chunks/217dd_next_dist_9c560571._.js:2297
[  709764ms] [LOG] Detected Host: sjm.localhost:3000 http://sjm.localhost:3000/dashboardportal/procurement/drcrNote @ http://sjm.localhost:3000/_next/static/chunks/217dd_next_dist_9c560571._.js:2297
[  709850ms] [LOG] Detected Host: sjm.localhost:3000 http://sjm.localhost:3000/dashboardportal/procurement/drcrNote @ http://sjm.localhost:3000/_next/static/chunks/217dd_next_dist_9c560571._.js:2297
[  709858ms] [LOG] Detected Host: sjm.localhost:3000 http://sjm.localhost:3000/dashboardportal/procurement/drcrNote @ http://sjm.localhost:3000/_next/static/chunks/217dd_next_dist_9c560571._.js:2297
[  709971ms] [LOG] Detected Host: sjm.localhost:3000 http://sjm.localhost:3000/dashboardportal/procurement/drcrNote @ http://sjm.localhost:3000/_next/static/chunks/217dd_next_dist_9c560571._.js:2297
[  709976ms] [LOG] Detected Host: sjm.localhost:3000 http://sjm.localhost:3000/dashboardportal/procurement/drcrNote @ http://sjm.localhost:3000/_next/static/chunks/217dd_next_dist_9c560571._.js:2297
[  710086ms] [LOG] Detected Host: sjm.localhost:3000 http://sjm.localhost:3000/dashboardportal/procurement/drcrNote @ http://sjm.localhost:3000/_next/static/chunks/217dd_next_dist_9c560571._.js:2297
[  710091ms] [LOG] Detected Host: sjm.localhost:3000 http://sjm.localhost:3000/dashboardportal/procurement/drcrNote @ http://sjm.localhost:3000/_next/static/chunks/217dd_next_dist_9c560571._.js:2297
[  710213ms] [LOG] Detected Host: sjm.localhost:3000 http://sjm.localhost:3000/dashboardportal/procurement/drcrNote @ http://sjm.localhost:3000/_next/static/chunks/217dd_next_dist_9c560571._.js:2297
[  710214ms] [LOG] Detected Host: sjm.localhost:3000 http://sjm.localhost:3000/dashboardportal/procurement/drcrNote @ http://sjm.localhost:3000/_next/static/chunks/217dd_next_dist_9c560571._.js:2297
[  710309ms] [LOG] Detected Host: sjm.localhost:3000 http://sjm.localhost:3000/dashboardportal/procurement/drcrNote @ http://sjm.localhost:3000/_next/static/chunks/217dd_next_dist_9c560571._.js:2297
[  710312ms] [LOG] Detected Host: sjm.localhost:3000 http://sjm.localhost:3000/dashboardportal/procurement/drcrNote @ http://sjm.localhost:3000/_next/static/chunks/217dd_next_dist_9c560571._.js:2297
[  710417ms] [LOG] [Fast Refresh] rebuilding @ http://sjm.localhost:3000/_next/static/chunks/217dd_next_dist_9c560571._.js:2297
[  712983ms] [LOG] [Fast Refresh] done in 3173ms @ http://sjm.localhost:3000/_next/static/chunks/217dd_next_dist_9c560571._.js:2297
[  713247ms] [INFO] %cDownload the React DevTools for a better development experience: https://react.dev/link/react-devtools font-weight:bold @ http://sjm.localhost:3000/_next/static/chunks/217dd_next_dist_9c560571._.js:2297
[  713302ms] [LOG] [HMR] connected @ http://sjm.localhost:3000/_next/static/chunks/217dd_next_dist_9c560571._.js:2297
[  713550ms] [LOG] Detected Host: sjm.localhost:3000 http://sjm.localhost:3000/dashboardportal/procurement/indent @ http://sjm.localhost:3000/_next/static/chunks/217dd_next_dist_9c560571._.js:2297
[  713551ms] [LOG] Detected Host: sjm.localhost:3000 http://sjm.localhost:3000/dashboardportal/procurement/indent @ http://sjm.localhost:3000/_next/static/chunks/217dd_next_dist_9c560571._.js:2297
[  713572ms] [LOG] Detected Host: sjm.localhost:3000 http://sjm.localhost:3000/dashboardportal/procurement/indent @ http://sjm.localhost:3000/_next/static/chunks/217dd_next_dist_9c560571._.js:2297
[  713573ms] [LOG] Detected Host: sjm.localhost:3000 http://sjm.localhost:3000/dashboardportal/procurement/indent @ http://sjm.localhost:3000/_next/static/chunks/217dd_next_dist_9c560571._.js:2297
[  713595ms] [LOG] Detected Host: sjm.localhost:3000 http://sjm.localhost:3000/dashboardportal/procurement/indent @ http://sjm.localhost:3000/_next/static/chunks/217dd_next_dist_9c560571._.js:2297
[  713595ms] [LOG] Detected Host: sjm.localhost:3000 http://sjm.localhost:3000/dashboardportal/procurement/indent @ http://sjm.localhost:3000/_next/static/chunks/217dd_next_dist_9c560571._.js:2297
[  713616ms] [LOG] Detected Host: sjm.localhost:3000 http://sjm.localhost:3000/dashboardportal/procurement/indent @ http://sjm.localhost:3000/_next/static/chunks/217dd_next_dist_9c560571._.js:2297
[  713617ms] [LOG] Detected Host: sjm.localhost:3000 http://sjm.localhost:3000/dashboardportal/procurement/indent @ http://sjm.localhost:3000/_next/static/chunks/217dd_next_dist_9c560571._.js:2297
[  713651ms] [LOG] Detected Host: sjm.localhost:3000 http://sjm.localhost:3000/dashboardportal/procurement/indent @ http://sjm.localhost:3000/_next/static/chunks/217dd_next_dist_9c560571._.js:2297
[  713652ms] [LOG] Detected Host: sjm.localhost:3000 http://sjm.localhost:3000/dashboardportal/procurement/indent @ http://sjm.localhost:3000/_next/static/chunks/217dd_next_dist_9c560571._.js:2297
[  713679ms] [LOG] Detected Host: sjm.localhost:3000 http://sjm.localhost:3000/dashboardportal/procurement/indent @ http://sjm.localhost:3000/_next/static/chunks/217dd_next_dist_9c560571._.js:2297
[  713680ms] [LOG] Detected Host: sjm.localhost:3000 http://sjm.localhost:3000/dashboardportal/procurement/indent @ http://sjm.localhost:3000/_next/static/chunks/217dd_next_dist_9c560571._.js:2297
[  713703ms] [LOG] Detected Host: sjm.localhost:3000 http://sjm.localhost:3000/dashboardportal/procurement/indent @ http://sjm.localhost:3000/_next/static/chunks/217dd_next_dist_9c560571._.js:2297
[  713704ms] [LOG] Detected Host: sjm.localhost:3000 http://sjm.localhost:3000/dashboardportal/procurement/indent @ http://sjm.localhost:3000/_next/static/chunks/217dd_next_dist_9c560571._.js:2297
[  713725ms] [LOG] Detected Host: sjm.localhost:3000 http://sjm.localhost:3000/dashboardportal/procurement/indent @ http://sjm.localhost:3000/_next/static/chunks/217dd_next_dist_9c560571._.js:2297
[  713726ms] [LOG] Detected Host: sjm.localhost:3000 http://sjm.localhost:3000/dashboardportal/procurement/indent @ http://sjm.localhost:3000/_next/static/chunks/217dd_next_dist_9c560571._.js:2297
[  713749ms] [LOG] Detected Host: sjm.localhost:3000 http://sjm.localhost:3000/dashboardportal/procurement/indent @ http://sjm.localhost:3000/_next/static/chunks/217dd_next_dist_9c560571._.js:2297
[  713749ms] [LOG] Detected Host: sjm.localhost:3000 http://sjm.localhost:3000/dashboardportal/procurement/indent @ http://sjm.localhost:3000/_next/static/chunks/217dd_next_dist_9c560571._.js:2297
[  713800ms] [LOG] Detected Host: sjm.localhost:3000 http://sjm.localhost:3000/dashboardportal/procurement/indent @ http://sjm.localhost:3000/_next/static/chunks/217dd_next_dist_9c560571._.js:2297
[  713801ms] [LOG] Detected Host: sjm.localhost:3000 http://sjm.localhost:3000/dashboardportal/procurement/indent @ http://sjm.localhost:3000/_next/static/chunks/217dd_next_dist_9c560571._.js:2297
[  713851ms] [LOG] Detected Host: sjm.localhost:3000 http://sjm.localhost:3000/dashboardportal/procurement/indent @ http://sjm.localhost:3000/_next/static/chunks/217dd_next_dist_9c560571._.js:2297
[  713858ms] [LOG] Detected Host: sjm.localhost:3000 http://sjm.localhost:3000/dashboardportal/procurement/indent @ http://sjm.localhost:3000/_next/static/chunks/217dd_next_dist_9c560571._.js:2297
[  713941ms] [LOG] Detected Host: sjm.localhost:3000 http://sjm.localhost:3000/dashboardportal/procurement/indent @ http://sjm.localhost:3000/_next/static/chunks/217dd_next_dist_9c560571._.js:2297
[  713945ms] [LOG] Detected Host: sjm.localhost:3000 http://sjm.localhost:3000/dashboardportal/procurement/indent @ http://sjm.localhost:3000/_next/static/chunks/217dd_next_dist_9c560571._.js:2297
[  714061ms] [LOG] Detected Host: sjm.localhost:3000 http://sjm.localhost:3000/dashboardportal/procurement/indent @ http://sjm.localhost:3000/_next/static/chunks/217dd_next_dist_9c560571._.js:2297
[  714066ms] [LOG] Detected Host: sjm.localhost:3000 http://sjm.localhost:3000/dashboardportal/procurement/indent @ http://sjm.localhost:3000/_next/static/chunks/217dd_next_dist_9c560571._.js:2297
[  714160ms] [LOG] Detected Host: sjm.localhost:3000 http://sjm.localhost:3000/dashboardportal/procurement/indent @ http://sjm.localhost:3000/_next/static/chunks/217dd_next_dist_9c560571._.js:2297
[  714161ms] [LOG] Detected Host: sjm.localhost:3000 http://sjm.localhost:3000/dashboardportal/procurement/indent @ http://sjm.localhost:3000/_next/static/chunks/217dd_next_dist_9c560571._.js:2297
[  714261ms] [LOG] Detected Host: sjm.localhost:3000 http://sjm.localhost:3000/dashboardportal/procurement/indent @ http://sjm.localhost:3000/_next/static/chunks/217dd_next_dist_9c560571._.js:2297
[  714261ms] [LOG] Detected Host: sjm.localhost:3000 http://sjm.localhost:3000/dashboardportal/procurement/indent @ http://sjm.localhost:3000/_next/static/chunks/217dd_next_dist_9c560571._.js:2297
[  714316ms] [LOG] [Fast Refresh] rebuilding @ http://sjm.localhost:3000/_next/static/chunks/217dd_next_dist_9c560571._.js:2297
[  716956ms] [LOG] [Fast Refresh] done in 3130ms @ http://sjm.localhost:3000/_next/static/chunks/217dd_next_dist_9c560571._.js:2297
[  717243ms] [INFO] %cDownload the React DevTools for a better development experience: https://react.dev/link/react-devtools font-weight:bold @ http://sjm.localhost:3000/_next/static/chunks/217dd_next_dist_9c560571._.js:2297
[  717282ms] [LOG] [HMR] connected @ http://sjm.localhost:3000/_next/static/chunks/217dd_next_dist_9c560571._.js:2297
[  717487ms] [LOG] Detected Host: sjm.localhost:3000 http://sjm.localhost:3000/dashboardportal/procurement/inward @ http://sjm.localhost:3000/_next/static/chunks/217dd_next_dist_9c560571._.js:2297
[  717488ms] [LOG] Detected Host: sjm.localhost:3000 http://sjm.localhost:3000/dashboardportal/procurement/inward @ http://sjm.localhost:3000/_next/static/chunks/217dd_next_dist_9c560571._.js:2297
[  717513ms] [LOG] Detected Host: sjm.localhost:3000 http://sjm.localhost:3000/dashboardportal/procurement/inward @ http://sjm.localhost:3000/_next/static/chunks/217dd_next_dist_9c560571._.js:2297
[  717514ms] [LOG] Detected Host: sjm.localhost:3000 http://sjm.localhost:3000/dashboardportal/procurement/inward @ http://sjm.localhost:3000/_next/static/chunks/217dd_next_dist_9c560571._.js:2297
[  717539ms] [LOG] Detected Host: sjm.localhost:3000 http://sjm.localhost:3000/dashboardportal/procurement/inward @ http://sjm.localhost:3000/_next/static/chunks/217dd_next_dist_9c560571._.js:2297
[  717539ms] [LOG] Detected Host: sjm.localhost:3000 http://sjm.localhost:3000/dashboardportal/procurement/inward @ http://sjm.localhost:3000/_next/static/chunks/217dd_next_dist_9c560571._.js:2297
[  717561ms] [LOG] Detected Host: sjm.localhost:3000 http://sjm.localhost:3000/dashboardportal/procurement/inward @ http://sjm.localhost:3000/_next/static/chunks/217dd_next_dist_9c560571._.js:2297
[  717562ms] [LOG] Detected Host: sjm.localhost:3000 http://sjm.localhost:3000/dashboardportal/procurement/inward @ http://sjm.localhost:3000/_next/static/chunks/217dd_next_dist_9c560571._.js:2297
[  717589ms] [LOG] Detected Host: sjm.localhost:3000 http://sjm.localhost:3000/dashboardportal/procurement/inward @ http://sjm.localhost:3000/_next/static/chunks/217dd_next_dist_9c560571._.js:2297
[  717590ms] [LOG] Detected Host: sjm.localhost:3000 http://sjm.localhost:3000/dashboardportal/procurement/inward @ http://sjm.localhost:3000/_next/static/chunks/217dd_next_dist_9c560571._.js:2297
[  717614ms] [LOG] Detected Host: sjm.localhost:3000 http://sjm.localhost:3000/dashboardportal/procurement/inward @ http://sjm.localhost:3000/_next/static/chunks/217dd_next_dist_9c560571._.js:2297
[  717615ms] [LOG] Detected Host: sjm.localhost:3000 http://sjm.localhost:3000/dashboardportal/procurement/inward @ http://sjm.localhost:3000/_next/static/chunks/217dd_next_dist_9c560571._.js:2297
[  717640ms] [LOG] Detected Host: sjm.localhost:3000 http://sjm.localhost:3000/dashboardportal/procurement/inward @ http://sjm.localhost:3000/_next/static/chunks/217dd_next_dist_9c560571._.js:2297
[  717641ms] [LOG] Detected Host: sjm.localhost:3000 http://sjm.localhost:3000/dashboardportal/procurement/inward @ http://sjm.localhost:3000/_next/static/chunks/217dd_next_dist_9c560571._.js:2297
[  717662ms] [LOG] Detected Host: sjm.localhost:3000 http://sjm.localhost:3000/dashboardportal/procurement/inward @ http://sjm.localhost:3000/_next/static/chunks/217dd_next_dist_9c560571._.js:2297
[  717662ms] [LOG] Detected Host: sjm.localhost:3000 http://sjm.localhost:3000/dashboardportal/procurement/inward @ http://sjm.localhost:3000/_next/static/chunks/217dd_next_dist_9c560571._.js:2297
[  717723ms] [LOG] Detected Host: sjm.localhost:3000 http://sjm.localhost:3000/dashboardportal/procurement/inward @ http://sjm.localhost:3000/_next/static/chunks/217dd_next_dist_9c560571._.js:2297
[  717723ms] [LOG] Detected Host: sjm.localhost:3000 http://sjm.localhost:3000/dashboardportal/procurement/inward @ http://sjm.localhost:3000/_next/static/chunks/217dd_next_dist_9c560571._.js:2297
[  717769ms] [LOG] Detected Host: sjm.localhost:3000 http://sjm.localhost:3000/dashboardportal/procurement/inward @ http://sjm.localhost:3000/_next/static/chunks/217dd_next_dist_9c560571._.js:2297
[  717775ms] [LOG] Detected Host: sjm.localhost:3000 http://sjm.localhost:3000/dashboardportal/procurement/inward @ http://sjm.localhost:3000/_next/static/chunks/217dd_next_dist_9c560571._.js:2297
[  717858ms] [LOG] Detected Host: sjm.localhost:3000 http://sjm.localhost:3000/dashboardportal/procurement/inward @ http://sjm.localhost:3000/_next/static/chunks/217dd_next_dist_9c560571._.js:2297
[  717863ms] [LOG] Detected Host: sjm.localhost:3000 http://sjm.localhost:3000/dashboardportal/procurement/inward @ http://sjm.localhost:3000/_next/static/chunks/217dd_next_dist_9c560571._.js:2297
[  717964ms] [LOG] Detected Host: sjm.localhost:3000 http://sjm.localhost:3000/dashboardportal/procurement/inward @ http://sjm.localhost:3000/_next/static/chunks/217dd_next_dist_9c560571._.js:2297
[  717969ms] [LOG] Detected Host: sjm.localhost:3000 http://sjm.localhost:3000/dashboardportal/procurement/inward @ http://sjm.localhost:3000/_next/static/chunks/217dd_next_dist_9c560571._.js:2297
[  718128ms] [LOG] Detected Host: sjm.localhost:3000 http://sjm.localhost:3000/dashboardportal/procurement/inward @ http://sjm.localhost:3000/_next/static/chunks/217dd_next_dist_9c560571._.js:2297
[  718129ms] [LOG] Detected Host: sjm.localhost:3000 http://sjm.localhost:3000/dashboardportal/procurement/inward @ http://sjm.localhost:3000/_next/static/chunks/217dd_next_dist_9c560571._.js:2297
[  718206ms] [LOG] Detected Host: sjm.localhost:3000 http://sjm.localhost:3000/dashboardportal/procurement/inward @ http://sjm.localhost:3000/_next/static/chunks/217dd_next_dist_9c560571._.js:2297
[  718206ms] [LOG] Detected Host: sjm.localhost:3000 http://sjm.localhost:3000/dashboardportal/procurement/inward @ http://sjm.localhost:3000/_next/static/chunks/217dd_next_dist_9c560571._.js:2297
[  718243ms] [LOG] [Fast Refresh] rebuilding @ http://sjm.localhost:3000/_next/static/chunks/217dd_next_dist_9c560571._.js:2297
[  720507ms] [LOG] [Fast Refresh] done in 2759ms @ http://sjm.localhost:3000/_next/static/chunks/217dd_next_dist_9c560571._.js:2297
[  720779ms] [INFO] %cDownload the React DevTools for a better development experience: https://react.dev/link/react-devtools font-weight:bold @ http://sjm.localhost:3000/_next/static/chunks/217dd_next_dist_9c560571._.js:2297
[  720814ms] [LOG] [HMR] connected @ http://sjm.localhost:3000/_next/static/chunks/217dd_next_dist_9c560571._.js:2297
[  720992ms] [LOG] Detected Host: sjm.localhost:3000 http://sjm.localhost:3000/dashboardportal/procurement/materialInspection @ http://sjm.localhost:3000/_next/static/chunks/217dd_next_dist_9c560571._.js:2297
[  720993ms] [LOG] Detected Host: sjm.localhost:3000 http://sjm.localhost:3000/dashboardportal/procurement/materialInspection @ http://sjm.localhost:3000/_next/static/chunks/217dd_next_dist_9c560571._.js:2297
[  721022ms] [LOG] Detected Host: sjm.localhost:3000 http://sjm.localhost:3000/dashboardportal/procurement/materialInspection @ http://sjm.localhost:3000/_next/static/chunks/217dd_next_dist_9c560571._.js:2297
[  721023ms] [LOG] Detected Host: sjm.localhost:3000 http://sjm.localhost:3000/dashboardportal/procurement/materialInspection @ http://sjm.localhost:3000/_next/static/chunks/217dd_next_dist_9c560571._.js:2297
[  721054ms] [LOG] Detected Host: sjm.localhost:3000 http://sjm.localhost:3000/dashboardportal/procurement/materialInspection @ http://sjm.localhost:3000/_next/static/chunks/217dd_next_dist_9c560571._.js:2297
[  721054ms] [LOG] Detected Host: sjm.localhost:3000 http://sjm.localhost:3000/dashboardportal/procurement/materialInspection @ http://sjm.localhost:3000/_next/static/chunks/217dd_next_dist_9c560571._.js:2297
[  721080ms] [LOG] Detected Host: sjm.localhost:3000 http://sjm.localhost:3000/dashboardportal/procurement/materialInspection @ http://sjm.localhost:3000/_next/static/chunks/217dd_next_dist_9c560571._.js:2297
[  721080ms] [LOG] Detected Host: sjm.localhost:3000 http://sjm.localhost:3000/dashboardportal/procurement/materialInspection @ http://sjm.localhost:3000/_next/static/chunks/217dd_next_dist_9c560571._.js:2297
[  721103ms] [LOG] Detected Host: sjm.localhost:3000 http://sjm.localhost:3000/dashboardportal/procurement/materialInspection @ http://sjm.localhost:3000/_next/static/chunks/217dd_next_dist_9c560571._.js:2297
[  721103ms] [LOG] Detected Host: sjm.localhost:3000 http://sjm.localhost:3000/dashboardportal/procurement/materialInspection @ http://sjm.localhost:3000/_next/static/chunks/217dd_next_dist_9c560571._.js:2297
[  721125ms] [LOG] Detected Host: sjm.localhost:3000 http://sjm.localhost:3000/dashboardportal/procurement/materialInspection @ http://sjm.localhost:3000/_next/static/chunks/217dd_next_dist_9c560571._.js:2297
[  721126ms] [LOG] Detected Host: sjm.localhost:3000 http://sjm.localhost:3000/dashboardportal/procurement/materialInspection @ http://sjm.localhost:3000/_next/static/chunks/217dd_next_dist_9c560571._.js:2297
[  721149ms] [LOG] Detected Host: sjm.localhost:3000 http://sjm.localhost:3000/dashboardportal/procurement/materialInspection @ http://sjm.localhost:3000/_next/static/chunks/217dd_next_dist_9c560571._.js:2297
[  721149ms] [LOG] Detected Host: sjm.localhost:3000 http://sjm.localhost:3000/dashboardportal/procurement/materialInspection @ http://sjm.localhost:3000/_next/static/chunks/217dd_next_dist_9c560571._.js:2297
[  721175ms] [LOG] Detected Host: sjm.localhost:3000 http://sjm.localhost:3000/dashboardportal/procurement/materialInspection @ http://sjm.localhost:3000/_next/static/chunks/217dd_next_dist_9c560571._.js:2297
[  721175ms] [LOG] Detected Host: sjm.localhost:3000 http://sjm.localhost:3000/dashboardportal/procurement/materialInspection @ http://sjm.localhost:3000/_next/static/chunks/217dd_next_dist_9c560571._.js:2297
[  721247ms] [LOG] Detected Host: sjm.localhost:3000 http://sjm.localhost:3000/dashboardportal/procurement/materialInspection @ http://sjm.localhost:3000/_next/static/chunks/217dd_next_dist_9c560571._.js:2297
[  721255ms] [LOG] Detected Host: sjm.localhost:3000 http://sjm.localhost:3000/dashboardportal/procurement/materialInspection @ http://sjm.localhost:3000/_next/static/chunks/217dd_next_dist_9c560571._.js:2297
[  721363ms] [LOG] Detected Host: sjm.localhost:3000 http://sjm.localhost:3000/dashboardportal/procurement/materialInspection @ http://sjm.localhost:3000/_next/static/chunks/217dd_next_dist_9c560571._.js:2297
[  721369ms] [LOG] Detected Host: sjm.localhost:3000 http://sjm.localhost:3000/dashboardportal/procurement/materialInspection @ http://sjm.localhost:3000/_next/static/chunks/217dd_next_dist_9c560571._.js:2297
[  721482ms] [LOG] Detected Host: sjm.localhost:3000 http://sjm.localhost:3000/dashboardportal/procurement/materialInspection @ http://sjm.localhost:3000/_next/static/chunks/217dd_next_dist_9c560571._.js:2297
[  721487ms] [LOG] Detected Host: sjm.localhost:3000 http://sjm.localhost:3000/dashboardportal/procurement/materialInspection @ http://sjm.localhost:3000/_next/static/chunks/217dd_next_dist_9c560571._.js:2297
[  721636ms] [LOG] Detected Host: sjm.localhost:3000 http://sjm.localhost:3000/dashboardportal/procurement/materialInspection @ http://sjm.localhost:3000/_next/static/chunks/217dd_next_dist_9c560571._.js:2297
[  721639ms] [LOG] Detected Host: sjm.localhost:3000 http://sjm.localhost:3000/dashboardportal/procurement/materialInspection @ http://sjm.localhost:3000/_next/static/chunks/217dd_next_dist_9c560571._.js:2297
[  721738ms] [LOG] Detected Host: sjm.localhost:3000 http://sjm.localhost:3000/dashboardportal/procurement/materialInspection @ http://sjm.localhost:3000/_next/static/chunks/217dd_next_dist_9c560571._.js:2297
[  721739ms] [LOG] Detected Host: sjm.localhost:3000 http://sjm.localhost:3000/dashboardportal/procurement/materialInspection @ http://sjm.localhost:3000/_next/static/chunks/217dd_next_dist_9c560571._.js:2297
[  721770ms] [LOG] [Fast Refresh] rebuilding @ http://sjm.localhost:3000/_next/static/chunks/217dd_next_dist_9c560571._.js:2297
[  724324ms] [LOG] [Fast Refresh] done in 3101ms @ http://sjm.localhost:3000/_next/static/chunks/217dd_next_dist_9c560571._.js:2297
[  724586ms] [INFO] %cDownload the React DevTools for a better development experience: https://react.dev/link/react-devtools font-weight:bold @ http://sjm.localhost:3000/_next/static/chunks/217dd_next_dist_9c560571._.js:2297
[  724621ms] [LOG] [HMR] connected @ http://sjm.localhost:3000/_next/static/chunks/217dd_next_dist_9c560571._.js:2297
[  725135ms] [LOG] Detected Host: sjm.localhost:3000 http://sjm.localhost:3000/dashboardportal/procurement/purchaseOrder @ http://sjm.localhost:3000/_next/static/chunks/217dd_next_dist_9c560571._.js:2297
[  725136ms] [LOG] Detected Host: sjm.localhost:3000 http://sjm.localhost:3000/dashboardportal/procurement/purchaseOrder @ http://sjm.localhost:3000/_next/static/chunks/217dd_next_dist_9c560571._.js:2297
[  725159ms] [LOG] Detected Host: sjm.localhost:3000 http://sjm.localhost:3000/dashboardportal/procurement/purchaseOrder @ http://sjm.localhost:3000/_next/static/chunks/217dd_next_dist_9c560571._.js:2297
[  725160ms] [LOG] Detected Host: sjm.localhost:3000 http://sjm.localhost:3000/dashboardportal/procurement/purchaseOrder @ http://sjm.localhost:3000/_next/static/chunks/217dd_next_dist_9c560571._.js:2297
[  725184ms] [LOG] Detected Host: sjm.localhost:3000 http://sjm.localhost:3000/dashboardportal/procurement/purchaseOrder @ http://sjm.localhost:3000/_next/static/chunks/217dd_next_dist_9c560571._.js:2297
[  725185ms] [LOG] Detected Host: sjm.localhost:3000 http://sjm.localhost:3000/dashboardportal/procurement/purchaseOrder @ http://sjm.localhost:3000/_next/static/chunks/217dd_next_dist_9c560571._.js:2297
[  725206ms] [LOG] Detected Host: sjm.localhost:3000 http://sjm.localhost:3000/dashboardportal/procurement/purchaseOrder @ http://sjm.localhost:3000/_next/static/chunks/217dd_next_dist_9c560571._.js:2297
[  725207ms] [LOG] Detected Host: sjm.localhost:3000 http://sjm.localhost:3000/dashboardportal/procurement/purchaseOrder @ http://sjm.localhost:3000/_next/static/chunks/217dd_next_dist_9c560571._.js:2297
[  725235ms] [LOG] Detected Host: sjm.localhost:3000 http://sjm.localhost:3000/dashboardportal/procurement/purchaseOrder @ http://sjm.localhost:3000/_next/static/chunks/217dd_next_dist_9c560571._.js:2297
[  725236ms] [LOG] Detected Host: sjm.localhost:3000 http://sjm.localhost:3000/dashboardportal/procurement/purchaseOrder @ http://sjm.localhost:3000/_next/static/chunks/217dd_next_dist_9c560571._.js:2297
[  725272ms] [LOG] Detected Host: sjm.localhost:3000 http://sjm.localhost:3000/dashboardportal/procurement/purchaseOrder @ http://sjm.localhost:3000/_next/static/chunks/217dd_next_dist_9c560571._.js:2297
[  725273ms] [LOG] Detected Host: sjm.localhost:3000 http://sjm.localhost:3000/dashboardportal/procurement/purchaseOrder @ http://sjm.localhost:3000/_next/static/chunks/217dd_next_dist_9c560571._.js:2297
[  725295ms] [LOG] Detected Host: sjm.localhost:3000 http://sjm.localhost:3000/dashboardportal/procurement/purchaseOrder @ http://sjm.localhost:3000/_next/static/chunks/217dd_next_dist_9c560571._.js:2297
[  725296ms] [LOG] Detected Host: sjm.localhost:3000 http://sjm.localhost:3000/dashboardportal/procurement/purchaseOrder @ http://sjm.localhost:3000/_next/static/chunks/217dd_next_dist_9c560571._.js:2297
[  725317ms] [LOG] Detected Host: sjm.localhost:3000 http://sjm.localhost:3000/dashboardportal/procurement/purchaseOrder @ http://sjm.localhost:3000/_next/static/chunks/217dd_next_dist_9c560571._.js:2297
[  725318ms] [LOG] Detected Host: sjm.localhost:3000 http://sjm.localhost:3000/dashboardportal/procurement/purchaseOrder @ http://sjm.localhost:3000/_next/static/chunks/217dd_next_dist_9c560571._.js:2297
[  725325ms] [LOG] Detected Host: sjm.localhost:3000 http://sjm.localhost:3000/dashboardportal/procurement/purchaseOrder @ http://sjm.localhost:3000/_next/static/chunks/217dd_next_dist_9c560571._.js:2297
[  725325ms] [LOG] Detected Host: sjm.localhost:3000 http://sjm.localhost:3000/dashboardportal/procurement/purchaseOrder @ http://sjm.localhost:3000/_next/static/chunks/217dd_next_dist_9c560571._.js:2297
[  725333ms] [LOG] Detected Host: sjm.localhost:3000 http://sjm.localhost:3000/dashboardportal/procurement/purchaseOrder @ http://sjm.localhost:3000/_next/static/chunks/217dd_next_dist_9c560571._.js:2297
[  725333ms] [LOG] Detected Host: sjm.localhost:3000 http://sjm.localhost:3000/dashboardportal/procurement/purchaseOrder @ http://sjm.localhost:3000/_next/static/chunks/217dd_next_dist_9c560571._.js:2297
[  725342ms] [LOG] Detected Host: sjm.localhost:3000 http://sjm.localhost:3000/dashboardportal/procurement/purchaseOrder @ http://sjm.localhost:3000/_next/static/chunks/217dd_next_dist_9c560571._.js:2297
[  725342ms] [LOG] Detected Host: sjm.localhost:3000 http://sjm.localhost:3000/dashboardportal/procurement/purchaseOrder @ http://sjm.localhost:3000/_next/static/chunks/217dd_next_dist_9c560571._.js:2297
[  725355ms] [LOG] Detected Host: sjm.localhost:3000 http://sjm.localhost:3000/dashboardportal/procurement/purchaseOrder @ http://sjm.localhost:3000/_next/static/chunks/217dd_next_dist_9c560571._.js:2297
[  725356ms] [LOG] Detected Host: sjm.localhost:3000 http://sjm.localhost:3000/dashboardportal/procurement/purchaseOrder @ http://sjm.localhost:3000/_next/static/chunks/217dd_next_dist_9c560571._.js:2297
[  725363ms] [LOG] Detected Host: sjm.localhost:3000 http://sjm.localhost:3000/dashboardportal/procurement/purchaseOrder @ http://sjm.localhost:3000/_next/static/chunks/217dd_next_dist_9c560571._.js:2297
[  725363ms] [LOG] Detected Host: sjm.localhost:3000 http://sjm.localhost:3000/dashboardportal/procurement/purchaseOrder @ http://sjm.localhost:3000/_next/static/chunks/217dd_next_dist_9c560571._.js:2297
[  725373ms] [LOG] Detected Host: sjm.localhost:3000 http://sjm.localhost:3000/dashboardportal/procurement/purchaseOrder @ http://sjm.localhost:3000/_next/static/chunks/217dd_next_dist_9c560571._.js:2297
[  725374ms] [LOG] Detected Host: sjm.localhost:3000 http://sjm.localhost:3000/dashboardportal/procurement/purchaseOrder @ http://sjm.localhost:3000/_next/static/chunks/217dd_next_dist_9c560571._.js:2297
[  725381ms] [LOG] Detected Host: sjm.localhost:3000 http://sjm.localhost:3000/dashboardportal/procurement/purchaseOrder @ http://sjm.localhost:3000/_next/static/chunks/217dd_next_dist_9c560571._.js:2297
[  725381ms] [LOG] Detected Host: sjm.localhost:3000 http://sjm.localhost:3000/dashboardportal/procurement/purchaseOrder @ http://sjm.localhost:3000/_next/static/chunks/217dd_next_dist_9c560571._.js:2297
[  725390ms] [LOG] Detected Host: sjm.localhost:3000 http://sjm.localhost:3000/dashboardportal/procurement/purchaseOrder @ http://sjm.localhost:3000/_next/static/chunks/217dd_next_dist_9c560571._.js:2297
[  725390ms] [LOG] Detected Host: sjm.localhost:3000 http://sjm.localhost:3000/dashboardportal/procurement/purchaseOrder @ http://sjm.localhost:3000/_next/static/chunks/217dd_next_dist_9c560571._.js:2297
[  725397ms] [LOG] Detected Host: sjm.localhost:3000 http://sjm.localhost:3000/dashboardportal/procurement/purchaseOrder @ http://sjm.localhost:3000/_next/static/chunks/217dd_next_dist_9c560571._.js:2297
[  725397ms] [LOG] Detected Host: sjm.localhost:3000 http://sjm.localhost:3000/dashboardportal/procurement/purchaseOrder @ http://sjm.localhost:3000/_next/static/chunks/217dd_next_dist_9c560571._.js:2297
[  725407ms] [LOG] Detected Host: sjm.localhost:3000 http://sjm.localhost:3000/dashboardportal/procurement/purchaseOrder @ http://sjm.localhost:3000/_next/static/chunks/217dd_next_dist_9c560571._.js:2297
[  725407ms] [LOG] Detected Host: sjm.localhost:3000 http://sjm.localhost:3000/dashboardportal/procurement/purchaseOrder @ http://sjm.localhost:3000/_next/static/chunks/217dd_next_dist_9c560571._.js:2297
[  725416ms] [LOG] Detected Host: sjm.localhost:3000 http://sjm.localhost:3000/dashboardportal/procurement/purchaseOrder @ http://sjm.localhost:3000/_next/static/chunks/217dd_next_dist_9c560571._.js:2297
[  725416ms] [LOG] Detected Host: sjm.localhost:3000 http://sjm.localhost:3000/dashboardportal/procurement/purchaseOrder @ http://sjm.localhost:3000/_next/static/chunks/217dd_next_dist_9c560571._.js:2297
[  725425ms] [LOG] Detected Host: sjm.localhost:3000 http://sjm.localhost:3000/dashboardportal/procurement/purchaseOrder @ http://sjm.localhost:3000/_next/static/chunks/217dd_next_dist_9c560571._.js:2297
[  725425ms] [LOG] Detected Host: sjm.localhost:3000 http://sjm.localhost:3000/dashboardportal/procurement/purchaseOrder @ http://sjm.localhost:3000/_next/static/chunks/217dd_next_dist_9c560571._.js:2297
[  725432ms] [LOG] Detected Host: sjm.localhost:3000 http://sjm.localhost:3000/dashboardportal/procurement/purchaseOrder @ http://sjm.localhost:3000/_next/static/chunks/217dd_next_dist_9c560571._.js:2297
[  725432ms] [LOG] Detected Host: sjm.localhost:3000 http://sjm.localhost:3000/dashboardportal/procurement/purchaseOrder @ http://sjm.localhost:3000/_next/static/chunks/217dd_next_dist_9c560571._.js:2297
[  725440ms] [LOG] Detected Host: sjm.localhost:3000 http://sjm.localhost:3000/dashboardportal/procurement/purchaseOrder @ http://sjm.localhost:3000/_next/static/chunks/217dd_next_dist_9c560571._.js:2297
[  725440ms] [LOG] Detected Host: sjm.localhost:3000 http://sjm.localhost:3000/dashboardportal/procurement/purchaseOrder @ http://sjm.localhost:3000/_next/static/chunks/217dd_next_dist_9c560571._.js:2297
[  725446ms] [LOG] Detected Host: sjm.localhost:3000 http://sjm.localhost:3000/dashboardportal/procurement/purchaseOrder @ http://sjm.localhost:3000/_next/static/chunks/217dd_next_dist_9c560571._.js:2297
[  725447ms] [LOG] Detected Host: sjm.localhost:3000 http://sjm.localhost:3000/dashboardportal/procurement/purchaseOrder @ http://sjm.localhost:3000/_next/static/chunks/217dd_next_dist_9c560571._.js:2297
[  725455ms] [LOG] Detected Host: sjm.localhost:3000 http://sjm.localhost:3000/dashboardportal/procurement/purchaseOrder @ http://sjm.localhost:3000/_next/static/chunks/217dd_next_dist_9c560571._.js:2297
[  725455ms] [LOG] Detected Host: sjm.localhost:3000 http://sjm.localhost:3000/dashboardportal/procurement/purchaseOrder @ http://sjm.localhost:3000/_next/static/chunks/217dd_next_dist_9c560571._.js:2297
[  725462ms] [LOG] Detected Host: sjm.localhost:3000 http://sjm.localhost:3000/dashboardportal/procurement/purchaseOrder @ http://sjm.localhost:3000/_next/static/chunks/217dd_next_dist_9c560571._.js:2297
[  725463ms] [LOG] Detected Host: sjm.localhost:3000 http://sjm.localhost:3000/dashboardportal/procurement/purchaseOrder @ http://sjm.localhost:3000/_next/static/chunks/217dd_next_dist_9c560571._.js:2297
[  725471ms] [LOG] Detected Host: sjm.localhost:3000 http://sjm.localhost:3000/dashboardportal/procurement/purchaseOrder @ http://sjm.localhost:3000/_next/static/chunks/217dd_next_dist_9c560571._.js:2297
[  725471ms] [LOG] Detected Host: sjm.localhost:3000 http://sjm.localhost:3000/dashboardportal/procurement/purchaseOrder @ http://sjm.localhost:3000/_next/static/chunks/217dd_next_dist_9c560571._.js:2297
[  725477ms] [LOG] Detected Host: sjm.localhost:3000 http://sjm.localhost:3000/dashboardportal/procurement/purchaseOrder @ http://sjm.localhost:3000/_next/static/chunks/217dd_next_dist_9c560571._.js:2297
[  725477ms] [LOG] Detected Host: sjm.localhost:3000 http://sjm.localhost:3000/dashboardportal/procurement/purchaseOrder @ http://sjm.localhost:3000/_next/static/chunks/217dd_next_dist_9c560571._.js:2297
[  725489ms] [LOG] Detected Host: sjm.localhost:3000 http://sjm.localhost:3000/dashboardportal/procurement/purchaseOrder @ http://sjm.localhost:3000/_next/static/chunks/217dd_next_dist_9c560571._.js:2297
[  725489ms] [LOG] Detected Host: sjm.localhost:3000 http://sjm.localhost:3000/dashboardportal/procurement/purchaseOrder @ http://sjm.localhost:3000/_next/static/chunks/217dd_next_dist_9c560571._.js:2297
[  725496ms] [LOG] Detected Host: sjm.localhost:3000 http://sjm.localhost:3000/dashboardportal/procurement/purchaseOrder @ http://sjm.localhost:3000/_next/static/chunks/217dd_next_dist_9c560571._.js:2297
[  725496ms] [LOG] Detected Host: sjm.localhost:3000 http://sjm.localhost:3000/dashboardportal/procurement/purchaseOrder @ http://sjm.localhost:3000/_next/static/chunks/217dd_next_dist_9c560571._.js:2297
[  725504ms] [LOG] Detected Host: sjm.localhost:3000 http://sjm.localhost:3000/dashboardportal/procurement/purchaseOrder @ http://sjm.localhost:3000/_next/static/chunks/217dd_next_dist_9c560571._.js:2297
[  725505ms] [LOG] Detected Host: sjm.localhost:3000 http://sjm.localhost:3000/dashboardportal/procurement/purchaseOrder @ http://sjm.localhost:3000/_next/static/chunks/217dd_next_dist_9c560571._.js:2297
[  725511ms] [LOG] Detected Host: sjm.localhost:3000 http://sjm.localhost:3000/dashboardportal/procurement/purchaseOrder @ http://sjm.localhost:3000/_next/static/chunks/217dd_next_dist_9c560571._.js:2297
[  725512ms] [LOG] Detected Host: sjm.localhost:3000 http://sjm.localhost:3000/dashboardportal/procurement/purchaseOrder @ http://sjm.localhost:3000/_next/static/chunks/217dd_next_dist_9c560571._.js:2297
[  725520ms] [LOG] Detected Host: sjm.localhost:3000 http://sjm.localhost:3000/dashboardportal/procurement/purchaseOrder @ http://sjm.localhost:3000/_next/static/chunks/217dd_next_dist_9c560571._.js:2297
[  725520ms] [LOG] Detected Host: sjm.localhost:3000 http://sjm.localhost:3000/dashboardportal/procurement/purchaseOrder @ http://sjm.localhost:3000/_next/static/chunks/217dd_next_dist_9c560571._.js:2297
[  725526ms] [LOG] Detected Host: sjm.localhost:3000 http://sjm.localhost:3000/dashboardportal/procurement/purchaseOrder @ http://sjm.localhost:3000/_next/static/chunks/217dd_next_dist_9c560571._.js:2297
[  725527ms] [LOG] Detected Host: sjm.localhost:3000 http://sjm.localhost:3000/dashboardportal/procurement/purchaseOrder @ http://sjm.localhost:3000/_next/static/chunks/217dd_next_dist_9c560571._.js:2297
[  725533ms] [LOG] Detected Host: sjm.localhost:3000 http://sjm.localhost:3000/dashboardportal/procurement/purchaseOrder @ http://sjm.localhost:3000/_next/static/chunks/217dd_next_dist_9c560571._.js:2297
[  725533ms] [LOG] Detected Host: sjm.localhost:3000 http://sjm.localhost:3000/dashboardportal/procurement/purchaseOrder @ http://sjm.localhost:3000/_next/static/chunks/217dd_next_dist_9c560571._.js:2297
[  725541ms] [LOG] Detected Host: sjm.localhost:3000 http://sjm.localhost:3000/dashboardportal/procurement/purchaseOrder @ http://sjm.localhost:3000/_next/static/chunks/217dd_next_dist_9c560571._.js:2297
[  725542ms] [LOG] Detected Host: sjm.localhost:3000 http://sjm.localhost:3000/dashboardportal/procurement/purchaseOrder @ http://sjm.localhost:3000/_next/static/chunks/217dd_next_dist_9c560571._.js:2297
[  725548ms] [LOG] Detected Host: sjm.localhost:3000 http://sjm.localhost:3000/dashboardportal/procurement/purchaseOrder @ http://sjm.localhost:3000/_next/static/chunks/217dd_next_dist_9c560571._.js:2297
[  725548ms] [LOG] Detected Host: sjm.localhost:3000 http://sjm.localhost:3000/dashboardportal/procurement/purchaseOrder @ http://sjm.localhost:3000/_next/static/chunks/217dd_next_dist_9c560571._.js:2297
[  725557ms] [LOG] Detected Host: sjm.localhost:3000 http://sjm.localhost:3000/dashboardportal/procurement/purchaseOrder @ http://sjm.localhost:3000/_next/static/chunks/217dd_next_dist_9c560571._.js:2297
[  725557ms] [LOG] Detected Host: sjm.localhost:3000 http://sjm.localhost:3000/dashboardportal/procurement/purchaseOrder @ http://sjm.localhost:3000/_next/static/chunks/217dd_next_dist_9c560571._.js:2297
[  725565ms] [LOG] Detected Host: sjm.localhost:3000 http://sjm.localhost:3000/dashboardportal/procurement/purchaseOrder @ http://sjm.localhost:3000/_next/static/chunks/217dd_next_dist_9c560571._.js:2297
[  725565ms] [LOG] Detected Host: sjm.localhost:3000 http://sjm.localhost:3000/dashboardportal/procurement/purchaseOrder @ http://sjm.localhost:3000/_next/static/chunks/217dd_next_dist_9c560571._.js:2297
[  725574ms] [LOG] Detected Host: sjm.localhost:3000 http://sjm.localhost:3000/dashboardportal/procurement/purchaseOrder @ http://sjm.localhost:3000/_next/static/chunks/217dd_next_dist_9c560571._.js:2297
[  725574ms] [LOG] Detected Host: sjm.localhost:3000 http://sjm.localhost:3000/dashboardportal/procurement/purchaseOrder @ http://sjm.localhost:3000/_next/static/chunks/217dd_next_dist_9c560571._.js:2297
[  725583ms] [LOG] Detected Host: sjm.localhost:3000 http://sjm.localhost:3000/dashboardportal/procurement/purchaseOrder @ http://sjm.localhost:3000/_next/static/chunks/217dd_next_dist_9c560571._.js:2297
[  725583ms] [LOG] Detected Host: sjm.localhost:3000 http://sjm.localhost:3000/dashboardportal/procurement/purchaseOrder @ http://sjm.localhost:3000/_next/static/chunks/217dd_next_dist_9c560571._.js:2297
[  725591ms] [LOG] Detected Host: sjm.localhost:3000 http://sjm.localhost:3000/dashboardportal/procurement/purchaseOrder @ http://sjm.localhost:3000/_next/static/chunks/217dd_next_dist_9c560571._.js:2297
[  725592ms] [LOG] Detected Host: sjm.localhost:3000 http://sjm.localhost:3000/dashboardportal/procurement/purchaseOrder @ http://sjm.localhost:3000/_next/static/chunks/217dd_next_dist_9c560571._.js:2297
[  725597ms] [LOG] Detected Host: sjm.localhost:3000 http://sjm.localhost:3000/dashboardportal/procurement/purchaseOrder @ http://sjm.localhost:3000/_next/static/chunks/217dd_next_dist_9c560571._.js:2297
[  725597ms] [LOG] Detected Host: sjm.localhost:3000 http://sjm.localhost:3000/dashboardportal/procurement/purchaseOrder @ http://sjm.localhost:3000/_next/static/chunks/217dd_next_dist_9c560571._.js:2297
[  725605ms] [LOG] Detected Host: sjm.localhost:3000 http://sjm.localhost:3000/dashboardportal/procurement/purchaseOrder @ http://sjm.localhost:3000/_next/static/chunks/217dd_next_dist_9c560571._.js:2297
[  725606ms] [LOG] Detected Host: sjm.localhost:3000 http://sjm.localhost:3000/dashboardportal/procurement/purchaseOrder @ http://sjm.localhost:3000/_next/static/chunks/217dd_next_dist_9c560571._.js:2297
[  725612ms] [LOG] Detected Host: sjm.localhost:3000 http://sjm.localhost:3000/dashboardportal/procurement/purchaseOrder @ http://sjm.localhost:3000/_next/static/chunks/217dd_next_dist_9c560571._.js:2297
[  725613ms] [LOG] Detected Host: sjm.localhost:3000 http://sjm.localhost:3000/dashboardportal/procurement/purchaseOrder @ http://sjm.localhost:3000/_next/static/chunks/217dd_next_dist_9c560571._.js:2297
[  725626ms] [LOG] Detected Host: sjm.localhost:3000 http://sjm.localhost:3000/dashboardportal/procurement/purchaseOrder @ http://sjm.localhost:3000/_next/static/chunks/217dd_next_dist_9c560571._.js:2297
[  725627ms] [LOG] Detected Host: sjm.localhost:3000 http://sjm.localhost:3000/dashboardportal/procurement/purchaseOrder @ http://sjm.localhost:3000/_next/static/chunks/217dd_next_dist_9c560571._.js:2297
[  725644ms] [LOG] Detected Host: sjm.localhost:3000 http://sjm.localhost:3000/dashboardportal/procurement/purchaseOrder @ http://sjm.localhost:3000/_next/static/chunks/217dd_next_dist_9c560571._.js:2297
[  725645ms] [LOG] Detected Host: sjm.localhost:3000 http://sjm.localhost:3000/dashboardportal/procurement/purchaseOrder @ http://sjm.localhost:3000/_next/static/chunks/217dd_next_dist_9c560571._.js:2297
[  725662ms] [LOG] Detected Host: sjm.localhost:3000 http://sjm.localhost:3000/dashboardportal/procurement/purchaseOrder @ http://sjm.localhost:3000/_next/static/chunks/217dd_next_dist_9c560571._.js:2297
[  725663ms] [LOG] Detected Host: sjm.localhost:3000 http://sjm.localhost:3000/dashboardportal/procurement/purchaseOrder @ http://sjm.localhost:3000/_next/static/chunks/217dd_next_dist_9c560571._.js:2297
[  725671ms] [LOG] [Fast Refresh] rebuilding @ http://sjm.localhost:3000/_next/static/chunks/217dd_next_dist_9c560571._.js:2297
[  725671ms] [LOG] [Fast Refresh] done in 111ms @ http://sjm.localhost:3000/_next/static/chunks/217dd_next_dist_9c560571._.js:2297
[  725684ms] [LOG] Detected Host: sjm.localhost:3000 http://sjm.localhost:3000/dashboardportal/procurement/purchaseOrder @ http://sjm.localhost:3000/_next/static/chunks/217dd_next_dist_9c560571._.js:2297
[  725685ms] [LOG] Detected Host: sjm.localhost:3000 http://sjm.localhost:3000/dashboardportal/procurement/purchaseOrder @ http://sjm.localhost:3000/_next/static/chunks/217dd_next_dist_9c560571._.js:2297
[  725704ms] [LOG] Detected Host: sjm.localhost:3000 http://sjm.localhost:3000/dashboardportal/procurement/purchaseOrder @ http://sjm.localhost:3000/_next/static/chunks/217dd_next_dist_9c560571._.js:2297
[  725705ms] [LOG] Detected Host: sjm.localhost:3000 http://sjm.localhost:3000/dashboardportal/procurement/purchaseOrder @ http://sjm.localhost:3000/_next/static/chunks/217dd_next_dist_9c560571._.js:2297
[  725724ms] [LOG] Detected Host: sjm.localhost:3000 http://sjm.localhost:3000/dashboardportal/procurement/purchaseOrder @ http://sjm.localhost:3000/_next/static/chunks/217dd_next_dist_9c560571._.js:2297
[  725724ms] [LOG] Detected Host: sjm.localhost:3000 http://sjm.localhost:3000/dashboardportal/procurement/purchaseOrder @ http://sjm.localhost:3000/_next/static/chunks/217dd_next_dist_9c560571._.js:2297
[  725755ms] [LOG] Detected Host: sjm.localhost:3000 http://sjm.localhost:3000/dashboardportal/procurement/purchaseOrder @ http://sjm.localhost:3000/_next/static/chunks/217dd_next_dist_9c560571._.js:2297
[  725756ms] [LOG] Detected Host: sjm.localhost:3000 http://sjm.localhost:3000/dashboardportal/procurement/purchaseOrder @ http://sjm.localhost:3000/_next/static/chunks/217dd_next_dist_9c560571._.js:2297
[  725775ms] [LOG] Detected Host: sjm.localhost:3000 http://sjm.localhost:3000/dashboardportal/procurement/purchaseOrder @ http://sjm.localhost:3000/_next/static/chunks/217dd_next_dist_9c560571._.js:2297
[  725776ms] [LOG] Detected Host: sjm.localhost:3000 http://sjm.localhost:3000/dashboardportal/procurement/purchaseOrder @ http://sjm.localhost:3000/_next/static/chunks/217dd_next_dist_9c560571._.js:2297
[  725793ms] [LOG] Detected Host: sjm.localhost:3000 http://sjm.localhost:3000/dashboardportal/procurement/purchaseOrder @ http://sjm.localhost:3000/_next/static/chunks/217dd_next_dist_9c560571._.js:2297
[  725794ms] [LOG] Detected Host: sjm.localhost:3000 http://sjm.localhost:3000/dashboardportal/procurement/purchaseOrder @ http://sjm.localhost:3000/_next/static/chunks/217dd_next_dist_9c560571._.js:2297
[  725811ms] [LOG] Detected Host: sjm.localhost:3000 http://sjm.localhost:3000/dashboardportal/procurement/purchaseOrder @ http://sjm.localhost:3000/_next/static/chunks/217dd_next_dist_9c560571._.js:2297
[  725812ms] [LOG] Detected Host: sjm.localhost:3000 http://sjm.localhost:3000/dashboardportal/procurement/purchaseOrder @ http://sjm.localhost:3000/_next/static/chunks/217dd_next_dist_9c560571._.js:2297
[  725828ms] [LOG] Detected Host: sjm.localhost:3000 http://sjm.localhost:3000/dashboardportal/procurement/purchaseOrder @ http://sjm.localhost:3000/_next/static/chunks/217dd_next_dist_9c560571._.js:2297
[  725829ms] [LOG] Detected Host: sjm.localhost:3000 http://sjm.localhost:3000/dashboardportal/procurement/purchaseOrder @ http://sjm.localhost:3000/_next/static/chunks/217dd_next_dist_9c560571._.js:2297
[  725847ms] [LOG] Detected Host: sjm.localhost:3000 http://sjm.localhost:3000/dashboardportal/procurement/purchaseOrder @ http://sjm.localhost:3000/_next/static/chunks/217dd_next_dist_9c560571._.js:2297
[  725847ms] [LOG] Detected Host: sjm.localhost:3000 http://sjm.localhost:3000/dashboardportal/procurement/purchaseOrder @ http://sjm.localhost:3000/_next/static/chunks/217dd_next_dist_9c560571._.js:2297
[  725862ms] [LOG] Detected Host: sjm.localhost:3000 http://sjm.localhost:3000/dashboardportal/procurement/purchaseOrder @ http://sjm.localhost:3000/_next/static/chunks/217dd_next_dist_9c560571._.js:2297
[  725863ms] [LOG] Detected Host: sjm.localhost:3000 http://sjm.localhost:3000/dashboardportal/procurement/purchaseOrder @ http://sjm.localhost:3000/_next/static/chunks/217dd_next_dist_9c560571._.js:2297
[  725870ms] [LOG] [Fast Refresh] rebuilding @ http://sjm.localhost:3000/_next/static/chunks/217dd_next_dist_9c560571._.js:2297
[  725878ms] [LOG] Detected Host: sjm.localhost:3000 http://sjm.localhost:3000/dashboardportal/procurement/purchaseOrder @ http://sjm.localhost:3000/_next/static/chunks/217dd_next_dist_9c560571._.js:2297
[  725879ms] [LOG] Detected Host: sjm.localhost:3000 http://sjm.localhost:3000/dashboardportal/procurement/purchaseOrder @ http://sjm.localhost:3000/_next/static/chunks/217dd_next_dist_9c560571._.js:2297
[  725893ms] [LOG] Detected Host: sjm.localhost:3000 http://sjm.localhost:3000/dashboardportal/procurement/purchaseOrder @ http://sjm.localhost:3000/_next/static/chunks/217dd_next_dist_9c560571._.js:2297
[  725893ms] [LOG] Detected Host: sjm.localhost:3000 http://sjm.localhost:3000/dashboardportal/procurement/purchaseOrder @ http://sjm.localhost:3000/_next/static/chunks/217dd_next_dist_9c560571._.js:2297
[  725908ms] [LOG] Detected Host: sjm.localhost:3000 http://sjm.localhost:3000/dashboardportal/procurement/purchaseOrder @ http://sjm.localhost:3000/_next/static/chunks/217dd_next_dist_9c560571._.js:2297
[  725909ms] [LOG] Detected Host: sjm.localhost:3000 http://sjm.localhost:3000/dashboardportal/procurement/purchaseOrder @ http://sjm.localhost:3000/_next/static/chunks/217dd_next_dist_9c560571._.js:2297
[  725924ms] [LOG] Detected Host: sjm.localhost:3000 http://sjm.localhost:3000/dashboardportal/procurement/purchaseOrder @ http://sjm.localhost:3000/_next/static/chunks/217dd_next_dist_9c560571._.js:2297
[  725924ms] [LOG] Detected Host: sjm.localhost:3000 http://sjm.localhost:3000/dashboardportal/procurement/purchaseOrder @ http://sjm.localhost:3000/_next/static/chunks/217dd_next_dist_9c560571._.js:2297
[  725940ms] [LOG] Detected Host: sjm.localhost:3000 http://sjm.localhost:3000/dashboardportal/procurement/purchaseOrder @ http://sjm.localhost:3000/_next/static/chunks/217dd_next_dist_9c560571._.js:2297
[  725941ms] [LOG] Detected Host: sjm.localhost:3000 http://sjm.localhost:3000/dashboardportal/procurement/purchaseOrder @ http://sjm.localhost:3000/_next/static/chunks/217dd_next_dist_9c560571._.js:2297
[  725958ms] [LOG] Detected Host: sjm.localhost:3000 http://sjm.localhost:3000/dashboardportal/procurement/purchaseOrder @ http://sjm.localhost:3000/_next/static/chunks/217dd_next_dist_9c560571._.js:2297
[  725958ms] [LOG] Detected Host: sjm.localhost:3000 http://sjm.localhost:3000/dashboardportal/procurement/purchaseOrder @ http://sjm.localhost:3000/_next/static/chunks/217dd_next_dist_9c560571._.js:2297
[  725976ms] [LOG] Detected Host: sjm.localhost:3000 http://sjm.localhost:3000/dashboardportal/procurement/purchaseOrder @ http://sjm.localhost:3000/_next/static/chunks/217dd_next_dist_9c560571._.js:2297
[  725976ms] [LOG] Detected Host: sjm.localhost:3000 http://sjm.localhost:3000/dashboardportal/procurement/purchaseOrder @ http://sjm.localhost:3000/_next/static/chunks/217dd_next_dist_9c560571._.js:2297
[  725994ms] [LOG] Detected Host: sjm.localhost:3000 http://sjm.localhost:3000/dashboardportal/procurement/purchaseOrder @ http://sjm.localhost:3000/_next/static/chunks/217dd_next_dist_9c560571._.js:2297
[  725995ms] [LOG] Detected Host: sjm.localhost:3000 http://sjm.localhost:3000/dashboardportal/procurement/purchaseOrder @ http://sjm.localhost:3000/_next/static/chunks/217dd_next_dist_9c560571._.js:2297
[  726014ms] [LOG] Detected Host: sjm.localhost:3000 http://sjm.localhost:3000/dashboardportal/procurement/purchaseOrder @ http://sjm.localhost:3000/_next/static/chunks/217dd_next_dist_9c560571._.js:2297
[  726014ms] [LOG] Detected Host: sjm.localhost:3000 http://sjm.localhost:3000/dashboardportal/procurement/purchaseOrder @ http://sjm.localhost:3000/_next/static/chunks/217dd_next_dist_9c560571._.js:2297
[  726026ms] [LOG] Detected Host: sjm.localhost:3000 http://sjm.localhost:3000/dashboardportal/procurement/purchaseOrder @ http://sjm.localhost:3000/_next/static/chunks/217dd_next_dist_9c560571._.js:2297
[  726027ms] [LOG] Detected Host: sjm.localhost:3000 http://sjm.localhost:3000/dashboardportal/procurement/purchaseOrder @ http://sjm.localhost:3000/_next/static/chunks/217dd_next_dist_9c560571._.js:2297
[  726040ms] [LOG] Detected Host: sjm.localhost:3000 http://sjm.localhost:3000/dashboardportal/procurement/purchaseOrder @ http://sjm.localhost:3000/_next/static/chunks/217dd_next_dist_9c560571._.js:2297
[  726040ms] [LOG] Detected Host: sjm.localhost:3000 http://sjm.localhost:3000/dashboardportal/procurement/purchaseOrder @ http://sjm.localhost:3000/_next/static/chunks/217dd_next_dist_9c560571._.js:2297
[  726052ms] [LOG] Detected Host: sjm.localhost:3000 http://sjm.localhost:3000/dashboardportal/procurement/purchaseOrder @ http://sjm.localhost:3000/_next/static/chunks/217dd_next_dist_9c560571._.js:2297
[  726053ms] [LOG] Detected Host: sjm.localhost:3000 http://sjm.localhost:3000/dashboardportal/procurement/purchaseOrder @ http://sjm.localhost:3000/_next/static/chunks/217dd_next_dist_9c560571._.js:2297
[  726068ms] [LOG] Detected Host: sjm.localhost:3000 http://sjm.localhost:3000/dashboardportal/procurement/purchaseOrder @ http://sjm.localhost:3000/_next/static/chunks/217dd_next_dist_9c560571._.js:2297
[  726068ms] [LOG] Detected Host: sjm.localhost:3000 http://sjm.localhost:3000/dashboardportal/procurement/purchaseOrder @ http://sjm.localhost:3000/_next/static/chunks/217dd_next_dist_9c560571._.js:2297
[  726079ms] [LOG] Detected Host: sjm.localhost:3000 http://sjm.localhost:3000/dashboardportal/procurement/purchaseOrder @ http://sjm.localhost:3000/_next/static/chunks/217dd_next_dist_9c560571._.js:2297
[  726080ms] [LOG] Detected Host: sjm.localhost:3000 http://sjm.localhost:3000/dashboardportal/procurement/purchaseOrder @ http://sjm.localhost:3000/_next/static/chunks/217dd_next_dist_9c560571._.js:2297
[  726103ms] [LOG] Detected Host: sjm.localhost:3000 http://sjm.localhost:3000/dashboardportal/procurement/purchaseOrder @ http://sjm.localhost:3000/_next/static/chunks/217dd_next_dist_9c560571._.js:2297
[  726104ms] [LOG] Detected Host: sjm.localhost:3000 http://sjm.localhost:3000/dashboardportal/procurement/purchaseOrder @ http://sjm.localhost:3000/_next/static/chunks/217dd_next_dist_9c560571._.js:2297
[  726113ms] [LOG] Detected Host: sjm.localhost:3000 http://sjm.localhost:3000/dashboardportal/procurement/purchaseOrder @ http://sjm.localhost:3000/_next/static/chunks/217dd_next_dist_9c560571._.js:2297
[  726113ms] [LOG] Detected Host: sjm.localhost:3000 http://sjm.localhost:3000/dashboardportal/procurement/purchaseOrder @ http://sjm.localhost:3000/_next/static/chunks/217dd_next_dist_9c560571._.js:2297
[  726119ms] [LOG] Detected Host: sjm.localhost:3000 http://sjm.localhost:3000/dashboardportal/procurement/purchaseOrder @ http://sjm.localhost:3000/_next/static/chunks/217dd_next_dist_9c560571._.js:2297
[  726120ms] [LOG] Detected Host: sjm.localhost:3000 http://sjm.localhost:3000/dashboardportal/procurement/purchaseOrder @ http://sjm.localhost:3000/_next/static/chunks/217dd_next_dist_9c560571._.js:2297
[  726125ms] [LOG] Detected Host: sjm.localhost:3000 http://sjm.localhost:3000/dashboardportal/procurement/purchaseOrder @ http://sjm.localhost:3000/_next/static/chunks/217dd_next_dist_9c560571._.js:2297
[  726125ms] [LOG] Detected Host: sjm.localhost:3000 http://sjm.localhost:3000/dashboardportal/procurement/purchaseOrder @ http://sjm.localhost:3000/_next/static/chunks/217dd_next_dist_9c560571._.js:2297
[  726129ms] [LOG] Detected Host: sjm.localhost:3000 http://sjm.localhost:3000/dashboardportal/procurement/purchaseOrder @ http://sjm.localhost:3000/_next/static/chunks/217dd_next_dist_9c560571._.js:2297
[  726129ms] [LOG] Detected Host: sjm.localhost:3000 http://sjm.localhost:3000/dashboardportal/procurement/purchaseOrder @ http://sjm.localhost:3000/_next/static/chunks/217dd_next_dist_9c560571._.js:2297
[  726135ms] [LOG] Detected Host: sjm.localhost:3000 http://sjm.localhost:3000/dashboardportal/procurement/purchaseOrder @ http://sjm.localhost:3000/_next/static/chunks/217dd_next_dist_9c560571._.js:2297
[  726135ms] [LOG] Detected Host: sjm.localhost:3000 http://sjm.localhost:3000/dashboardportal/procurement/purchaseOrder @ http://sjm.localhost:3000/_next/static/chunks/217dd_next_dist_9c560571._.js:2297
[  726140ms] [LOG] Detected Host: sjm.localhost:3000 http://sjm.localhost:3000/dashboardportal/procurement/purchaseOrder @ http://sjm.localhost:3000/_next/static/chunks/217dd_next_dist_9c560571._.js:2297
[  726140ms] [LOG] Detected Host: sjm.localhost:3000 http://sjm.localhost:3000/dashboardportal/procurement/purchaseOrder @ http://sjm.localhost:3000/_next/static/chunks/217dd_next_dist_9c560571._.js:2297
[  726145ms] [LOG] Detected Host: sjm.localhost:3000 http://sjm.localhost:3000/dashboardportal/procurement/purchaseOrder @ http://sjm.localhost:3000/_next/static/chunks/217dd_next_dist_9c560571._.js:2297
[  726145ms] [LOG] Detected Host: sjm.localhost:3000 http://sjm.localhost:3000/dashboardportal/procurement/purchaseOrder @ http://sjm.localhost:3000/_next/static/chunks/217dd_next_dist_9c560571._.js:2297
[  726152ms] [LOG] Detected Host: sjm.localhost:3000 http://sjm.localhost:3000/dashboardportal/procurement/purchaseOrder @ http://sjm.localhost:3000/_next/static/chunks/217dd_next_dist_9c560571._.js:2297
[  726152ms] [LOG] Detected Host: sjm.localhost:3000 http://sjm.localhost:3000/dashboardportal/procurement/purchaseOrder @ http://sjm.localhost:3000/_next/static/chunks/217dd_next_dist_9c560571._.js:2297
[  726156ms] [LOG] Detected Host: sjm.localhost:3000 http://sjm.localhost:3000/dashboardportal/procurement/purchaseOrder @ http://sjm.localhost:3000/_next/static/chunks/217dd_next_dist_9c560571._.js:2297
[  726156ms] [LOG] Detected Host: sjm.localhost:3000 http://sjm.localhost:3000/dashboardportal/procurement/purchaseOrder @ http://sjm.localhost:3000/_next/static/chunks/217dd_next_dist_9c560571._.js:2297
[  726161ms] [LOG] Detected Host: sjm.localhost:3000 http://sjm.localhost:3000/dashboardportal/procurement/purchaseOrder @ http://sjm.localhost:3000/_next/static/chunks/217dd_next_dist_9c560571._.js:2297
[  726161ms] [LOG] Detected Host: sjm.localhost:3000 http://sjm.localhost:3000/dashboardportal/procurement/purchaseOrder @ http://sjm.localhost:3000/_next/static/chunks/217dd_next_dist_9c560571._.js:2297
[  726166ms] [LOG] Detected Host: sjm.localhost:3000 http://sjm.localhost:3000/dashboardportal/procurement/purchaseOrder @ http://sjm.localhost:3000/_next/static/chunks/217dd_next_dist_9c560571._.js:2297
[  726166ms] [LOG] Detected Host: sjm.localhost:3000 http://sjm.localhost:3000/dashboardportal/procurement/purchaseOrder @ http://sjm.localhost:3000/_next/static/chunks/217dd_next_dist_9c560571._.js:2297
[  726173ms] [LOG] Detected Host: sjm.localhost:3000 http://sjm.localhost:3000/dashboardportal/procurement/purchaseOrder @ http://sjm.localhost:3000/_next/static/chunks/217dd_next_dist_9c560571._.js:2297
[  726173ms] [LOG] Detected Host: sjm.localhost:3000 http://sjm.localhost:3000/dashboardportal/procurement/purchaseOrder @ http://sjm.localhost:3000/_next/static/chunks/217dd_next_dist_9c560571._.js:2297
[  726177ms] [LOG] Detected Host: sjm.localhost:3000 http://sjm.localhost:3000/dashboardportal/procurement/purchaseOrder @ http://sjm.localhost:3000/_next/static/chunks/217dd_next_dist_9c560571._.js:2297
[  726177ms] [LOG] Detected Host: sjm.localhost:3000 http://sjm.localhost:3000/dashboardportal/procurement/purchaseOrder @ http://sjm.localhost:3000/_next/static/chunks/217dd_next_dist_9c560571._.js:2297
[  726182ms] [LOG] Detected Host: sjm.localhost:3000 http://sjm.localhost:3000/dashboardportal/procurement/purchaseOrder @ http://sjm.localhost:3000/_next/static/chunks/217dd_next_dist_9c560571._.js:2297
[  726183ms] [LOG] Detected Host: sjm.localhost:3000 http://sjm.localhost:3000/dashboardportal/procurement/purchaseOrder @ http://sjm.localhost:3000/_next/static/chunks/217dd_next_dist_9c560571._.js:2297
[  726189ms] [LOG] [Fast Refresh] done in 425ms @ http://sjm.localhost:3000/_next/static/chunks/217dd_next_dist_9c560571._.js:2297
[  726199ms] [LOG] Detected Host: sjm.localhost:3000 http://sjm.localhost:3000/dashboardportal/procurement/purchaseOrder @ http://sjm.localhost:3000/_next/static/chunks/217dd_next_dist_9c560571._.js:2297
[  726199ms] [LOG] Detected Host: sjm.localhost:3000 http://sjm.localhost:3000/dashboardportal/procurement/purchaseOrder @ http://sjm.localhost:3000/_next/static/chunks/217dd_next_dist_9c560571._.js:2297
[  726221ms] [ERROR] Failed to load resource: the server responded with a status of 404 (Not Found) @ http://sjm.localhost:3000/dashboardportal/procurement/quotation:0
[  726408ms] [INFO] %cDownload the React DevTools for a better development experience: https://react.dev/link/react-devtools font-weight:bold @ http://sjm.localhost:3000/_next/static/chunks/217dd_next_dist_9c560571._.js:2297
[  726436ms] [LOG] [HMR] connected @ http://sjm.localhost:3000/_next/static/chunks/217dd_next_dist_9c560571._.js:2297
[  726611ms] [LOG] [Fast Refresh] rebuilding @ http://sjm.localhost:3000/_next/static/chunks/217dd_next_dist_9c560571._.js:2297
[  727164ms] [ERROR] Failed to load resource: the server responded with a status of 404 (Not Found) @ http://sjm.localhost:3000/dashboardportal/procurement/reports:0
[  727333ms] [INFO] %cDownload the React DevTools for a better development experience: https://react.dev/link/react-devtools font-weight:bold @ http://sjm.localhost:3000/_next/static/chunks/217dd_next_dist_9c560571._.js:2297
[  727355ms] [LOG] [HMR] connected @ http://sjm.localhost:3000/_next/static/chunks/217dd_next_dist_9c560571._.js:2297
[  727479ms] [LOG] [Fast Refresh] rebuilding @ http://sjm.localhost:3000/_next/static/chunks/217dd_next_dist_9c560571._.js:2297
[  730417ms] [INFO] %cDownload the React DevTools for a better development experience: https://react.dev/link/react-devtools font-weight:bold @ http://sjm.localhost:3000/_next/static/chunks/217dd_next_dist_9c560571._.js:2297
[  730454ms] [LOG] [HMR] connected @ http://sjm.localhost:3000/_next/static/chunks/217dd_next_dist_9c560571._.js:2297
[  730623ms] [LOG] Detected Host: sjm.localhost:3000 http://sjm.localhost:3000/dashboardportal/procurement/sr @ http://sjm.localhost:3000/_next/static/chunks/217dd_next_dist_9c560571._.js:2297
[  730623ms] [LOG] Detected Host: sjm.localhost:3000 http://sjm.localhost:3000/dashboardportal/procurement/sr @ http://sjm.localhost:3000/_next/static/chunks/217dd_next_dist_9c560571._.js:2297
[  730667ms] [LOG] Detected Host: sjm.localhost:3000 http://sjm.localhost:3000/dashboardportal/procurement/sr @ http://sjm.localhost:3000/_next/static/chunks/217dd_next_dist_9c560571._.js:2297
[  730668ms] [LOG] Detected Host: sjm.localhost:3000 http://sjm.localhost:3000/dashboardportal/procurement/sr @ http://sjm.localhost:3000/_next/static/chunks/217dd_next_dist_9c560571._.js:2297
[  730691ms] [LOG] Detected Host: sjm.localhost:3000 http://sjm.localhost:3000/dashboardportal/procurement/sr @ http://sjm.localhost:3000/_next/static/chunks/217dd_next_dist_9c560571._.js:2297
[  730691ms] [LOG] Detected Host: sjm.localhost:3000 http://sjm.localhost:3000/dashboardportal/procurement/sr @ http://sjm.localhost:3000/_next/static/chunks/217dd_next_dist_9c560571._.js:2297
[  730718ms] [LOG] Detected Host: sjm.localhost:3000 http://sjm.localhost:3000/dashboardportal/procurement/sr @ http://sjm.localhost:3000/_next/static/chunks/217dd_next_dist_9c560571._.js:2297
[  730719ms] [LOG] Detected Host: sjm.localhost:3000 http://sjm.localhost:3000/dashboardportal/procurement/sr @ http://sjm.localhost:3000/_next/static/chunks/217dd_next_dist_9c560571._.js:2297
[  730742ms] [LOG] Detected Host: sjm.localhost:3000 http://sjm.localhost:3000/dashboardportal/procurement/sr @ http://sjm.localhost:3000/_next/static/chunks/217dd_next_dist_9c560571._.js:2297
[  730743ms] [LOG] Detected Host: sjm.localhost:3000 http://sjm.localhost:3000/dashboardportal/procurement/sr @ http://sjm.localhost:3000/_next/static/chunks/217dd_next_dist_9c560571._.js:2297
[  730767ms] [LOG] Detected Host: sjm.localhost:3000 http://sjm.localhost:3000/dashboardportal/procurement/sr @ http://sjm.localhost:3000/_next/static/chunks/217dd_next_dist_9c560571._.js:2297
[  730767ms] [LOG] Detected Host: sjm.localhost:3000 http://sjm.localhost:3000/dashboardportal/procurement/sr @ http://sjm.localhost:3000/_next/static/chunks/217dd_next_dist_9c560571._.js:2297
[  730792ms] [LOG] Detected Host: sjm.localhost:3000 http://sjm.localhost:3000/dashboardportal/procurement/sr @ http://sjm.localhost:3000/_next/static/chunks/217dd_next_dist_9c560571._.js:2297
[  730792ms] [LOG] Detected Host: sjm.localhost:3000 http://sjm.localhost:3000/dashboardportal/procurement/sr @ http://sjm.localhost:3000/_next/static/chunks/217dd_next_dist_9c560571._.js:2297
[  730816ms] [LOG] Detected Host: sjm.localhost:3000 http://sjm.localhost:3000/dashboardportal/procurement/sr @ http://sjm.localhost:3000/_next/static/chunks/217dd_next_dist_9c560571._.js:2297
[  730817ms] [LOG] Detected Host: sjm.localhost:3000 http://sjm.localhost:3000/dashboardportal/procurement/sr @ http://sjm.localhost:3000/_next/static/chunks/217dd_next_dist_9c560571._.js:2297
[  730890ms] [LOG] Detected Host: sjm.localhost:3000 http://sjm.localhost:3000/dashboardportal/procurement/sr @ http://sjm.localhost:3000/_next/static/chunks/217dd_next_dist_9c560571._.js:2297
[  730898ms] [LOG] Detected Host: sjm.localhost:3000 http://sjm.localhost:3000/dashboardportal/procurement/sr @ http://sjm.localhost:3000/_next/static/chunks/217dd_next_dist_9c560571._.js:2297
[  730981ms] [LOG] Detected Host: sjm.localhost:3000 http://sjm.localhost:3000/dashboardportal/procurement/sr @ http://sjm.localhost:3000/_next/static/chunks/217dd_next_dist_9c560571._.js:2297
[  730986ms] [LOG] Detected Host: sjm.localhost:3000 http://sjm.localhost:3000/dashboardportal/procurement/sr @ http://sjm.localhost:3000/_next/static/chunks/217dd_next_dist_9c560571._.js:2297
[  731094ms] [LOG] Detected Host: sjm.localhost:3000 http://sjm.localhost:3000/dashboardportal/procurement/sr @ http://sjm.localhost:3000/_next/static/chunks/217dd_next_dist_9c560571._.js:2297
[  731098ms] [LOG] Detected Host: sjm.localhost:3000 http://sjm.localhost:3000/dashboardportal/procurement/sr @ http://sjm.localhost:3000/_next/static/chunks/217dd_next_dist_9c560571._.js:2297
[  731316ms] [LOG] Detected Host: sjm.localhost:3000 http://sjm.localhost:3000/dashboardportal/procurement/sr @ http://sjm.localhost:3000/_next/static/chunks/217dd_next_dist_9c560571._.js:2297
[  731320ms] [LOG] Detected Host: sjm.localhost:3000 http://sjm.localhost:3000/dashboardportal/procurement/sr @ http://sjm.localhost:3000/_next/static/chunks/217dd_next_dist_9c560571._.js:2297
[  731407ms] [LOG] Detected Host: sjm.localhost:3000 http://sjm.localhost:3000/dashboardportal/procurement/sr @ http://sjm.localhost:3000/_next/static/chunks/217dd_next_dist_9c560571._.js:2297
[  731408ms] [LOG] Detected Host: sjm.localhost:3000 http://sjm.localhost:3000/dashboardportal/procurement/sr @ http://sjm.localhost:3000/_next/static/chunks/217dd_next_dist_9c560571._.js:2297
[  731448ms] [LOG] [Fast Refresh] rebuilding @ http://sjm.localhost:3000/_next/static/chunks/217dd_next_dist_9c560571._.js:2297
[  731453ms] [LOG] [Fast Refresh] done in 595ms @ http://sjm.localhost:3000/_next/static/chunks/217dd_next_dist_9c560571._.js:2297
[  731613ms] [LOG] [Fast Refresh] rebuilding @ http://sjm.localhost:3000/_next/static/chunks/217dd_next_dist_9c560571._.js:2297
[  731639ms] [LOG] [Fast Refresh] done in 133ms @ http://sjm.localhost:3000/_next/static/chunks/217dd_next_dist_9c560571._.js:2297
[  731677ms] [ERROR] Failed to load resource: the server responded with a status of 404 (Not Found) @ http://sjm.localhost:3000/dashboardportal/production:0
[  731860ms] [INFO] %cDownload the React DevTools for a better development experience: https://react.dev/link/react-devtools font-weight:bold @ http://sjm.localhost:3000/_next/static/chunks/217dd_next_dist_9c560571._.js:2297
[  731884ms] [LOG] [HMR] connected @ http://sjm.localhost:3000/_next/static/chunks/217dd_next_dist_9c560571._.js:2297
[  731994ms] [LOG] [Fast Refresh] rebuilding @ http://sjm.localhost:3000/_next/static/chunks/217dd_next_dist_9c560571._.js:2297
[  732047ms] [LOG] [Fast Refresh] done in 153ms @ http://sjm.localhost:3000/_next/static/chunks/217dd_next_dist_9c560571._.js:2297
[  732222ms] [LOG] [Fast Refresh] rebuilding @ http://sjm.localhost:3000/_next/static/chunks/217dd_next_dist_9c560571._.js:2297
[  732295ms] [LOG] [Fast Refresh] done in 175ms @ http://sjm.localhost:3000/_next/static/chunks/217dd_next_dist_9c560571._.js:2297
[  732460ms] [LOG] [Fast Refresh] rebuilding @ http://sjm.localhost:3000/_next/static/chunks/217dd_next_dist_9c560571._.js:2297
[  732586ms] [LOG] [Fast Refresh] done in 241ms @ http://sjm.localhost:3000/_next/static/chunks/217dd_next_dist_9c560571._.js:2297
[  732603ms] [ERROR] Failed to load resource: the server responded with a status of 404 (Not Found) @ http://sjm.localhost:3000/dashboardportal/production/dailyDoffEntry:0
[  732765ms] [INFO] %cDownload the React DevTools for a better development experience: https://react.dev/link/react-devtools font-weight:bold @ http://sjm.localhost:3000/_next/static/chunks/217dd_next_dist_9c560571._.js:2297
[  732786ms] [LOG] [HMR] connected @ http://sjm.localhost:3000/_next/static/chunks/217dd_next_dist_9c560571._.js:2297
[  732910ms] [LOG] [Fast Refresh] rebuilding @ http://sjm.localhost:3000/_next/static/chunks/217dd_next_dist_9c560571._.js:2297
[  733554ms] [ERROR] Failed to load resource: the server responded with a status of 404 (Not Found) @ http://sjm.localhost:3000/dashboardportal/production/spreaderEntry:0
[  733719ms] [INFO] %cDownload the React DevTools for a better development experience: https://react.dev/link/react-devtools font-weight:bold @ http://sjm.localhost:3000/_next/static/chunks/217dd_next_dist_9c560571._.js:2297
[  733742ms] [LOG] [HMR] connected @ http://sjm.localhost:3000/_next/static/chunks/217dd_next_dist_9c560571._.js:2297
[  733877ms] [LOG] [Fast Refresh] rebuilding @ http://sjm.localhost:3000/_next/static/chunks/217dd_next_dist_9c560571._.js:2297
[  737380ms] [INFO] %cDownload the React DevTools for a better development experience: https://react.dev/link/react-devtools font-weight:bold @ http://sjm.localhost:3000/_next/static/chunks/217dd_next_dist_9c560571._.js:2297
[  737417ms] [LOG] [HMR] connected @ http://sjm.localhost:3000/_next/static/chunks/217dd_next_dist_9c560571._.js:2297
[  737639ms] [LOG] Detected Host: sjm.localhost:3000 http://sjm.localhost:3000/dashboardportal/productionEntry/mcStoppage @ http://sjm.localhost:3000/_next/static/chunks/217dd_next_dist_9c560571._.js:2297
[  737640ms] [LOG] Detected Host: sjm.localhost:3000 http://sjm.localhost:3000/dashboardportal/productionEntry/mcStoppage @ http://sjm.localhost:3000/_next/static/chunks/217dd_next_dist_9c560571._.js:2297
[  737667ms] [LOG] Detected Host: sjm.localhost:3000 http://sjm.localhost:3000/dashboardportal/productionEntry/mcStoppage @ http://sjm.localhost:3000/_next/static/chunks/217dd_next_dist_9c560571._.js:2297
[  737668ms] [LOG] Detected Host: sjm.localhost:3000 http://sjm.localhost:3000/dashboardportal/productionEntry/mcStoppage @ http://sjm.localhost:3000/_next/static/chunks/217dd_next_dist_9c560571._.js:2297
[  737693ms] [LOG] Detected Host: sjm.localhost:3000 http://sjm.localhost:3000/dashboardportal/productionEntry/mcStoppage @ http://sjm.localhost:3000/_next/static/chunks/217dd_next_dist_9c560571._.js:2297
[  737694ms] [LOG] Detected Host: sjm.localhost:3000 http://sjm.localhost:3000/dashboardportal/productionEntry/mcStoppage @ http://sjm.localhost:3000/_next/static/chunks/217dd_next_dist_9c560571._.js:2297
[  737717ms] [LOG] Detected Host: sjm.localhost:3000 http://sjm.localhost:3000/dashboardportal/productionEntry/mcStoppage @ http://sjm.localhost:3000/_next/static/chunks/217dd_next_dist_9c560571._.js:2297
[  737718ms] [LOG] Detected Host: sjm.localhost:3000 http://sjm.localhost:3000/dashboardportal/productionEntry/mcStoppage @ http://sjm.localhost:3000/_next/static/chunks/217dd_next_dist_9c560571._.js:2297
[  737756ms] [LOG] Detected Host: sjm.localhost:3000 http://sjm.localhost:3000/dashboardportal/productionEntry/mcStoppage @ http://sjm.localhost:3000/_next/static/chunks/217dd_next_dist_9c560571._.js:2297
[  737757ms] [LOG] Detected Host: sjm.localhost:3000 http://sjm.localhost:3000/dashboardportal/productionEntry/mcStoppage @ http://sjm.localhost:3000/_next/static/chunks/217dd_next_dist_9c560571._.js:2297
[  737787ms] [LOG] Detected Host: sjm.localhost:3000 http://sjm.localhost:3000/dashboardportal/productionEntry/mcStoppage @ http://sjm.localhost:3000/_next/static/chunks/217dd_next_dist_9c560571._.js:2297
[  737787ms] [LOG] Detected Host: sjm.localhost:3000 http://sjm.localhost:3000/dashboardportal/productionEntry/mcStoppage @ http://sjm.localhost:3000/_next/static/chunks/217dd_next_dist_9c560571._.js:2297
[  737813ms] [LOG] Detected Host: sjm.localhost:3000 http://sjm.localhost:3000/dashboardportal/productionEntry/mcStoppage @ http://sjm.localhost:3000/_next/static/chunks/217dd_next_dist_9c560571._.js:2297
[  737813ms] [LOG] Detected Host: sjm.localhost:3000 http://sjm.localhost:3000/dashboardportal/productionEntry/mcStoppage @ http://sjm.localhost:3000/_next/static/chunks/217dd_next_dist_9c560571._.js:2297
[  737839ms] [LOG] Detected Host: sjm.localhost:3000 http://sjm.localhost:3000/dashboardportal/productionEntry/mcStoppage @ http://sjm.localhost:3000/_next/static/chunks/217dd_next_dist_9c560571._.js:2297
[  737839ms] [LOG] Detected Host: sjm.localhost:3000 http://sjm.localhost:3000/dashboardportal/productionEntry/mcStoppage @ http://sjm.localhost:3000/_next/static/chunks/217dd_next_dist_9c560571._.js:2297
[  737860ms] [LOG] Detected Host: sjm.localhost:3000 http://sjm.localhost:3000/dashboardportal/productionEntry/mcStoppage @ http://sjm.localhost:3000/_next/static/chunks/217dd_next_dist_9c560571._.js:2297
[  737860ms] [LOG] Detected Host: sjm.localhost:3000 http://sjm.localhost:3000/dashboardportal/productionEntry/mcStoppage @ http://sjm.localhost:3000/_next/static/chunks/217dd_next_dist_9c560571._.js:2297
[  737886ms] [LOG] Detected Host: sjm.localhost:3000 http://sjm.localhost:3000/dashboardportal/productionEntry/mcStoppage @ http://sjm.localhost:3000/_next/static/chunks/217dd_next_dist_9c560571._.js:2297
[  737887ms] [LOG] Detected Host: sjm.localhost:3000 http://sjm.localhost:3000/dashboardportal/productionEntry/mcStoppage @ http://sjm.localhost:3000/_next/static/chunks/217dd_next_dist_9c560571._.js:2297
[  737944ms] [LOG] Detected Host: sjm.localhost:3000 http://sjm.localhost:3000/dashboardportal/productionEntry/mcStoppage @ http://sjm.localhost:3000/_next/static/chunks/217dd_next_dist_9c560571._.js:2297
[  737945ms] [LOG] Detected Host: sjm.localhost:3000 http://sjm.localhost:3000/dashboardportal/productionEntry/mcStoppage @ http://sjm.localhost:3000/_next/static/chunks/217dd_next_dist_9c560571._.js:2297
[  738012ms] [LOG] Detected Host: sjm.localhost:3000 http://sjm.localhost:3000/dashboardportal/productionEntry/mcStoppage @ http://sjm.localhost:3000/_next/static/chunks/217dd_next_dist_9c560571._.js:2297
[  738019ms] [LOG] Detected Host: sjm.localhost:3000 http://sjm.localhost:3000/dashboardportal/productionEntry/mcStoppage @ http://sjm.localhost:3000/_next/static/chunks/217dd_next_dist_9c560571._.js:2297
[  738162ms] [LOG] Detected Host: sjm.localhost:3000 http://sjm.localhost:3000/dashboardportal/productionEntry/mcStoppage @ http://sjm.localhost:3000/_next/static/chunks/217dd_next_dist_9c560571._.js:2297
[  738169ms] [LOG] Detected Host: sjm.localhost:3000 http://sjm.localhost:3000/dashboardportal/productionEntry/mcStoppage @ http://sjm.localhost:3000/_next/static/chunks/217dd_next_dist_9c560571._.js:2297
[  738641ms] [ERROR] Failed to load resource: the server responded with a status of 404 (Not Found) @ http://sjm.localhost:3000/dashboardportal/productionMasters:0
[  738859ms] [INFO] %cDownload the React DevTools for a better development experience: https://react.dev/link/react-devtools font-weight:bold @ http://sjm.localhost:3000/_next/static/chunks/217dd_next_dist_9c560571._.js:2297
[  738889ms] [LOG] [HMR] connected @ http://sjm.localhost:3000/_next/static/chunks/217dd_next_dist_9c560571._.js:2297
[  739024ms] [LOG] [Fast Refresh] rebuilding @ http://sjm.localhost:3000/_next/static/chunks/217dd_next_dist_9c560571._.js:2297
[  739078ms] [LOG] [Fast Refresh] done in 156ms @ http://sjm.localhost:3000/_next/static/chunks/217dd_next_dist_9c560571._.js:2297
[  739192ms] [LOG] [Fast Refresh] rebuilding @ http://sjm.localhost:3000/_next/static/chunks/217dd_next_dist_9c560571._.js:2297
[  739606ms] [ERROR] Failed to load resource: the server responded with a status of 404 (Not Found) @ http://sjm.localhost:3000/dashboardportal/productionMasters/frameMasterEntry:0
[  739776ms] [INFO] %cDownload the React DevTools for a better development experience: https://react.dev/link/react-devtools font-weight:bold @ http://sjm.localhost:3000/_next/static/chunks/217dd_next_dist_9c560571._.js:2297
[  739802ms] [LOG] [HMR] connected @ http://sjm.localhost:3000/_next/static/chunks/217dd_next_dist_9c560571._.js:2297
[  739924ms] [LOG] [Fast Refresh] rebuilding @ http://sjm.localhost:3000/_next/static/chunks/217dd_next_dist_9c560571._.js:2297
[  743352ms] [INFO] %cDownload the React DevTools for a better development experience: https://react.dev/link/react-devtools font-weight:bold @ http://sjm.localhost:3000/_next/static/chunks/217dd_next_dist_9c560571._.js:2297
[  743388ms] [LOG] [HMR] connected @ http://sjm.localhost:3000/_next/static/chunks/217dd_next_dist_9c560571._.js:2297
[  743540ms] [LOG] Detected Host: sjm.localhost:3000 http://sjm.localhost:3000/dashboardportal/productionMasters/spgMasterEntry @ http://sjm.localhost:3000/_next/static/chunks/217dd_next_dist_9c560571._.js:2297
[  743541ms] [LOG] Detected Host: sjm.localhost:3000 http://sjm.localhost:3000/dashboardportal/productionMasters/spgMasterEntry @ http://sjm.localhost:3000/_next/static/chunks/217dd_next_dist_9c560571._.js:2297
[  743566ms] [LOG] Detected Host: sjm.localhost:3000 http://sjm.localhost:3000/dashboardportal/productionMasters/spgMasterEntry @ http://sjm.localhost:3000/_next/static/chunks/217dd_next_dist_9c560571._.js:2297
[  743567ms] [LOG] Detected Host: sjm.localhost:3000 http://sjm.localhost:3000/dashboardportal/productionMasters/spgMasterEntry @ http://sjm.localhost:3000/_next/static/chunks/217dd_next_dist_9c560571._.js:2297
[  743590ms] [LOG] Detected Host: sjm.localhost:3000 http://sjm.localhost:3000/dashboardportal/productionMasters/spgMasterEntry @ http://sjm.localhost:3000/_next/static/chunks/217dd_next_dist_9c560571._.js:2297
[  743591ms] [LOG] Detected Host: sjm.localhost:3000 http://sjm.localhost:3000/dashboardportal/productionMasters/spgMasterEntry @ http://sjm.localhost:3000/_next/static/chunks/217dd_next_dist_9c560571._.js:2297
[  743612ms] [LOG] Detected Host: sjm.localhost:3000 http://sjm.localhost:3000/dashboardportal/productionMasters/spgMasterEntry @ http://sjm.localhost:3000/_next/static/chunks/217dd_next_dist_9c560571._.js:2297
[  743613ms] [LOG] Detected Host: sjm.localhost:3000 http://sjm.localhost:3000/dashboardportal/productionMasters/spgMasterEntry @ http://sjm.localhost:3000/_next/static/chunks/217dd_next_dist_9c560571._.js:2297
[  743636ms] [LOG] Detected Host: sjm.localhost:3000 http://sjm.localhost:3000/dashboardportal/productionMasters/spgMasterEntry @ http://sjm.localhost:3000/_next/static/chunks/217dd_next_dist_9c560571._.js:2297
[  743637ms] [LOG] Detected Host: sjm.localhost:3000 http://sjm.localhost:3000/dashboardportal/productionMasters/spgMasterEntry @ http://sjm.localhost:3000/_next/static/chunks/217dd_next_dist_9c560571._.js:2297
[  743663ms] [LOG] Detected Host: sjm.localhost:3000 http://sjm.localhost:3000/dashboardportal/productionMasters/spgMasterEntry @ http://sjm.localhost:3000/_next/static/chunks/217dd_next_dist_9c560571._.js:2297
[  743663ms] [LOG] Detected Host: sjm.localhost:3000 http://sjm.localhost:3000/dashboardportal/productionMasters/spgMasterEntry @ http://sjm.localhost:3000/_next/static/chunks/217dd_next_dist_9c560571._.js:2297
[  743685ms] [LOG] Detected Host: sjm.localhost:3000 http://sjm.localhost:3000/dashboardportal/productionMasters/spgMasterEntry @ http://sjm.localhost:3000/_next/static/chunks/217dd_next_dist_9c560571._.js:2297
[  743685ms] [LOG] Detected Host: sjm.localhost:3000 http://sjm.localhost:3000/dashboardportal/productionMasters/spgMasterEntry @ http://sjm.localhost:3000/_next/static/chunks/217dd_next_dist_9c560571._.js:2297
[  743708ms] [LOG] Detected Host: sjm.localhost:3000 http://sjm.localhost:3000/dashboardportal/productionMasters/spgMasterEntry @ http://sjm.localhost:3000/_next/static/chunks/217dd_next_dist_9c560571._.js:2297
[  743709ms] [LOG] Detected Host: sjm.localhost:3000 http://sjm.localhost:3000/dashboardportal/productionMasters/spgMasterEntry @ http://sjm.localhost:3000/_next/static/chunks/217dd_next_dist_9c560571._.js:2297
[  743798ms] [LOG] Detected Host: sjm.localhost:3000 http://sjm.localhost:3000/dashboardportal/productionMasters/spgMasterEntry @ http://sjm.localhost:3000/_next/static/chunks/217dd_next_dist_9c560571._.js:2297
[  743805ms] [LOG] Detected Host: sjm.localhost:3000 http://sjm.localhost:3000/dashboardportal/productionMasters/spgMasterEntry @ http://sjm.localhost:3000/_next/static/chunks/217dd_next_dist_9c560571._.js:2297
[  743897ms] [LOG] Detected Host: sjm.localhost:3000 http://sjm.localhost:3000/dashboardportal/productionMasters/spgMasterEntry @ http://sjm.localhost:3000/_next/static/chunks/217dd_next_dist_9c560571._.js:2297
[  743901ms] [LOG] Detected Host: sjm.localhost:3000 http://sjm.localhost:3000/dashboardportal/productionMasters/spgMasterEntry @ http://sjm.localhost:3000/_next/static/chunks/217dd_next_dist_9c560571._.js:2297
[  744021ms] [LOG] Detected Host: sjm.localhost:3000 http://sjm.localhost:3000/dashboardportal/productionMasters/spgMasterEntry @ http://sjm.localhost:3000/_next/static/chunks/217dd_next_dist_9c560571._.js:2297
[  744025ms] [LOG] Detected Host: sjm.localhost:3000 http://sjm.localhost:3000/dashboardportal/productionMasters/spgMasterEntry @ http://sjm.localhost:3000/_next/static/chunks/217dd_next_dist_9c560571._.js:2297
[  744095ms] [LOG] Detected Host: sjm.localhost:3000 http://sjm.localhost:3000/dashboardportal/productionMasters/spgMasterEntry @ http://sjm.localhost:3000/_next/static/chunks/217dd_next_dist_9c560571._.js:2297
[  744100ms] [LOG] Detected Host: sjm.localhost:3000 http://sjm.localhost:3000/dashboardportal/productionMasters/spgMasterEntry @ http://sjm.localhost:3000/_next/static/chunks/217dd_next_dist_9c560571._.js:2297
[  744254ms] [LOG] Detected Host: sjm.localhost:3000 http://sjm.localhost:3000/dashboardportal/productionMasters/spgMasterEntry @ http://sjm.localhost:3000/_next/static/chunks/217dd_next_dist_9c560571._.js:2297
[  744254ms] [LOG] Detected Host: sjm.localhost:3000 http://sjm.localhost:3000/dashboardportal/productionMasters/spgMasterEntry @ http://sjm.localhost:3000/_next/static/chunks/217dd_next_dist_9c560571._.js:2297
[  744474ms] [LOG] [Fast Refresh] rebuilding @ http://sjm.localhost:3000/_next/static/chunks/217dd_next_dist_9c560571._.js:2297
[  746436ms] [LOG] [Fast Refresh] done in 2069ms @ http://sjm.localhost:3000/_next/static/chunks/217dd_next_dist_9c560571._.js:2297
[  746656ms] [INFO] %cDownload the React DevTools for a better development experience: https://react.dev/link/react-devtools font-weight:bold @ http://sjm.localhost:3000/_next/static/chunks/217dd_next_dist_9c560571._.js:2297
[  746690ms] [LOG] [HMR] connected @ http://sjm.localhost:3000/_next/static/chunks/217dd_next_dist_9c560571._.js:2297
[  746878ms] [LOG] Detected Host: sjm.localhost:3000 http://sjm.localhost:3000/dashboardportal/productionMasters/trollyMasterEntry @ http://sjm.localhost:3000/_next/static/chunks/217dd_next_dist_9c560571._.js:2297
[  746878ms] [LOG] Detected Host: sjm.localhost:3000 http://sjm.localhost:3000/dashboardportal/productionMasters/trollyMasterEntry @ http://sjm.localhost:3000/_next/static/chunks/217dd_next_dist_9c560571._.js:2297
[  746906ms] [LOG] Detected Host: sjm.localhost:3000 http://sjm.localhost:3000/dashboardportal/productionMasters/trollyMasterEntry @ http://sjm.localhost:3000/_next/static/chunks/217dd_next_dist_9c560571._.js:2297
[  746906ms] [LOG] Detected Host: sjm.localhost:3000 http://sjm.localhost:3000/dashboardportal/productionMasters/trollyMasterEntry @ http://sjm.localhost:3000/_next/static/chunks/217dd_next_dist_9c560571._.js:2297
[  746932ms] [LOG] Detected Host: sjm.localhost:3000 http://sjm.localhost:3000/dashboardportal/productionMasters/trollyMasterEntry @ http://sjm.localhost:3000/_next/static/chunks/217dd_next_dist_9c560571._.js:2297
[  746933ms] [LOG] Detected Host: sjm.localhost:3000 http://sjm.localhost:3000/dashboardportal/productionMasters/trollyMasterEntry @ http://sjm.localhost:3000/_next/static/chunks/217dd_next_dist_9c560571._.js:2297
[  746961ms] [LOG] Detected Host: sjm.localhost:3000 http://sjm.localhost:3000/dashboardportal/productionMasters/trollyMasterEntry @ http://sjm.localhost:3000/_next/static/chunks/217dd_next_dist_9c560571._.js:2297
[  746962ms] [LOG] Detected Host: sjm.localhost:3000 http://sjm.localhost:3000/dashboardportal/productionMasters/trollyMasterEntry @ http://sjm.localhost:3000/_next/static/chunks/217dd_next_dist_9c560571._.js:2297
[  746985ms] [LOG] Detected Host: sjm.localhost:3000 http://sjm.localhost:3000/dashboardportal/productionMasters/trollyMasterEntry @ http://sjm.localhost:3000/_next/static/chunks/217dd_next_dist_9c560571._.js:2297
[  746986ms] [LOG] Detected Host: sjm.localhost:3000 http://sjm.localhost:3000/dashboardportal/productionMasters/trollyMasterEntry @ http://sjm.localhost:3000/_next/static/chunks/217dd_next_dist_9c560571._.js:2297
[  747012ms] [LOG] Detected Host: sjm.localhost:3000 http://sjm.localhost:3000/dashboardportal/productionMasters/trollyMasterEntry @ http://sjm.localhost:3000/_next/static/chunks/217dd_next_dist_9c560571._.js:2297
[  747013ms] [LOG] Detected Host: sjm.localhost:3000 http://sjm.localhost:3000/dashboardportal/productionMasters/trollyMasterEntry @ http://sjm.localhost:3000/_next/static/chunks/217dd_next_dist_9c560571._.js:2297
[  747036ms] [LOG] Detected Host: sjm.localhost:3000 http://sjm.localhost:3000/dashboardportal/productionMasters/trollyMasterEntry @ http://sjm.localhost:3000/_next/static/chunks/217dd_next_dist_9c560571._.js:2297
[  747036ms] [LOG] Detected Host: sjm.localhost:3000 http://sjm.localhost:3000/dashboardportal/productionMasters/trollyMasterEntry @ http://sjm.localhost:3000/_next/static/chunks/217dd_next_dist_9c560571._.js:2297
[  747059ms] [LOG] Detected Host: sjm.localhost:3000 http://sjm.localhost:3000/dashboardportal/productionMasters/trollyMasterEntry @ http://sjm.localhost:3000/_next/static/chunks/217dd_next_dist_9c560571._.js:2297
[  747060ms] [LOG] Detected Host: sjm.localhost:3000 http://sjm.localhost:3000/dashboardportal/productionMasters/trollyMasterEntry @ http://sjm.localhost:3000/_next/static/chunks/217dd_next_dist_9c560571._.js:2297
[  747082ms] [LOG] Detected Host: sjm.localhost:3000 http://sjm.localhost:3000/dashboardportal/productionMasters/trollyMasterEntry @ http://sjm.localhost:3000/_next/static/chunks/217dd_next_dist_9c560571._.js:2297
[  747082ms] [LOG] Detected Host: sjm.localhost:3000 http://sjm.localhost:3000/dashboardportal/productionMasters/trollyMasterEntry @ http://sjm.localhost:3000/_next/static/chunks/217dd_next_dist_9c560571._.js:2297
[  747103ms] [LOG] Detected Host: sjm.localhost:3000 http://sjm.localhost:3000/dashboardportal/productionMasters/trollyMasterEntry @ http://sjm.localhost:3000/_next/static/chunks/217dd_next_dist_9c560571._.js:2297
[  747104ms] [LOG] Detected Host: sjm.localhost:3000 http://sjm.localhost:3000/dashboardportal/productionMasters/trollyMasterEntry @ http://sjm.localhost:3000/_next/static/chunks/217dd_next_dist_9c560571._.js:2297
[  747126ms] [LOG] Detected Host: sjm.localhost:3000 http://sjm.localhost:3000/dashboardportal/productionMasters/trollyMasterEntry @ http://sjm.localhost:3000/_next/static/chunks/217dd_next_dist_9c560571._.js:2297
[  747127ms] [LOG] Detected Host: sjm.localhost:3000 http://sjm.localhost:3000/dashboardportal/productionMasters/trollyMasterEntry @ http://sjm.localhost:3000/_next/static/chunks/217dd_next_dist_9c560571._.js:2297
[  747165ms] [LOG] Detected Host: sjm.localhost:3000 http://sjm.localhost:3000/dashboardportal/productionMasters/trollyMasterEntry @ http://sjm.localhost:3000/_next/static/chunks/217dd_next_dist_9c560571._.js:2297
[  747165ms] [LOG] Detected Host: sjm.localhost:3000 http://sjm.localhost:3000/dashboardportal/productionMasters/trollyMasterEntry @ http://sjm.localhost:3000/_next/static/chunks/217dd_next_dist_9c560571._.js:2297
[  747184ms] [LOG] Detected Host: sjm.localhost:3000 http://sjm.localhost:3000/dashboardportal/productionMasters/trollyMasterEntry @ http://sjm.localhost:3000/_next/static/chunks/217dd_next_dist_9c560571._.js:2297
[  747185ms] [LOG] Detected Host: sjm.localhost:3000 http://sjm.localhost:3000/dashboardportal/productionMasters/trollyMasterEntry @ http://sjm.localhost:3000/_next/static/chunks/217dd_next_dist_9c560571._.js:2297
[  747279ms] [LOG] Detected Host: sjm.localhost:3000 http://sjm.localhost:3000/dashboardportal/productionMasters/trollyMasterEntry @ http://sjm.localhost:3000/_next/static/chunks/217dd_next_dist_9c560571._.js:2297
[  747286ms] [LOG] Detected Host: sjm.localhost:3000 http://sjm.localhost:3000/dashboardportal/productionMasters/trollyMasterEntry @ http://sjm.localhost:3000/_next/static/chunks/217dd_next_dist_9c560571._.js:2297
[  747373ms] [LOG] Detected Host: sjm.localhost:3000 http://sjm.localhost:3000/dashboardportal/productionMasters/trollyMasterEntry @ http://sjm.localhost:3000/_next/static/chunks/217dd_next_dist_9c560571._.js:2297
[  747378ms] [LOG] Detected Host: sjm.localhost:3000 http://sjm.localhost:3000/dashboardportal/productionMasters/trollyMasterEntry @ http://sjm.localhost:3000/_next/static/chunks/217dd_next_dist_9c560571._.js:2297
[  747471ms] [LOG] Detected Host: sjm.localhost:3000 http://sjm.localhost:3000/dashboardportal/productionMasters/trollyMasterEntry @ http://sjm.localhost:3000/_next/static/chunks/217dd_next_dist_9c560571._.js:2297
[  747475ms] [LOG] Detected Host: sjm.localhost:3000 http://sjm.localhost:3000/dashboardportal/productionMasters/trollyMasterEntry @ http://sjm.localhost:3000/_next/static/chunks/217dd_next_dist_9c560571._.js:2297
[  747540ms] [LOG] Detected Host: sjm.localhost:3000 http://sjm.localhost:3000/dashboardportal/productionMasters/trollyMasterEntry @ http://sjm.localhost:3000/_next/static/chunks/217dd_next_dist_9c560571._.js:2297
[  747544ms] [LOG] Detected Host: sjm.localhost:3000 http://sjm.localhost:3000/dashboardportal/productionMasters/trollyMasterEntry @ http://sjm.localhost:3000/_next/static/chunks/217dd_next_dist_9c560571._.js:2297
[  747606ms] [LOG] Detected Host: sjm.localhost:3000 http://sjm.localhost:3000/dashboardportal/productionMasters/trollyMasterEntry @ http://sjm.localhost:3000/_next/static/chunks/217dd_next_dist_9c560571._.js:2297
[  747607ms] [LOG] Detected Host: sjm.localhost:3000 http://sjm.localhost:3000/dashboardportal/productionMasters/trollyMasterEntry @ http://sjm.localhost:3000/_next/static/chunks/217dd_next_dist_9c560571._.js:2297
[  747680ms] [LOG] [Fast Refresh] rebuilding @ http://sjm.localhost:3000/_next/static/chunks/217dd_next_dist_9c560571._.js:2297
[  747718ms] [LOG] [Fast Refresh] done in 489ms @ http://sjm.localhost:3000/_next/static/chunks/217dd_next_dist_9c560571._.js:2297
[  747821ms] [LOG] [Fast Refresh] rebuilding @ http://sjm.localhost:3000/_next/static/chunks/217dd_next_dist_9c560571._.js:2297
[  749799ms] [LOG] [Fast Refresh] done in 2080ms @ http://sjm.localhost:3000/_next/static/chunks/217dd_next_dist_9c560571._.js:2297
[  750024ms] [INFO] %cDownload the React DevTools for a better development experience: https://react.dev/link/react-devtools font-weight:bold @ http://sjm.localhost:3000/_next/static/chunks/217dd_next_dist_9c560571._.js:2297
[  750059ms] [LOG] [HMR] connected @ http://sjm.localhost:3000/_next/static/chunks/217dd_next_dist_9c560571._.js:2297
[  750225ms] [LOG] Detected Host: sjm.localhost:3000 http://sjm.localhost:3000/dashboardportal/productionMasters/wdgMasterEntry @ http://sjm.localhost:3000/_next/static/chunks/217dd_next_dist_9c560571._.js:2297
[  750225ms] [LOG] Detected Host: sjm.localhost:3000 http://sjm.localhost:3000/dashboardportal/productionMasters/wdgMasterEntry @ http://sjm.localhost:3000/_next/static/chunks/217dd_next_dist_9c560571._.js:2297
[  750254ms] [LOG] Detected Host: sjm.localhost:3000 http://sjm.localhost:3000/dashboardportal/productionMasters/wdgMasterEntry @ http://sjm.localhost:3000/_next/static/chunks/217dd_next_dist_9c560571._.js:2297
[  750255ms] [LOG] Detected Host: sjm.localhost:3000 http://sjm.localhost:3000/dashboardportal/productionMasters/wdgMasterEntry @ http://sjm.localhost:3000/_next/static/chunks/217dd_next_dist_9c560571._.js:2297
[  750280ms] [LOG] Detected Host: sjm.localhost:3000 http://sjm.localhost:3000/dashboardportal/productionMasters/wdgMasterEntry @ http://sjm.localhost:3000/_next/static/chunks/217dd_next_dist_9c560571._.js:2297
[  750280ms] [LOG] Detected Host: sjm.localhost:3000 http://sjm.localhost:3000/dashboardportal/productionMasters/wdgMasterEntry @ http://sjm.localhost:3000/_next/static/chunks/217dd_next_dist_9c560571._.js:2297
[  750304ms] [LOG] Detected Host: sjm.localhost:3000 http://sjm.localhost:3000/dashboardportal/productionMasters/wdgMasterEntry @ http://sjm.localhost:3000/_next/static/chunks/217dd_next_dist_9c560571._.js:2297
[  750305ms] [LOG] Detected Host: sjm.localhost:3000 http://sjm.localhost:3000/dashboardportal/productionMasters/wdgMasterEntry @ http://sjm.localhost:3000/_next/static/chunks/217dd_next_dist_9c560571._.js:2297
[  750328ms] [LOG] Detected Host: sjm.localhost:3000 http://sjm.localhost:3000/dashboardportal/productionMasters/wdgMasterEntry @ http://sjm.localhost:3000/_next/static/chunks/217dd_next_dist_9c560571._.js:2297
[  750329ms] [LOG] Detected Host: sjm.localhost:3000 http://sjm.localhost:3000/dashboardportal/productionMasters/wdgMasterEntry @ http://sjm.localhost:3000/_next/static/chunks/217dd_next_dist_9c560571._.js:2297
[  750352ms] [LOG] Detected Host: sjm.localhost:3000 http://sjm.localhost:3000/dashboardportal/productionMasters/wdgMasterEntry @ http://sjm.localhost:3000/_next/static/chunks/217dd_next_dist_9c560571._.js:2297
[  750353ms] [LOG] Detected Host: sjm.localhost:3000 http://sjm.localhost:3000/dashboardportal/productionMasters/wdgMasterEntry @ http://sjm.localhost:3000/_next/static/chunks/217dd_next_dist_9c560571._.js:2297
[  750375ms] [LOG] Detected Host: sjm.localhost:3000 http://sjm.localhost:3000/dashboardportal/productionMasters/wdgMasterEntry @ http://sjm.localhost:3000/_next/static/chunks/217dd_next_dist_9c560571._.js:2297
[  750375ms] [LOG] Detected Host: sjm.localhost:3000 http://sjm.localhost:3000/dashboardportal/productionMasters/wdgMasterEntry @ http://sjm.localhost:3000/_next/static/chunks/217dd_next_dist_9c560571._.js:2297
[  750396ms] [LOG] Detected Host: sjm.localhost:3000 http://sjm.localhost:3000/dashboardportal/productionMasters/wdgMasterEntry @ http://sjm.localhost:3000/_next/static/chunks/217dd_next_dist_9c560571._.js:2297
[  750396ms] [LOG] Detected Host: sjm.localhost:3000 http://sjm.localhost:3000/dashboardportal/productionMasters/wdgMasterEntry @ http://sjm.localhost:3000/_next/static/chunks/217dd_next_dist_9c560571._.js:2297
[  750474ms] [LOG] Detected Host: sjm.localhost:3000 http://sjm.localhost:3000/dashboardportal/productionMasters/wdgMasterEntry @ http://sjm.localhost:3000/_next/static/chunks/217dd_next_dist_9c560571._.js:2297
[  750480ms] [LOG] Detected Host: sjm.localhost:3000 http://sjm.localhost:3000/dashboardportal/productionMasters/wdgMasterEntry @ http://sjm.localhost:3000/_next/static/chunks/217dd_next_dist_9c560571._.js:2297
[  750553ms] [LOG] Detected Host: sjm.localhost:3000 http://sjm.localhost:3000/dashboardportal/productionMasters/wdgMasterEntry @ http://sjm.localhost:3000/_next/static/chunks/217dd_next_dist_9c560571._.js:2297
[  750558ms] [LOG] Detected Host: sjm.localhost:3000 http://sjm.localhost:3000/dashboardportal/productionMasters/wdgMasterEntry @ http://sjm.localhost:3000/_next/static/chunks/217dd_next_dist_9c560571._.js:2297
[  750661ms] [LOG] Detected Host: sjm.localhost:3000 http://sjm.localhost:3000/dashboardportal/productionMasters/wdgMasterEntry @ http://sjm.localhost:3000/_next/static/chunks/217dd_next_dist_9c560571._.js:2297
[  750666ms] [LOG] Detected Host: sjm.localhost:3000 http://sjm.localhost:3000/dashboardportal/productionMasters/wdgMasterEntry @ http://sjm.localhost:3000/_next/static/chunks/217dd_next_dist_9c560571._.js:2297
[  750731ms] [LOG] Detected Host: sjm.localhost:3000 http://sjm.localhost:3000/dashboardportal/productionMasters/wdgMasterEntry @ http://sjm.localhost:3000/_next/static/chunks/217dd_next_dist_9c560571._.js:2297
[  750737ms] [LOG] Detected Host: sjm.localhost:3000 http://sjm.localhost:3000/dashboardportal/productionMasters/wdgMasterEntry @ http://sjm.localhost:3000/_next/static/chunks/217dd_next_dist_9c560571._.js:2297
[  750836ms] [LOG] Detected Host: sjm.localhost:3000 http://sjm.localhost:3000/dashboardportal/productionMasters/wdgMasterEntry @ http://sjm.localhost:3000/_next/static/chunks/217dd_next_dist_9c560571._.js:2297
[  750840ms] [LOG] Detected Host: sjm.localhost:3000 http://sjm.localhost:3000/dashboardportal/productionMasters/wdgMasterEntry @ http://sjm.localhost:3000/_next/static/chunks/217dd_next_dist_9c560571._.js:2297
[  750927ms] [LOG] [Fast Refresh] rebuilding @ http://sjm.localhost:3000/_next/static/chunks/217dd_next_dist_9c560571._.js:2297
[  751093ms] [ERROR] Failed to load resource: the server responded with a status of 404 (Not Found) @ http://sjm.localhost:3000/dashboardportal/productionReports:0
[  751256ms] [INFO] %cDownload the React DevTools for a better development experience: https://react.dev/link/react-devtools font-weight:bold @ http://sjm.localhost:3000/_next/static/chunks/217dd_next_dist_9c560571._.js:2297
[  751281ms] [LOG] [HMR] connected @ http://sjm.localhost:3000/_next/static/chunks/217dd_next_dist_9c560571._.js:2297
[  751416ms] [LOG] [Fast Refresh] rebuilding @ http://sjm.localhost:3000/_next/static/chunks/217dd_next_dist_9c560571._.js:2297
[  751501ms] [LOG] [Fast Refresh] done in 187ms @ http://sjm.localhost:3000/_next/static/chunks/217dd_next_dist_9c560571._.js:2297
[  751668ms] [LOG] [Fast Refresh] rebuilding @ http://sjm.localhost:3000/_next/static/chunks/217dd_next_dist_9c560571._.js:2297
[  754391ms] [INFO] %cDownload the React DevTools for a better development experience: https://react.dev/link/react-devtools font-weight:bold @ http://sjm.localhost:3000/_next/static/chunks/217dd_next_dist_9c560571._.js:2297
[  754426ms] [LOG] [HMR] connected @ http://sjm.localhost:3000/_next/static/chunks/217dd_next_dist_9c560571._.js:2297
[  754591ms] [LOG] Detected Host: sjm.localhost:3000 http://sjm.localhost:3000/dashboardportal/productionReports/balesReports @ http://sjm.localhost:3000/_next/static/chunks/217dd_next_dist_9c560571._.js:2297
[  754591ms] [LOG] Detected Host: sjm.localhost:3000 http://sjm.localhost:3000/dashboardportal/productionReports/balesReports @ http://sjm.localhost:3000/_next/static/chunks/217dd_next_dist_9c560571._.js:2297
[  754620ms] [LOG] Detected Host: sjm.localhost:3000 http://sjm.localhost:3000/dashboardportal/productionReports/balesReports @ http://sjm.localhost:3000/_next/static/chunks/217dd_next_dist_9c560571._.js:2297
[  754620ms] [LOG] Detected Host: sjm.localhost:3000 http://sjm.localhost:3000/dashboardportal/productionReports/balesReports @ http://sjm.localhost:3000/_next/static/chunks/217dd_next_dist_9c560571._.js:2297
[  754644ms] [LOG] Detected Host: sjm.localhost:3000 http://sjm.localhost:3000/dashboardportal/productionReports/balesReports @ http://sjm.localhost:3000/_next/static/chunks/217dd_next_dist_9c560571._.js:2297
[  754644ms] [LOG] Detected Host: sjm.localhost:3000 http://sjm.localhost:3000/dashboardportal/productionReports/balesReports @ http://sjm.localhost:3000/_next/static/chunks/217dd_next_dist_9c560571._.js:2297
[  754673ms] [LOG] Detected Host: sjm.localhost:3000 http://sjm.localhost:3000/dashboardportal/productionReports/balesReports @ http://sjm.localhost:3000/_next/static/chunks/217dd_next_dist_9c560571._.js:2297
[  754673ms] [LOG] Detected Host: sjm.localhost:3000 http://sjm.localhost:3000/dashboardportal/productionReports/balesReports @ http://sjm.localhost:3000/_next/static/chunks/217dd_next_dist_9c560571._.js:2297
[  754696ms] [LOG] Detected Host: sjm.localhost:3000 http://sjm.localhost:3000/dashboardportal/productionReports/balesReports @ http://sjm.localhost:3000/_next/static/chunks/217dd_next_dist_9c560571._.js:2297
[  754697ms] [LOG] Detected Host: sjm.localhost:3000 http://sjm.localhost:3000/dashboardportal/productionReports/balesReports @ http://sjm.localhost:3000/_next/static/chunks/217dd_next_dist_9c560571._.js:2297
[  754723ms] [LOG] Detected Host: sjm.localhost:3000 http://sjm.localhost:3000/dashboardportal/productionReports/balesReports @ http://sjm.localhost:3000/_next/static/chunks/217dd_next_dist_9c560571._.js:2297
[  754724ms] [LOG] Detected Host: sjm.localhost:3000 http://sjm.localhost:3000/dashboardportal/productionReports/balesReports @ http://sjm.localhost:3000/_next/static/chunks/217dd_next_dist_9c560571._.js:2297
[  754746ms] [LOG] Detected Host: sjm.localhost:3000 http://sjm.localhost:3000/dashboardportal/productionReports/balesReports @ http://sjm.localhost:3000/_next/static/chunks/217dd_next_dist_9c560571._.js:2297
[  754747ms] [LOG] Detected Host: sjm.localhost:3000 http://sjm.localhost:3000/dashboardportal/productionReports/balesReports @ http://sjm.localhost:3000/_next/static/chunks/217dd_next_dist_9c560571._.js:2297
[  754773ms] [LOG] Detected Host: sjm.localhost:3000 http://sjm.localhost:3000/dashboardportal/productionReports/balesReports @ http://sjm.localhost:3000/_next/static/chunks/217dd_next_dist_9c560571._.js:2297
[  754774ms] [LOG] Detected Host: sjm.localhost:3000 http://sjm.localhost:3000/dashboardportal/productionReports/balesReports @ http://sjm.localhost:3000/_next/static/chunks/217dd_next_dist_9c560571._.js:2297
[  754876ms] [LOG] Detected Host: sjm.localhost:3000 http://sjm.localhost:3000/dashboardportal/productionReports/balesReports @ http://sjm.localhost:3000/_next/static/chunks/217dd_next_dist_9c560571._.js:2297
[  754882ms] [LOG] Detected Host: sjm.localhost:3000 http://sjm.localhost:3000/dashboardportal/productionReports/balesReports @ http://sjm.localhost:3000/_next/static/chunks/217dd_next_dist_9c560571._.js:2297
[  754980ms] [LOG] Detected Host: sjm.localhost:3000 http://sjm.localhost:3000/dashboardportal/productionReports/balesReports @ http://sjm.localhost:3000/_next/static/chunks/217dd_next_dist_9c560571._.js:2297
[  754985ms] [LOG] Detected Host: sjm.localhost:3000 http://sjm.localhost:3000/dashboardportal/productionReports/balesReports @ http://sjm.localhost:3000/_next/static/chunks/217dd_next_dist_9c560571._.js:2297
[  755092ms] [LOG] Detected Host: sjm.localhost:3000 http://sjm.localhost:3000/dashboardportal/productionReports/balesReports @ http://sjm.localhost:3000/_next/static/chunks/217dd_next_dist_9c560571._.js:2297
[  755096ms] [LOG] Detected Host: sjm.localhost:3000 http://sjm.localhost:3000/dashboardportal/productionReports/balesReports @ http://sjm.localhost:3000/_next/static/chunks/217dd_next_dist_9c560571._.js:2297
[  755178ms] [LOG] Detected Host: sjm.localhost:3000 http://sjm.localhost:3000/dashboardportal/productionReports/balesReports @ http://sjm.localhost:3000/_next/static/chunks/217dd_next_dist_9c560571._.js:2297
[  755182ms] [LOG] Detected Host: sjm.localhost:3000 http://sjm.localhost:3000/dashboardportal/productionReports/balesReports @ http://sjm.localhost:3000/_next/static/chunks/217dd_next_dist_9c560571._.js:2297
[  755326ms] [LOG] Detected Host: sjm.localhost:3000 http://sjm.localhost:3000/dashboardportal/productionReports/balesReports @ http://sjm.localhost:3000/_next/static/chunks/217dd_next_dist_9c560571._.js:2297
[  755326ms] [LOG] Detected Host: sjm.localhost:3000 http://sjm.localhost:3000/dashboardportal/productionReports/balesReports @ http://sjm.localhost:3000/_next/static/chunks/217dd_next_dist_9c560571._.js:2297
[  755551ms] [LOG] [Fast Refresh] rebuilding @ http://sjm.localhost:3000/_next/static/chunks/217dd_next_dist_9c560571._.js:2297
[  755924ms] [LOG] [Fast Refresh] done in 478ms @ http://sjm.localhost:3000/_next/static/chunks/217dd_next_dist_9c560571._.js:2297
[  756184ms] [INFO] %cDownload the React DevTools for a better development experience: https://react.dev/link/react-devtools font-weight:bold @ http://sjm.localhost:3000/_next/static/chunks/217dd_next_dist_9c560571._.js:2297
[  756219ms] [LOG] [HMR] connected @ http://sjm.localhost:3000/_next/static/chunks/217dd_next_dist_9c560571._.js:2297
[  756428ms] [LOG] Detected Host: sjm.localhost:3000 http://sjm.localhost:3000/dashboardportal/productionReports/drawingReports @ http://sjm.localhost:3000/_next/static/chunks/217dd_next_dist_9c560571._.js:2297
[  756429ms] [LOG] Detected Host: sjm.localhost:3000 http://sjm.localhost:3000/dashboardportal/productionReports/drawingReports @ http://sjm.localhost:3000/_next/static/chunks/217dd_next_dist_9c560571._.js:2297
[  756457ms] [LOG] Detected Host: sjm.localhost:3000 http://sjm.localhost:3000/dashboardportal/productionReports/drawingReports @ http://sjm.localhost:3000/_next/static/chunks/217dd_next_dist_9c560571._.js:2297
[  756457ms] [LOG] Detected Host: sjm.localhost:3000 http://sjm.localhost:3000/dashboardportal/productionReports/drawingReports @ http://sjm.localhost:3000/_next/static/chunks/217dd_next_dist_9c560571._.js:2297
[  756486ms] [LOG] Detected Host: sjm.localhost:3000 http://sjm.localhost:3000/dashboardportal/productionReports/drawingReports @ http://sjm.localhost:3000/_next/static/chunks/217dd_next_dist_9c560571._.js:2297
[  756486ms] [LOG] Detected Host: sjm.localhost:3000 http://sjm.localhost:3000/dashboardportal/productionReports/drawingReports @ http://sjm.localhost:3000/_next/static/chunks/217dd_next_dist_9c560571._.js:2297
[  756506ms] [LOG] Detected Host: sjm.localhost:3000 http://sjm.localhost:3000/dashboardportal/productionReports/drawingReports @ http://sjm.localhost:3000/_next/static/chunks/217dd_next_dist_9c560571._.js:2297
[  756506ms] [LOG] Detected Host: sjm.localhost:3000 http://sjm.localhost:3000/dashboardportal/productionReports/drawingReports @ http://sjm.localhost:3000/_next/static/chunks/217dd_next_dist_9c560571._.js:2297
[  756528ms] [LOG] Detected Host: sjm.localhost:3000 http://sjm.localhost:3000/dashboardportal/productionReports/drawingReports @ http://sjm.localhost:3000/_next/static/chunks/217dd_next_dist_9c560571._.js:2297
[  756529ms] [LOG] Detected Host: sjm.localhost:3000 http://sjm.localhost:3000/dashboardportal/productionReports/drawingReports @ http://sjm.localhost:3000/_next/static/chunks/217dd_next_dist_9c560571._.js:2297
[  756552ms] [LOG] Detected Host: sjm.localhost:3000 http://sjm.localhost:3000/dashboardportal/productionReports/drawingReports @ http://sjm.localhost:3000/_next/static/chunks/217dd_next_dist_9c560571._.js:2297
[  756552ms] [LOG] Detected Host: sjm.localhost:3000 http://sjm.localhost:3000/dashboardportal/productionReports/drawingReports @ http://sjm.localhost:3000/_next/static/chunks/217dd_next_dist_9c560571._.js:2297
[  756592ms] [LOG] Detected Host: sjm.localhost:3000 http://sjm.localhost:3000/dashboardportal/productionReports/drawingReports @ http://sjm.localhost:3000/_next/static/chunks/217dd_next_dist_9c560571._.js:2297
[  756593ms] [LOG] Detected Host: sjm.localhost:3000 http://sjm.localhost:3000/dashboardportal/productionReports/drawingReports @ http://sjm.localhost:3000/_next/static/chunks/217dd_next_dist_9c560571._.js:2297
[  756615ms] [LOG] Detected Host: sjm.localhost:3000 http://sjm.localhost:3000/dashboardportal/productionReports/drawingReports @ http://sjm.localhost:3000/_next/static/chunks/217dd_next_dist_9c560571._.js:2297
[  756615ms] [LOG] Detected Host: sjm.localhost:3000 http://sjm.localhost:3000/dashboardportal/productionReports/drawingReports @ http://sjm.localhost:3000/_next/static/chunks/217dd_next_dist_9c560571._.js:2297
[  756638ms] [LOG] Detected Host: sjm.localhost:3000 http://sjm.localhost:3000/dashboardportal/productionReports/drawingReports @ http://sjm.localhost:3000/_next/static/chunks/217dd_next_dist_9c560571._.js:2297
[  756639ms] [LOG] Detected Host: sjm.localhost:3000 http://sjm.localhost:3000/dashboardportal/productionReports/drawingReports @ http://sjm.localhost:3000/_next/static/chunks/217dd_next_dist_9c560571._.js:2297
[  756658ms] [LOG] Detected Host: sjm.localhost:3000 http://sjm.localhost:3000/dashboardportal/productionReports/drawingReports @ http://sjm.localhost:3000/_next/static/chunks/217dd_next_dist_9c560571._.js:2297
[  756659ms] [LOG] Detected Host: sjm.localhost:3000 http://sjm.localhost:3000/dashboardportal/productionReports/drawingReports @ http://sjm.localhost:3000/_next/static/chunks/217dd_next_dist_9c560571._.js:2297
[  756682ms] [LOG] Detected Host: sjm.localhost:3000 http://sjm.localhost:3000/dashboardportal/productionReports/drawingReports @ http://sjm.localhost:3000/_next/static/chunks/217dd_next_dist_9c560571._.js:2297
[  756683ms] [LOG] Detected Host: sjm.localhost:3000 http://sjm.localhost:3000/dashboardportal/productionReports/drawingReports @ http://sjm.localhost:3000/_next/static/chunks/217dd_next_dist_9c560571._.js:2297
[  756701ms] [LOG] Detected Host: sjm.localhost:3000 http://sjm.localhost:3000/dashboardportal/productionReports/drawingReports @ http://sjm.localhost:3000/_next/static/chunks/217dd_next_dist_9c560571._.js:2297
[  756702ms] [LOG] Detected Host: sjm.localhost:3000 http://sjm.localhost:3000/dashboardportal/productionReports/drawingReports @ http://sjm.localhost:3000/_next/static/chunks/217dd_next_dist_9c560571._.js:2297
[  756724ms] [LOG] Detected Host: sjm.localhost:3000 http://sjm.localhost:3000/dashboardportal/productionReports/drawingReports @ http://sjm.localhost:3000/_next/static/chunks/217dd_next_dist_9c560571._.js:2297
[  756725ms] [LOG] Detected Host: sjm.localhost:3000 http://sjm.localhost:3000/dashboardportal/productionReports/drawingReports @ http://sjm.localhost:3000/_next/static/chunks/217dd_next_dist_9c560571._.js:2297
[  756826ms] [LOG] [Fast Refresh] rebuilding @ http://sjm.localhost:3000/_next/static/chunks/217dd_next_dist_9c560571._.js:2297
[  756871ms] [LOG] Detected Host: sjm.localhost:3000 http://sjm.localhost:3000/dashboardportal/productionReports/drawingReports @ http://sjm.localhost:3000/_next/static/chunks/217dd_next_dist_9c560571._.js:2297
[  756877ms] [LOG] Detected Host: sjm.localhost:3000 http://sjm.localhost:3000/dashboardportal/productionReports/drawingReports @ http://sjm.localhost:3000/_next/static/chunks/217dd_next_dist_9c560571._.js:2297
[  757047ms] [LOG] Detected Host: sjm.localhost:3000 http://sjm.localhost:3000/dashboardportal/productionReports/drawingReports @ http://sjm.localhost:3000/_next/static/chunks/217dd_next_dist_9c560571._.js:2297
[  757054ms] [LOG] Detected Host: sjm.localhost:3000 http://sjm.localhost:3000/dashboardportal/productionReports/drawingReports @ http://sjm.localhost:3000/_next/static/chunks/217dd_next_dist_9c560571._.js:2297
[  757262ms] [LOG] Detected Host: sjm.localhost:3000 http://sjm.localhost:3000/dashboardportal/productionReports/drawingReports @ http://sjm.localhost:3000/_next/static/chunks/217dd_next_dist_9c560571._.js:2297
[  757270ms] [LOG] Detected Host: sjm.localhost:3000 http://sjm.localhost:3000/dashboardportal/productionReports/drawingReports @ http://sjm.localhost:3000/_next/static/chunks/217dd_next_dist_9c560571._.js:2297
[  757572ms] [LOG] Detected Host: sjm.localhost:3000 http://sjm.localhost:3000/dashboardportal/productionReports/drawingReports @ http://sjm.localhost:3000/_next/static/chunks/217dd_next_dist_9c560571._.js:2297
[  757578ms] [LOG] Detected Host: sjm.localhost:3000 http://sjm.localhost:3000/dashboardportal/productionReports/drawingReports @ http://sjm.localhost:3000/_next/static/chunks/217dd_next_dist_9c560571._.js:2297
[  757841ms] [LOG] Detected Host: sjm.localhost:3000 http://sjm.localhost:3000/dashboardportal/productionReports/drawingReports @ http://sjm.localhost:3000/_next/static/chunks/217dd_next_dist_9c560571._.js:2297
[  757844ms] [LOG] Detected Host: sjm.localhost:3000 http://sjm.localhost:3000/dashboardportal/productionReports/drawingReports @ http://sjm.localhost:3000/_next/static/chunks/217dd_next_dist_9c560571._.js:2297
[  766172ms] [LOG] [Fast Refresh] done in 9452ms @ http://sjm.localhost:3000/_next/static/chunks/217dd_next_dist_9c560571._.js:2297
[  766517ms] [INFO] %cDownload the React DevTools for a better development experience: https://react.dev/link/react-devtools font-weight:bold @ http://sjm.localhost:3000/_next/static/chunks/217dd_next_dist_9c560571._.js:2297
[  766582ms] [LOG] [HMR] connected @ http://sjm.localhost:3000/_next/static/chunks/217dd_next_dist_9c560571._.js:2297
[  766833ms] [LOG] Detected Host: sjm.localhost:3000 http://sjm.localhost:3000/dashboardportal/productionReports/juteSummaryReports @ http://sjm.localhost:3000/_next/static/chunks/217dd_next_dist_9c560571._.js:2297
[  766834ms] [LOG] Detected Host: sjm.localhost:3000 http://sjm.localhost:3000/dashboardportal/productionReports/juteSummaryReports @ http://sjm.localhost:3000/_next/static/chunks/217dd_next_dist_9c560571._.js:2297
[  766862ms] [LOG] Detected Host: sjm.localhost:3000 http://sjm.localhost:3000/dashboardportal/productionReports/juteSummaryReports @ http://sjm.localhost:3000/_next/static/chunks/217dd_next_dist_9c560571._.js:2297
[  766863ms] [LOG] Detected Host: sjm.localhost:3000 http://sjm.localhost:3000/dashboardportal/productionReports/juteSummaryReports @ http://sjm.localhost:3000/_next/static/chunks/217dd_next_dist_9c560571._.js:2297
[  766890ms] [LOG] Detected Host: sjm.localhost:3000 http://sjm.localhost:3000/dashboardportal/productionReports/juteSummaryReports @ http://sjm.localhost:3000/_next/static/chunks/217dd_next_dist_9c560571._.js:2297
[  766891ms] [LOG] Detected Host: sjm.localhost:3000 http://sjm.localhost:3000/dashboardportal/productionReports/juteSummaryReports @ http://sjm.localhost:3000/_next/static/chunks/217dd_next_dist_9c560571._.js:2297
[  766919ms] [LOG] Detected Host: sjm.localhost:3000 http://sjm.localhost:3000/dashboardportal/productionReports/juteSummaryReports @ http://sjm.localhost:3000/_next/static/chunks/217dd_next_dist_9c560571._.js:2297
[  766920ms] [LOG] Detected Host: sjm.localhost:3000 http://sjm.localhost:3000/dashboardportal/productionReports/juteSummaryReports @ http://sjm.localhost:3000/_next/static/chunks/217dd_next_dist_9c560571._.js:2297
[  766948ms] [LOG] Detected Host: sjm.localhost:3000 http://sjm.localhost:3000/dashboardportal/productionReports/juteSummaryReports @ http://sjm.localhost:3000/_next/static/chunks/217dd_next_dist_9c560571._.js:2297
[  766949ms] [LOG] Detected Host: sjm.localhost:3000 http://sjm.localhost:3000/dashboardportal/productionReports/juteSummaryReports @ http://sjm.localhost:3000/_next/static/chunks/217dd_next_dist_9c560571._.js:2297
[  766972ms] [LOG] Detected Host: sjm.localhost:3000 http://sjm.localhost:3000/dashboardportal/productionReports/juteSummaryReports @ http://sjm.localhost:3000/_next/static/chunks/217dd_next_dist_9c560571._.js:2297
[  766973ms] [LOG] Detected Host: sjm.localhost:3000 http://sjm.localhost:3000/dashboardportal/productionReports/juteSummaryReports @ http://sjm.localhost:3000/_next/static/chunks/217dd_next_dist_9c560571._.js:2297
[  766995ms] [LOG] Detected Host: sjm.localhost:3000 http://sjm.localhost:3000/dashboardportal/productionReports/juteSummaryReports @ http://sjm.localhost:3000/_next/static/chunks/217dd_next_dist_9c560571._.js:2297
[  766996ms] [LOG] Detected Host: sjm.localhost:3000 http://sjm.localhost:3000/dashboardportal/productionReports/juteSummaryReports @ http://sjm.localhost:3000/_next/static/chunks/217dd_next_dist_9c560571._.js:2297
[  767018ms] [LOG] Detected Host: sjm.localhost:3000 http://sjm.localhost:3000/dashboardportal/productionReports/juteSummaryReports @ http://sjm.localhost:3000/_next/static/chunks/217dd_next_dist_9c560571._.js:2297
[  767019ms] [LOG] Detected Host: sjm.localhost:3000 http://sjm.localhost:3000/dashboardportal/productionReports/juteSummaryReports @ http://sjm.localhost:3000/_next/static/chunks/217dd_next_dist_9c560571._.js:2297
[  767038ms] [LOG] Detected Host: sjm.localhost:3000 http://sjm.localhost:3000/dashboardportal/productionReports/juteSummaryReports @ http://sjm.localhost:3000/_next/static/chunks/217dd_next_dist_9c560571._.js:2297
[  767039ms] [LOG] Detected Host: sjm.localhost:3000 http://sjm.localhost:3000/dashboardportal/productionReports/juteSummaryReports @ http://sjm.localhost:3000/_next/static/chunks/217dd_next_dist_9c560571._.js:2297
[  767060ms] [LOG] Detected Host: sjm.localhost:3000 http://sjm.localhost:3000/dashboardportal/productionReports/juteSummaryReports @ http://sjm.localhost:3000/_next/static/chunks/217dd_next_dist_9c560571._.js:2297
[  767061ms] [LOG] Detected Host: sjm.localhost:3000 http://sjm.localhost:3000/dashboardportal/productionReports/juteSummaryReports @ http://sjm.localhost:3000/_next/static/chunks/217dd_next_dist_9c560571._.js:2297
[  767082ms] [LOG] Detected Host: sjm.localhost:3000 http://sjm.localhost:3000/dashboardportal/productionReports/juteSummaryReports @ http://sjm.localhost:3000/_next/static/chunks/217dd_next_dist_9c560571._.js:2297
[  767083ms] [LOG] Detected Host: sjm.localhost:3000 http://sjm.localhost:3000/dashboardportal/productionReports/juteSummaryReports @ http://sjm.localhost:3000/_next/static/chunks/217dd_next_dist_9c560571._.js:2297
[  767108ms] [LOG] Detected Host: sjm.localhost:3000 http://sjm.localhost:3000/dashboardportal/productionReports/juteSummaryReports @ http://sjm.localhost:3000/_next/static/chunks/217dd_next_dist_9c560571._.js:2297
[  767109ms] [LOG] Detected Host: sjm.localhost:3000 http://sjm.localhost:3000/dashboardportal/productionReports/juteSummaryReports @ http://sjm.localhost:3000/_next/static/chunks/217dd_next_dist_9c560571._.js:2297
[  767133ms] [LOG] Detected Host: sjm.localhost:3000 http://sjm.localhost:3000/dashboardportal/productionReports/juteSummaryReports @ http://sjm.localhost:3000/_next/static/chunks/217dd_next_dist_9c560571._.js:2297
[  767134ms] [LOG] Detected Host: sjm.localhost:3000 http://sjm.localhost:3000/dashboardportal/productionReports/juteSummaryReports @ http://sjm.localhost:3000/_next/static/chunks/217dd_next_dist_9c560571._.js:2297
[  767157ms] [LOG] Detected Host: sjm.localhost:3000 http://sjm.localhost:3000/dashboardportal/productionReports/juteSummaryReports @ http://sjm.localhost:3000/_next/static/chunks/217dd_next_dist_9c560571._.js:2297
[  767158ms] [LOG] Detected Host: sjm.localhost:3000 http://sjm.localhost:3000/dashboardportal/productionReports/juteSummaryReports @ http://sjm.localhost:3000/_next/static/chunks/217dd_next_dist_9c560571._.js:2297
[  767182ms] [LOG] Detected Host: sjm.localhost:3000 http://sjm.localhost:3000/dashboardportal/productionReports/juteSummaryReports @ http://sjm.localhost:3000/_next/static/chunks/217dd_next_dist_9c560571._.js:2297
[  767183ms] [LOG] Detected Host: sjm.localhost:3000 http://sjm.localhost:3000/dashboardportal/productionReports/juteSummaryReports @ http://sjm.localhost:3000/_next/static/chunks/217dd_next_dist_9c560571._.js:2297
[  767216ms] [LOG] Detected Host: sjm.localhost:3000 http://sjm.localhost:3000/dashboardportal/productionReports/juteSummaryReports @ http://sjm.localhost:3000/_next/static/chunks/217dd_next_dist_9c560571._.js:2297
[  767216ms] [LOG] Detected Host: sjm.localhost:3000 http://sjm.localhost:3000/dashboardportal/productionReports/juteSummaryReports @ http://sjm.localhost:3000/_next/static/chunks/217dd_next_dist_9c560571._.js:2297
[  767242ms] [LOG] Detected Host: sjm.localhost:3000 http://sjm.localhost:3000/dashboardportal/productionReports/juteSummaryReports @ http://sjm.localhost:3000/_next/static/chunks/217dd_next_dist_9c560571._.js:2297
[  767245ms] [LOG] Detected Host: sjm.localhost:3000 http://sjm.localhost:3000/dashboardportal/productionReports/juteSummaryReports @ http://sjm.localhost:3000/_next/static/chunks/217dd_next_dist_9c560571._.js:2297
[  767374ms] [LOG] Detected Host: sjm.localhost:3000 http://sjm.localhost:3000/dashboardportal/productionReports/juteSummaryReports @ http://sjm.localhost:3000/_next/static/chunks/217dd_next_dist_9c560571._.js:2297
[  767382ms] [LOG] Detected Host: sjm.localhost:3000 http://sjm.localhost:3000/dashboardportal/productionReports/juteSummaryReports @ http://sjm.localhost:3000/_next/static/chunks/217dd_next_dist_9c560571._.js:2297
[  767472ms] [LOG] Detected Host: sjm.localhost:3000 http://sjm.localhost:3000/dashboardportal/productionReports/juteSummaryReports @ http://sjm.localhost:3000/_next/static/chunks/217dd_next_dist_9c560571._.js:2297
[  767473ms] [LOG] Detected Host: sjm.localhost:3000 http://sjm.localhost:3000/dashboardportal/productionReports/juteSummaryReports @ http://sjm.localhost:3000/_next/static/chunks/217dd_next_dist_9c560571._.js:2297
[  767600ms] [LOG] Detected Host: sjm.localhost:3000 http://sjm.localhost:3000/dashboardportal/productionReports/juteSummaryReports @ http://sjm.localhost:3000/_next/static/chunks/217dd_next_dist_9c560571._.js:2297
[  767605ms] [LOG] Detected Host: sjm.localhost:3000 http://sjm.localhost:3000/dashboardportal/productionReports/juteSummaryReports @ http://sjm.localhost:3000/_next/static/chunks/217dd_next_dist_9c560571._.js:2297
[  767790ms] [LOG] Detected Host: sjm.localhost:3000 http://sjm.localhost:3000/dashboardportal/productionReports/juteSummaryReports @ http://sjm.localhost:3000/_next/static/chunks/217dd_next_dist_9c560571._.js:2297
[  767797ms] [LOG] Detected Host: sjm.localhost:3000 http://sjm.localhost:3000/dashboardportal/productionReports/juteSummaryReports @ http://sjm.localhost:3000/_next/static/chunks/217dd_next_dist_9c560571._.js:2297
[  768100ms] [LOG] Detected Host: sjm.localhost:3000 http://sjm.localhost:3000/dashboardportal/productionReports/juteSummaryReports @ http://sjm.localhost:3000/_next/static/chunks/217dd_next_dist_9c560571._.js:2297
[  768106ms] [LOG] Detected Host: sjm.localhost:3000 http://sjm.localhost:3000/dashboardportal/productionReports/juteSummaryReports @ http://sjm.localhost:3000/_next/static/chunks/217dd_next_dist_9c560571._.js:2297
[  769730ms] [INFO] %cDownload the React DevTools for a better development experience: https://react.dev/link/react-devtools font-weight:bold @ http://sjm.localhost:3000/_next/static/chunks/217dd_next_dist_9c560571._.js:2297
[  769766ms] [LOG] [HMR] connected @ http://sjm.localhost:3000/_next/static/chunks/217dd_next_dist_9c560571._.js:2297
[  769948ms] [LOG] Detected Host: sjm.localhost:3000 http://sjm.localhost:3000/dashboardportal/productionReports/otherReports @ http://sjm.localhost:3000/_next/static/chunks/217dd_next_dist_9c560571._.js:2297
[  769949ms] [LOG] Detected Host: sjm.localhost:3000 http://sjm.localhost:3000/dashboardportal/productionReports/otherReports @ http://sjm.localhost:3000/_next/static/chunks/217dd_next_dist_9c560571._.js:2297
[  769979ms] [LOG] Detected Host: sjm.localhost:3000 http://sjm.localhost:3000/dashboardportal/productionReports/otherReports @ http://sjm.localhost:3000/_next/static/chunks/217dd_next_dist_9c560571._.js:2297
[  769980ms] [LOG] Detected Host: sjm.localhost:3000 http://sjm.localhost:3000/dashboardportal/productionReports/otherReports @ http://sjm.localhost:3000/_next/static/chunks/217dd_next_dist_9c560571._.js:2297
[  770003ms] [LOG] Detected Host: sjm.localhost:3000 http://sjm.localhost:3000/dashboardportal/productionReports/otherReports @ http://sjm.localhost:3000/_next/static/chunks/217dd_next_dist_9c560571._.js:2297
[  770004ms] [LOG] Detected Host: sjm.localhost:3000 http://sjm.localhost:3000/dashboardportal/productionReports/otherReports @ http://sjm.localhost:3000/_next/static/chunks/217dd_next_dist_9c560571._.js:2297
[  770030ms] [LOG] Detected Host: sjm.localhost:3000 http://sjm.localhost:3000/dashboardportal/productionReports/otherReports @ http://sjm.localhost:3000/_next/static/chunks/217dd_next_dist_9c560571._.js:2297
[  770031ms] [LOG] Detected Host: sjm.localhost:3000 http://sjm.localhost:3000/dashboardportal/productionReports/otherReports @ http://sjm.localhost:3000/_next/static/chunks/217dd_next_dist_9c560571._.js:2297
[  770060ms] [LOG] Detected Host: sjm.localhost:3000 http://sjm.localhost:3000/dashboardportal/productionReports/otherReports @ http://sjm.localhost:3000/_next/static/chunks/217dd_next_dist_9c560571._.js:2297
[  770061ms] [LOG] Detected Host: sjm.localhost:3000 http://sjm.localhost:3000/dashboardportal/productionReports/otherReports @ http://sjm.localhost:3000/_next/static/chunks/217dd_next_dist_9c560571._.js:2297
[  770084ms] [LOG] Detected Host: sjm.localhost:3000 http://sjm.localhost:3000/dashboardportal/productionReports/otherReports @ http://sjm.localhost:3000/_next/static/chunks/217dd_next_dist_9c560571._.js:2297
[  770085ms] [LOG] Detected Host: sjm.localhost:3000 http://sjm.localhost:3000/dashboardportal/productionReports/otherReports @ http://sjm.localhost:3000/_next/static/chunks/217dd_next_dist_9c560571._.js:2297
[  770113ms] [LOG] Detected Host: sjm.localhost:3000 http://sjm.localhost:3000/dashboardportal/productionReports/otherReports @ http://sjm.localhost:3000/_next/static/chunks/217dd_next_dist_9c560571._.js:2297
[  770114ms] [LOG] Detected Host: sjm.localhost:3000 http://sjm.localhost:3000/dashboardportal/productionReports/otherReports @ http://sjm.localhost:3000/_next/static/chunks/217dd_next_dist_9c560571._.js:2297
[  770135ms] [LOG] Detected Host: sjm.localhost:3000 http://sjm.localhost:3000/dashboardportal/productionReports/otherReports @ http://sjm.localhost:3000/_next/static/chunks/217dd_next_dist_9c560571._.js:2297
[  770136ms] [LOG] Detected Host: sjm.localhost:3000 http://sjm.localhost:3000/dashboardportal/productionReports/otherReports @ http://sjm.localhost:3000/_next/static/chunks/217dd_next_dist_9c560571._.js:2297
[  770157ms] [LOG] Detected Host: sjm.localhost:3000 http://sjm.localhost:3000/dashboardportal/productionReports/otherReports @ http://sjm.localhost:3000/_next/static/chunks/217dd_next_dist_9c560571._.js:2297
[  770158ms] [LOG] Detected Host: sjm.localhost:3000 http://sjm.localhost:3000/dashboardportal/productionReports/otherReports @ http://sjm.localhost:3000/_next/static/chunks/217dd_next_dist_9c560571._.js:2297
[  770178ms] [LOG] Detected Host: sjm.localhost:3000 http://sjm.localhost:3000/dashboardportal/productionReports/otherReports @ http://sjm.localhost:3000/_next/static/chunks/217dd_next_dist_9c560571._.js:2297
[  770179ms] [LOG] Detected Host: sjm.localhost:3000 http://sjm.localhost:3000/dashboardportal/productionReports/otherReports @ http://sjm.localhost:3000/_next/static/chunks/217dd_next_dist_9c560571._.js:2297
[  770199ms] [LOG] Detected Host: sjm.localhost:3000 http://sjm.localhost:3000/dashboardportal/productionReports/otherReports @ http://sjm.localhost:3000/_next/static/chunks/217dd_next_dist_9c560571._.js:2297
[  770200ms] [LOG] Detected Host: sjm.localhost:3000 http://sjm.localhost:3000/dashboardportal/productionReports/otherReports @ http://sjm.localhost:3000/_next/static/chunks/217dd_next_dist_9c560571._.js:2297
[  770285ms] [LOG] Detected Host: sjm.localhost:3000 http://sjm.localhost:3000/dashboardportal/productionReports/otherReports @ http://sjm.localhost:3000/_next/static/chunks/217dd_next_dist_9c560571._.js:2297
[  770286ms] [LOG] Detected Host: sjm.localhost:3000 http://sjm.localhost:3000/dashboardportal/productionReports/otherReports @ http://sjm.localhost:3000/_next/static/chunks/217dd_next_dist_9c560571._.js:2297
[  770375ms] [LOG] Detected Host: sjm.localhost:3000 http://sjm.localhost:3000/dashboardportal/productionReports/otherReports @ http://sjm.localhost:3000/_next/static/chunks/217dd_next_dist_9c560571._.js:2297
[  770383ms] [LOG] Detected Host: sjm.localhost:3000 http://sjm.localhost:3000/dashboardportal/productionReports/otherReports @ http://sjm.localhost:3000/_next/static/chunks/217dd_next_dist_9c560571._.js:2297
[  770522ms] [LOG] Detected Host: sjm.localhost:3000 http://sjm.localhost:3000/dashboardportal/productionReports/otherReports @ http://sjm.localhost:3000/_next/static/chunks/217dd_next_dist_9c560571._.js:2297
[  770529ms] [LOG] Detected Host: sjm.localhost:3000 http://sjm.localhost:3000/dashboardportal/productionReports/otherReports @ http://sjm.localhost:3000/_next/static/chunks/217dd_next_dist_9c560571._.js:2297
[  770690ms] [LOG] Detected Host: sjm.localhost:3000 http://sjm.localhost:3000/dashboardportal/productionReports/otherReports @ http://sjm.localhost:3000/_next/static/chunks/217dd_next_dist_9c560571._.js:2297
[  770696ms] [LOG] Detected Host: sjm.localhost:3000 http://sjm.localhost:3000/dashboardportal/productionReports/otherReports @ http://sjm.localhost:3000/_next/static/chunks/217dd_next_dist_9c560571._.js:2297
[  770800ms] [LOG] Detected Host: sjm.localhost:3000 http://sjm.localhost:3000/dashboardportal/productionReports/otherReports @ http://sjm.localhost:3000/_next/static/chunks/217dd_next_dist_9c560571._.js:2297
[  770805ms] [LOG] Detected Host: sjm.localhost:3000 http://sjm.localhost:3000/dashboardportal/productionReports/otherReports @ http://sjm.localhost:3000/_next/static/chunks/217dd_next_dist_9c560571._.js:2297
[  771054ms] [LOG] Detected Host: sjm.localhost:3000 http://sjm.localhost:3000/dashboardportal/productionReports/otherReports @ http://sjm.localhost:3000/_next/static/chunks/217dd_next_dist_9c560571._.js:2297
[  771060ms] [LOG] Detected Host: sjm.localhost:3000 http://sjm.localhost:3000/dashboardportal/productionReports/otherReports @ http://sjm.localhost:3000/_next/static/chunks/217dd_next_dist_9c560571._.js:2297
[  771286ms] [LOG] [Fast Refresh] rebuilding @ http://sjm.localhost:3000/_next/static/chunks/217dd_next_dist_9c560571._.js:2297
[  771643ms] [LOG] [Fast Refresh] done in 1364ms @ http://sjm.localhost:3000/_next/static/chunks/217dd_next_dist_9c560571._.js:2297
[  771870ms] [INFO] %cDownload the React DevTools for a better development experience: https://react.dev/link/react-devtools font-weight:bold @ http://sjm.localhost:3000/_next/static/chunks/217dd_next_dist_9c560571._.js:2297
[  771906ms] [LOG] [HMR] connected @ http://sjm.localhost:3000/_next/static/chunks/217dd_next_dist_9c560571._.js:2297
[  772099ms] [LOG] Detected Host: sjm.localhost:3000 http://sjm.localhost:3000/dashboardportal/productionReports/spinningempbrkReports @ http://sjm.localhost:3000/_next/static/chunks/217dd_next_dist_9c560571._.js:2297
[  772100ms] [LOG] Detected Host: sjm.localhost:3000 http://sjm.localhost:3000/dashboardportal/productionReports/spinningempbrkReports @ http://sjm.localhost:3000/_next/static/chunks/217dd_next_dist_9c560571._.js:2297
[  772125ms] [LOG] Detected Host: sjm.localhost:3000 http://sjm.localhost:3000/dashboardportal/productionReports/spinningempbrkReports @ http://sjm.localhost:3000/_next/static/chunks/217dd_next_dist_9c560571._.js:2297
[  772126ms] [LOG] Detected Host: sjm.localhost:3000 http://sjm.localhost:3000/dashboardportal/productionReports/spinningempbrkReports @ http://sjm.localhost:3000/_next/static/chunks/217dd_next_dist_9c560571._.js:2297
[  772153ms] [LOG] Detected Host: sjm.localhost:3000 http://sjm.localhost:3000/dashboardportal/productionReports/spinningempbrkReports @ http://sjm.localhost:3000/_next/static/chunks/217dd_next_dist_9c560571._.js:2297
[  772153ms] [LOG] Detected Host: sjm.localhost:3000 http://sjm.localhost:3000/dashboardportal/productionReports/spinningempbrkReports @ http://sjm.localhost:3000/_next/static/chunks/217dd_next_dist_9c560571._.js:2297
[  772179ms] [LOG] Detected Host: sjm.localhost:3000 http://sjm.localhost:3000/dashboardportal/productionReports/spinningempbrkReports @ http://sjm.localhost:3000/_next/static/chunks/217dd_next_dist_9c560571._.js:2297
[  772180ms] [LOG] Detected Host: sjm.localhost:3000 http://sjm.localhost:3000/dashboardportal/productionReports/spinningempbrkReports @ http://sjm.localhost:3000/_next/static/chunks/217dd_next_dist_9c560571._.js:2297
[  772204ms] [LOG] Detected Host: sjm.localhost:3000 http://sjm.localhost:3000/dashboardportal/productionReports/spinningempbrkReports @ http://sjm.localhost:3000/_next/static/chunks/217dd_next_dist_9c560571._.js:2297
[  772205ms] [LOG] Detected Host: sjm.localhost:3000 http://sjm.localhost:3000/dashboardportal/productionReports/spinningempbrkReports @ http://sjm.localhost:3000/_next/static/chunks/217dd_next_dist_9c560571._.js:2297
[  772232ms] [LOG] Detected Host: sjm.localhost:3000 http://sjm.localhost:3000/dashboardportal/productionReports/spinningempbrkReports @ http://sjm.localhost:3000/_next/static/chunks/217dd_next_dist_9c560571._.js:2297
[  772233ms] [LOG] Detected Host: sjm.localhost:3000 http://sjm.localhost:3000/dashboardportal/productionReports/spinningempbrkReports @ http://sjm.localhost:3000/_next/static/chunks/217dd_next_dist_9c560571._.js:2297
[  772255ms] [LOG] Detected Host: sjm.localhost:3000 http://sjm.localhost:3000/dashboardportal/productionReports/spinningempbrkReports @ http://sjm.localhost:3000/_next/static/chunks/217dd_next_dist_9c560571._.js:2297
[  772256ms] [LOG] Detected Host: sjm.localhost:3000 http://sjm.localhost:3000/dashboardportal/productionReports/spinningempbrkReports @ http://sjm.localhost:3000/_next/static/chunks/217dd_next_dist_9c560571._.js:2297
[  772282ms] [LOG] Detected Host: sjm.localhost:3000 http://sjm.localhost:3000/dashboardportal/productionReports/spinningempbrkReports @ http://sjm.localhost:3000/_next/static/chunks/217dd_next_dist_9c560571._.js:2297
[  772283ms] [LOG] Detected Host: sjm.localhost:3000 http://sjm.localhost:3000/dashboardportal/productionReports/spinningempbrkReports @ http://sjm.localhost:3000/_next/static/chunks/217dd_next_dist_9c560571._.js:2297
[  772366ms] [LOG] Detected Host: sjm.localhost:3000 http://sjm.localhost:3000/dashboardportal/productionReports/spinningempbrkReports @ http://sjm.localhost:3000/_next/static/chunks/217dd_next_dist_9c560571._.js:2297
[  772373ms] [LOG] Detected Host: sjm.localhost:3000 http://sjm.localhost:3000/dashboardportal/productionReports/spinningempbrkReports @ http://sjm.localhost:3000/_next/static/chunks/217dd_next_dist_9c560571._.js:2297
[  772463ms] [LOG] Detected Host: sjm.localhost:3000 http://sjm.localhost:3000/dashboardportal/productionReports/spinningempbrkReports @ http://sjm.localhost:3000/_next/static/chunks/217dd_next_dist_9c560571._.js:2297
[  772467ms] [LOG] Detected Host: sjm.localhost:3000 http://sjm.localhost:3000/dashboardportal/productionReports/spinningempbrkReports @ http://sjm.localhost:3000/_next/static/chunks/217dd_next_dist_9c560571._.js:2297
[  772566ms] [LOG] Detected Host: sjm.localhost:3000 http://sjm.localhost:3000/dashboardportal/productionReports/spinningempbrkReports @ http://sjm.localhost:3000/_next/static/chunks/217dd_next_dist_9c560571._.js:2297
[  772570ms] [LOG] Detected Host: sjm.localhost:3000 http://sjm.localhost:3000/dashboardportal/productionReports/spinningempbrkReports @ http://sjm.localhost:3000/_next/static/chunks/217dd_next_dist_9c560571._.js:2297
[  772644ms] [LOG] Detected Host: sjm.localhost:3000 http://sjm.localhost:3000/dashboardportal/productionReports/spinningempbrkReports @ http://sjm.localhost:3000/_next/static/chunks/217dd_next_dist_9c560571._.js:2297
[  772648ms] [LOG] Detected Host: sjm.localhost:3000 http://sjm.localhost:3000/dashboardportal/productionReports/spinningempbrkReports @ http://sjm.localhost:3000/_next/static/chunks/217dd_next_dist_9c560571._.js:2297
[  772811ms] [LOG] Detected Host: sjm.localhost:3000 http://sjm.localhost:3000/dashboardportal/productionReports/spinningempbrkReports @ http://sjm.localhost:3000/_next/static/chunks/217dd_next_dist_9c560571._.js:2297
[  772811ms] [LOG] Detected Host: sjm.localhost:3000 http://sjm.localhost:3000/dashboardportal/productionReports/spinningempbrkReports @ http://sjm.localhost:3000/_next/static/chunks/217dd_next_dist_9c560571._.js:2297
[  773078ms] [LOG] [Fast Refresh] rebuilding @ http://sjm.localhost:3000/_next/static/chunks/217dd_next_dist_9c560571._.js:2297
[  773455ms] [LOG] [Fast Refresh] done in 495ms @ http://sjm.localhost:3000/_next/static/chunks/217dd_next_dist_9c560571._.js:2297
[  773705ms] [INFO] %cDownload the React DevTools for a better development experience: https://react.dev/link/react-devtools font-weight:bold @ http://sjm.localhost:3000/_next/static/chunks/217dd_next_dist_9c560571._.js:2297
[  773738ms] [LOG] [HMR] connected @ http://sjm.localhost:3000/_next/static/chunks/217dd_next_dist_9c560571._.js:2297
[  773935ms] [LOG] Detected Host: sjm.localhost:3000 http://sjm.localhost:3000/dashboardportal/productionReports/spinningReports @ http://sjm.localhost:3000/_next/static/chunks/217dd_next_dist_9c560571._.js:2297
[  773936ms] [LOG] Detected Host: sjm.localhost:3000 http://sjm.localhost:3000/dashboardportal/productionReports/spinningReports @ http://sjm.localhost:3000/_next/static/chunks/217dd_next_dist_9c560571._.js:2297
[  773959ms] [LOG] Detected Host: sjm.localhost:3000 http://sjm.localhost:3000/dashboardportal/productionReports/spinningReports @ http://sjm.localhost:3000/_next/static/chunks/217dd_next_dist_9c560571._.js:2297
[  773959ms] [LOG] Detected Host: sjm.localhost:3000 http://sjm.localhost:3000/dashboardportal/productionReports/spinningReports @ http://sjm.localhost:3000/_next/static/chunks/217dd_next_dist_9c560571._.js:2297
[  773982ms] [LOG] Detected Host: sjm.localhost:3000 http://sjm.localhost:3000/dashboardportal/productionReports/spinningReports @ http://sjm.localhost:3000/_next/static/chunks/217dd_next_dist_9c560571._.js:2297
[  773982ms] [LOG] Detected Host: sjm.localhost:3000 http://sjm.localhost:3000/dashboardportal/productionReports/spinningReports @ http://sjm.localhost:3000/_next/static/chunks/217dd_next_dist_9c560571._.js:2297
[  774007ms] [LOG] Detected Host: sjm.localhost:3000 http://sjm.localhost:3000/dashboardportal/productionReports/spinningReports @ http://sjm.localhost:3000/_next/static/chunks/217dd_next_dist_9c560571._.js:2297
[  774008ms] [LOG] Detected Host: sjm.localhost:3000 http://sjm.localhost:3000/dashboardportal/productionReports/spinningReports @ http://sjm.localhost:3000/_next/static/chunks/217dd_next_dist_9c560571._.js:2297
[  774033ms] [LOG] Detected Host: sjm.localhost:3000 http://sjm.localhost:3000/dashboardportal/productionReports/spinningReports @ http://sjm.localhost:3000/_next/static/chunks/217dd_next_dist_9c560571._.js:2297
[  774034ms] [LOG] Detected Host: sjm.localhost:3000 http://sjm.localhost:3000/dashboardportal/productionReports/spinningReports @ http://sjm.localhost:3000/_next/static/chunks/217dd_next_dist_9c560571._.js:2297
[  774066ms] [LOG] Detected Host: sjm.localhost:3000 http://sjm.localhost:3000/dashboardportal/productionReports/spinningReports @ http://sjm.localhost:3000/_next/static/chunks/217dd_next_dist_9c560571._.js:2297
[  774067ms] [LOG] Detected Host: sjm.localhost:3000 http://sjm.localhost:3000/dashboardportal/productionReports/spinningReports @ http://sjm.localhost:3000/_next/static/chunks/217dd_next_dist_9c560571._.js:2297
[  774089ms] [LOG] Detected Host: sjm.localhost:3000 http://sjm.localhost:3000/dashboardportal/productionReports/spinningReports @ http://sjm.localhost:3000/_next/static/chunks/217dd_next_dist_9c560571._.js:2297
[  774090ms] [LOG] Detected Host: sjm.localhost:3000 http://sjm.localhost:3000/dashboardportal/productionReports/spinningReports @ http://sjm.localhost:3000/_next/static/chunks/217dd_next_dist_9c560571._.js:2297
[  774120ms] [LOG] [Fast Refresh] rebuilding @ http://sjm.localhost:3000/_next/static/chunks/217dd_next_dist_9c560571._.js:2297
[  774137ms] [LOG] Detected Host: sjm.localhost:3000 http://sjm.localhost:3000/dashboardportal/productionReports/spinningReports @ http://sjm.localhost:3000/_next/static/chunks/217dd_next_dist_9c560571._.js:2297
[  774138ms] [LOG] Detected Host: sjm.localhost:3000 http://sjm.localhost:3000/dashboardportal/productionReports/spinningReports @ http://sjm.localhost:3000/_next/static/chunks/217dd_next_dist_9c560571._.js:2297
[  774160ms] [LOG] [Fast Refresh] done in 153ms @ http://sjm.localhost:3000/_next/static/chunks/217dd_next_dist_9c560571._.js:2297
[  774165ms] [LOG] Detected Host: sjm.localhost:3000 http://sjm.localhost:3000/dashboardportal/productionReports/spinningReports @ http://sjm.localhost:3000/_next/static/chunks/217dd_next_dist_9c560571._.js:2297
[  774166ms] [LOG] Detected Host: sjm.localhost:3000 http://sjm.localhost:3000/dashboardportal/productionReports/spinningReports @ http://sjm.localhost:3000/_next/static/chunks/217dd_next_dist_9c560571._.js:2297
[  774192ms] [LOG] Detected Host: sjm.localhost:3000 http://sjm.localhost:3000/dashboardportal/productionReports/spinningReports @ http://sjm.localhost:3000/_next/static/chunks/217dd_next_dist_9c560571._.js:2297
[  774193ms] [LOG] Detected Host: sjm.localhost:3000 http://sjm.localhost:3000/dashboardportal/productionReports/spinningReports @ http://sjm.localhost:3000/_next/static/chunks/217dd_next_dist_9c560571._.js:2297
[  774218ms] [LOG] Detected Host: sjm.localhost:3000 http://sjm.localhost:3000/dashboardportal/productionReports/spinningReports @ http://sjm.localhost:3000/_next/static/chunks/217dd_next_dist_9c560571._.js:2297
[  774219ms] [LOG] Detected Host: sjm.localhost:3000 http://sjm.localhost:3000/dashboardportal/productionReports/spinningReports @ http://sjm.localhost:3000/_next/static/chunks/217dd_next_dist_9c560571._.js:2297
[  774247ms] [LOG] Detected Host: sjm.localhost:3000 http://sjm.localhost:3000/dashboardportal/productionReports/spinningReports @ http://sjm.localhost:3000/_next/static/chunks/217dd_next_dist_9c560571._.js:2297
[  774248ms] [LOG] Detected Host: sjm.localhost:3000 http://sjm.localhost:3000/dashboardportal/productionReports/spinningReports @ http://sjm.localhost:3000/_next/static/chunks/217dd_next_dist_9c560571._.js:2297
[  774272ms] [LOG] Detected Host: sjm.localhost:3000 http://sjm.localhost:3000/dashboardportal/productionReports/spinningReports @ http://sjm.localhost:3000/_next/static/chunks/217dd_next_dist_9c560571._.js:2297
[  774272ms] [LOG] Detected Host: sjm.localhost:3000 http://sjm.localhost:3000/dashboardportal/productionReports/spinningReports @ http://sjm.localhost:3000/_next/static/chunks/217dd_next_dist_9c560571._.js:2297
[  774296ms] [LOG] Detected Host: sjm.localhost:3000 http://sjm.localhost:3000/dashboardportal/productionReports/spinningReports @ http://sjm.localhost:3000/_next/static/chunks/217dd_next_dist_9c560571._.js:2297
[  774297ms] [LOG] Detected Host: sjm.localhost:3000 http://sjm.localhost:3000/dashboardportal/productionReports/spinningReports @ http://sjm.localhost:3000/_next/static/chunks/217dd_next_dist_9c560571._.js:2297
[  774319ms] [LOG] Detected Host: sjm.localhost:3000 http://sjm.localhost:3000/dashboardportal/productionReports/spinningReports @ http://sjm.localhost:3000/_next/static/chunks/217dd_next_dist_9c560571._.js:2297
[  774320ms] [LOG] Detected Host: sjm.localhost:3000 http://sjm.localhost:3000/dashboardportal/productionReports/spinningReports @ http://sjm.localhost:3000/_next/static/chunks/217dd_next_dist_9c560571._.js:2297
[  774346ms] [LOG] Detected Host: sjm.localhost:3000 http://sjm.localhost:3000/dashboardportal/productionReports/spinningReports @ http://sjm.localhost:3000/_next/static/chunks/217dd_next_dist_9c560571._.js:2297
[  774347ms] [LOG] Detected Host: sjm.localhost:3000 http://sjm.localhost:3000/dashboardportal/productionReports/spinningReports @ http://sjm.localhost:3000/_next/static/chunks/217dd_next_dist_9c560571._.js:2297
[  774366ms] [LOG] Detected Host: sjm.localhost:3000 http://sjm.localhost:3000/dashboardportal/productionReports/spinningReports @ http://sjm.localhost:3000/_next/static/chunks/217dd_next_dist_9c560571._.js:2297
[  774367ms] [LOG] Detected Host: sjm.localhost:3000 http://sjm.localhost:3000/dashboardportal/productionReports/spinningReports @ http://sjm.localhost:3000/_next/static/chunks/217dd_next_dist_9c560571._.js:2297
[  774494ms] [LOG] Detected Host: sjm.localhost:3000 http://sjm.localhost:3000/dashboardportal/productionReports/spinningReports @ http://sjm.localhost:3000/_next/static/chunks/217dd_next_dist_9c560571._.js:2297
[  774502ms] [LOG] Detected Host: sjm.localhost:3000 http://sjm.localhost:3000/dashboardportal/productionReports/spinningReports @ http://sjm.localhost:3000/_next/static/chunks/217dd_next_dist_9c560571._.js:2297
[  774616ms] [LOG] Detected Host: sjm.localhost:3000 http://sjm.localhost:3000/dashboardportal/productionReports/spinningReports @ http://sjm.localhost:3000/_next/static/chunks/217dd_next_dist_9c560571._.js:2297
[  774622ms] [LOG] Detected Host: sjm.localhost:3000 http://sjm.localhost:3000/dashboardportal/productionReports/spinningReports @ http://sjm.localhost:3000/_next/static/chunks/217dd_next_dist_9c560571._.js:2297
[  775500ms] [INFO] %cDownload the React DevTools for a better development experience: https://react.dev/link/react-devtools font-weight:bold @ http://sjm.localhost:3000/_next/static/chunks/217dd_next_dist_9c560571._.js:2297
[  775543ms] [LOG] [HMR] connected @ http://sjm.localhost:3000/_next/static/chunks/217dd_next_dist_9c560571._.js:2297
[  775711ms] [LOG] Detected Host: sjm.localhost:3000 http://sjm.localhost:3000/dashboardportal/productionReports/spreaderReports @ http://sjm.localhost:3000/_next/static/chunks/217dd_next_dist_9c560571._.js:2297
[  775712ms] [LOG] Detected Host: sjm.localhost:3000 http://sjm.localhost:3000/dashboardportal/productionReports/spreaderReports @ http://sjm.localhost:3000/_next/static/chunks/217dd_next_dist_9c560571._.js:2297
[  775737ms] [LOG] Detected Host: sjm.localhost:3000 http://sjm.localhost:3000/dashboardportal/productionReports/spreaderReports @ http://sjm.localhost:3000/_next/static/chunks/217dd_next_dist_9c560571._.js:2297
[  775738ms] [LOG] Detected Host: sjm.localhost:3000 http://sjm.localhost:3000/dashboardportal/productionReports/spreaderReports @ http://sjm.localhost:3000/_next/static/chunks/217dd_next_dist_9c560571._.js:2297
[  775761ms] [LOG] Detected Host: sjm.localhost:3000 http://sjm.localhost:3000/dashboardportal/productionReports/spreaderReports @ http://sjm.localhost:3000/_next/static/chunks/217dd_next_dist_9c560571._.js:2297
[  775762ms] [LOG] Detected Host: sjm.localhost:3000 http://sjm.localhost:3000/dashboardportal/productionReports/spreaderReports @ http://sjm.localhost:3000/_next/static/chunks/217dd_next_dist_9c560571._.js:2297
[  775784ms] [LOG] Detected Host: sjm.localhost:3000 http://sjm.localhost:3000/dashboardportal/productionReports/spreaderReports @ http://sjm.localhost:3000/_next/static/chunks/217dd_next_dist_9c560571._.js:2297
[  775785ms] [LOG] Detected Host: sjm.localhost:3000 http://sjm.localhost:3000/dashboardportal/productionReports/spreaderReports @ http://sjm.localhost:3000/_next/static/chunks/217dd_next_dist_9c560571._.js:2297
[  775806ms] [LOG] Detected Host: sjm.localhost:3000 http://sjm.localhost:3000/dashboardportal/productionReports/spreaderReports @ http://sjm.localhost:3000/_next/static/chunks/217dd_next_dist_9c560571._.js:2297
[  775807ms] [LOG] Detected Host: sjm.localhost:3000 http://sjm.localhost:3000/dashboardportal/productionReports/spreaderReports @ http://sjm.localhost:3000/_next/static/chunks/217dd_next_dist_9c560571._.js:2297
[  775828ms] [LOG] Detected Host: sjm.localhost:3000 http://sjm.localhost:3000/dashboardportal/productionReports/spreaderReports @ http://sjm.localhost:3000/_next/static/chunks/217dd_next_dist_9c560571._.js:2297
[  775829ms] [LOG] Detected Host: sjm.localhost:3000 http://sjm.localhost:3000/dashboardportal/productionReports/spreaderReports @ http://sjm.localhost:3000/_next/static/chunks/217dd_next_dist_9c560571._.js:2297
[  775869ms] [LOG] Detected Host: sjm.localhost:3000 http://sjm.localhost:3000/dashboardportal/productionReports/spreaderReports @ http://sjm.localhost:3000/_next/static/chunks/217dd_next_dist_9c560571._.js:2297
[  775869ms] [LOG] Detected Host: sjm.localhost:3000 http://sjm.localhost:3000/dashboardportal/productionReports/spreaderReports @ http://sjm.localhost:3000/_next/static/chunks/217dd_next_dist_9c560571._.js:2297
[  775893ms] [LOG] Detected Host: sjm.localhost:3000 http://sjm.localhost:3000/dashboardportal/productionReports/spreaderReports @ http://sjm.localhost:3000/_next/static/chunks/217dd_next_dist_9c560571._.js:2297
[  775894ms] [LOG] Detected Host: sjm.localhost:3000 http://sjm.localhost:3000/dashboardportal/productionReports/spreaderReports @ http://sjm.localhost:3000/_next/static/chunks/217dd_next_dist_9c560571._.js:2297
[  775921ms] [LOG] Detected Host: sjm.localhost:3000 http://sjm.localhost:3000/dashboardportal/productionReports/spreaderReports @ http://sjm.localhost:3000/_next/static/chunks/217dd_next_dist_9c560571._.js:2297
[  775921ms] [LOG] Detected Host: sjm.localhost:3000 http://sjm.localhost:3000/dashboardportal/productionReports/spreaderReports @ http://sjm.localhost:3000/_next/static/chunks/217dd_next_dist_9c560571._.js:2297
[  775945ms] [LOG] Detected Host: sjm.localhost:3000 http://sjm.localhost:3000/dashboardportal/productionReports/spreaderReports @ http://sjm.localhost:3000/_next/static/chunks/217dd_next_dist_9c560571._.js:2297
[  775946ms] [LOG] Detected Host: sjm.localhost:3000 http://sjm.localhost:3000/dashboardportal/productionReports/spreaderReports @ http://sjm.localhost:3000/_next/static/chunks/217dd_next_dist_9c560571._.js:2297
[  775967ms] [LOG] Detected Host: sjm.localhost:3000 http://sjm.localhost:3000/dashboardportal/productionReports/spreaderReports @ http://sjm.localhost:3000/_next/static/chunks/217dd_next_dist_9c560571._.js:2297
[  775968ms] [LOG] Detected Host: sjm.localhost:3000 http://sjm.localhost:3000/dashboardportal/productionReports/spreaderReports @ http://sjm.localhost:3000/_next/static/chunks/217dd_next_dist_9c560571._.js:2297
[  776083ms] [LOG] Detected Host: sjm.localhost:3000 http://sjm.localhost:3000/dashboardportal/productionReports/spreaderReports @ http://sjm.localhost:3000/_next/static/chunks/217dd_next_dist_9c560571._.js:2297
[  776090ms] [LOG] Detected Host: sjm.localhost:3000 http://sjm.localhost:3000/dashboardportal/productionReports/spreaderReports @ http://sjm.localhost:3000/_next/static/chunks/217dd_next_dist_9c560571._.js:2297
[  776226ms] [LOG] Detected Host: sjm.localhost:3000 http://sjm.localhost:3000/dashboardportal/productionReports/spreaderReports @ http://sjm.localhost:3000/_next/static/chunks/217dd_next_dist_9c560571._.js:2297
[  776230ms] [LOG] Detected Host: sjm.localhost:3000 http://sjm.localhost:3000/dashboardportal/productionReports/spreaderReports @ http://sjm.localhost:3000/_next/static/chunks/217dd_next_dist_9c560571._.js:2297
[  776356ms] [LOG] Detected Host: sjm.localhost:3000 http://sjm.localhost:3000/dashboardportal/productionReports/spreaderReports @ http://sjm.localhost:3000/_next/static/chunks/217dd_next_dist_9c560571._.js:2297
[  776360ms] [LOG] Detected Host: sjm.localhost:3000 http://sjm.localhost:3000/dashboardportal/productionReports/spreaderReports @ http://sjm.localhost:3000/_next/static/chunks/217dd_next_dist_9c560571._.js:2297
[  776478ms] [LOG] Detected Host: sjm.localhost:3000 http://sjm.localhost:3000/dashboardportal/productionReports/spreaderReports @ http://sjm.localhost:3000/_next/static/chunks/217dd_next_dist_9c560571._.js:2297
[  776482ms] [LOG] Detected Host: sjm.localhost:3000 http://sjm.localhost:3000/dashboardportal/productionReports/spreaderReports @ http://sjm.localhost:3000/_next/static/chunks/217dd_next_dist_9c560571._.js:2297
[  776562ms] [LOG] Detected Host: sjm.localhost:3000 http://sjm.localhost:3000/dashboardportal/productionReports/spreaderReports @ http://sjm.localhost:3000/_next/static/chunks/217dd_next_dist_9c560571._.js:2297
[  776566ms] [LOG] Detected Host: sjm.localhost:3000 http://sjm.localhost:3000/dashboardportal/productionReports/spreaderReports @ http://sjm.localhost:3000/_next/static/chunks/217dd_next_dist_9c560571._.js:2297
[  776747ms] [LOG] [Fast Refresh] rebuilding @ http://sjm.localhost:3000/_next/static/chunks/217dd_next_dist_9c560571._.js:2297
[  776748ms] [LOG] [Fast Refresh] done in 785ms @ http://sjm.localhost:3000/_next/static/chunks/217dd_next_dist_9c560571._.js:2297
[  776886ms] [LOG] [Fast Refresh] rebuilding @ http://sjm.localhost:3000/_next/static/chunks/217dd_next_dist_9c560571._.js:2297
[  777093ms] [LOG] [Fast Refresh] done in 308ms @ http://sjm.localhost:3000/_next/static/chunks/217dd_next_dist_9c560571._.js:2297
[  777326ms] [INFO] %cDownload the React DevTools for a better development experience: https://react.dev/link/react-devtools font-weight:bold @ http://sjm.localhost:3000/_next/static/chunks/217dd_next_dist_9c560571._.js:2297
[  777359ms] [LOG] [HMR] connected @ http://sjm.localhost:3000/_next/static/chunks/217dd_next_dist_9c560571._.js:2297
[  777536ms] [LOG] Detected Host: sjm.localhost:3000 http://sjm.localhost:3000/dashboardportal/productionReports/windingReports @ http://sjm.localhost:3000/_next/static/chunks/217dd_next_dist_9c560571._.js:2297
[  777537ms] [LOG] Detected Host: sjm.localhost:3000 http://sjm.localhost:3000/dashboardportal/productionReports/windingReports @ http://sjm.localhost:3000/_next/static/chunks/217dd_next_dist_9c560571._.js:2297
[  777565ms] [LOG] Detected Host: sjm.localhost:3000 http://sjm.localhost:3000/dashboardportal/productionReports/windingReports @ http://sjm.localhost:3000/_next/static/chunks/217dd_next_dist_9c560571._.js:2297
[  777566ms] [LOG] Detected Host: sjm.localhost:3000 http://sjm.localhost:3000/dashboardportal/productionReports/windingReports @ http://sjm.localhost:3000/_next/static/chunks/217dd_next_dist_9c560571._.js:2297
[  777589ms] [LOG] Detected Host: sjm.localhost:3000 http://sjm.localhost:3000/dashboardportal/productionReports/windingReports @ http://sjm.localhost:3000/_next/static/chunks/217dd_next_dist_9c560571._.js:2297
[  777589ms] [LOG] Detected Host: sjm.localhost:3000 http://sjm.localhost:3000/dashboardportal/productionReports/windingReports @ http://sjm.localhost:3000/_next/static/chunks/217dd_next_dist_9c560571._.js:2297
[  777613ms] [LOG] Detected Host: sjm.localhost:3000 http://sjm.localhost:3000/dashboardportal/productionReports/windingReports @ http://sjm.localhost:3000/_next/static/chunks/217dd_next_dist_9c560571._.js:2297
[  777614ms] [LOG] Detected Host: sjm.localhost:3000 http://sjm.localhost:3000/dashboardportal/productionReports/windingReports @ http://sjm.localhost:3000/_next/static/chunks/217dd_next_dist_9c560571._.js:2297
[  777641ms] [LOG] Detected Host: sjm.localhost:3000 http://sjm.localhost:3000/dashboardportal/productionReports/windingReports @ http://sjm.localhost:3000/_next/static/chunks/217dd_next_dist_9c560571._.js:2297
[  777641ms] [LOG] Detected Host: sjm.localhost:3000 http://sjm.localhost:3000/dashboardportal/productionReports/windingReports @ http://sjm.localhost:3000/_next/static/chunks/217dd_next_dist_9c560571._.js:2297
[  777664ms] [LOG] Detected Host: sjm.localhost:3000 http://sjm.localhost:3000/dashboardportal/productionReports/windingReports @ http://sjm.localhost:3000/_next/static/chunks/217dd_next_dist_9c560571._.js:2297
[  777665ms] [LOG] Detected Host: sjm.localhost:3000 http://sjm.localhost:3000/dashboardportal/productionReports/windingReports @ http://sjm.localhost:3000/_next/static/chunks/217dd_next_dist_9c560571._.js:2297
[  777691ms] [LOG] Detected Host: sjm.localhost:3000 http://sjm.localhost:3000/dashboardportal/productionReports/windingReports @ http://sjm.localhost:3000/_next/static/chunks/217dd_next_dist_9c560571._.js:2297
[  777692ms] [LOG] Detected Host: sjm.localhost:3000 http://sjm.localhost:3000/dashboardportal/productionReports/windingReports @ http://sjm.localhost:3000/_next/static/chunks/217dd_next_dist_9c560571._.js:2297
[  777717ms] [LOG] Detected Host: sjm.localhost:3000 http://sjm.localhost:3000/dashboardportal/productionReports/windingReports @ http://sjm.localhost:3000/_next/static/chunks/217dd_next_dist_9c560571._.js:2297
[  777718ms] [LOG] Detected Host: sjm.localhost:3000 http://sjm.localhost:3000/dashboardportal/productionReports/windingReports @ http://sjm.localhost:3000/_next/static/chunks/217dd_next_dist_9c560571._.js:2297
[  777741ms] [LOG] Detected Host: sjm.localhost:3000 http://sjm.localhost:3000/dashboardportal/productionReports/windingReports @ http://sjm.localhost:3000/_next/static/chunks/217dd_next_dist_9c560571._.js:2297
[  777742ms] [LOG] Detected Host: sjm.localhost:3000 http://sjm.localhost:3000/dashboardportal/productionReports/windingReports @ http://sjm.localhost:3000/_next/static/chunks/217dd_next_dist_9c560571._.js:2297
[  777764ms] [LOG] Detected Host: sjm.localhost:3000 http://sjm.localhost:3000/dashboardportal/productionReports/windingReports @ http://sjm.localhost:3000/_next/static/chunks/217dd_next_dist_9c560571._.js:2297
[  777764ms] [LOG] Detected Host: sjm.localhost:3000 http://sjm.localhost:3000/dashboardportal/productionReports/windingReports @ http://sjm.localhost:3000/_next/static/chunks/217dd_next_dist_9c560571._.js:2297
[  777890ms] [LOG] Detected Host: sjm.localhost:3000 http://sjm.localhost:3000/dashboardportal/productionReports/windingReports @ http://sjm.localhost:3000/_next/static/chunks/217dd_next_dist_9c560571._.js:2297
[  777896ms] [LOG] Detected Host: sjm.localhost:3000 http://sjm.localhost:3000/dashboardportal/productionReports/windingReports @ http://sjm.localhost:3000/_next/static/chunks/217dd_next_dist_9c560571._.js:2297
[  777998ms] [LOG] Detected Host: sjm.localhost:3000 http://sjm.localhost:3000/dashboardportal/productionReports/windingReports @ http://sjm.localhost:3000/_next/static/chunks/217dd_next_dist_9c560571._.js:2297
[  778003ms] [LOG] Detected Host: sjm.localhost:3000 http://sjm.localhost:3000/dashboardportal/productionReports/windingReports @ http://sjm.localhost:3000/_next/static/chunks/217dd_next_dist_9c560571._.js:2297
[  778116ms] [LOG] Detected Host: sjm.localhost:3000 http://sjm.localhost:3000/dashboardportal/productionReports/windingReports @ http://sjm.localhost:3000/_next/static/chunks/217dd_next_dist_9c560571._.js:2297
[  778120ms] [LOG] Detected Host: sjm.localhost:3000 http://sjm.localhost:3000/dashboardportal/productionReports/windingReports @ http://sjm.localhost:3000/_next/static/chunks/217dd_next_dist_9c560571._.js:2297
[  778196ms] [LOG] Detected Host: sjm.localhost:3000 http://sjm.localhost:3000/dashboardportal/productionReports/windingReports @ http://sjm.localhost:3000/_next/static/chunks/217dd_next_dist_9c560571._.js:2297
[  778200ms] [LOG] Detected Host: sjm.localhost:3000 http://sjm.localhost:3000/dashboardportal/productionReports/windingReports @ http://sjm.localhost:3000/_next/static/chunks/217dd_next_dist_9c560571._.js:2297
[  778335ms] [LOG] Detected Host: sjm.localhost:3000 http://sjm.localhost:3000/dashboardportal/productionReports/windingReports @ http://sjm.localhost:3000/_next/static/chunks/217dd_next_dist_9c560571._.js:2297
[  778339ms] [LOG] Detected Host: sjm.localhost:3000 http://sjm.localhost:3000/dashboardportal/productionReports/windingReports @ http://sjm.localhost:3000/_next/static/chunks/217dd_next_dist_9c560571._.js:2297
[  778621ms] [LOG] [Fast Refresh] rebuilding @ http://sjm.localhost:3000/_next/static/chunks/217dd_next_dist_9c560571._.js:2297
[  780051ms] [LOG] [Fast Refresh] done in 1539ms @ http://sjm.localhost:3000/_next/static/chunks/217dd_next_dist_9c560571._.js:2297
[  780312ms] [INFO] %cDownload the React DevTools for a better development experience: https://react.dev/link/react-devtools font-weight:bold @ http://sjm.localhost:3000/_next/static/chunks/217dd_next_dist_9c560571._.js:2297
[  780347ms] [LOG] [HMR] connected @ http://sjm.localhost:3000/_next/static/chunks/217dd_next_dist_9c560571._.js:2297
[  780446ms] [LOG] Detected Host: sjm.localhost:3000 http://sjm.localhost:3000/dashboardportal/sales @ http://sjm.localhost:3000/_next/static/chunks/217dd_next_dist_9c560571._.js:2297
[  780446ms] [LOG] Detected Host: sjm.localhost:3000 http://sjm.localhost:3000/dashboardportal/sales @ http://sjm.localhost:3000/_next/static/chunks/217dd_next_dist_9c560571._.js:2297
[  780463ms] [LOG] Detected Host: sjm.localhost:3000 http://sjm.localhost:3000/dashboardportal/sales @ http://sjm.localhost:3000/_next/static/chunks/217dd_next_dist_9c560571._.js:2297
[  780468ms] [LOG] Detected Host: sjm.localhost:3000 http://sjm.localhost:3000/dashboardportal/sales @ http://sjm.localhost:3000/_next/static/chunks/217dd_next_dist_9c560571._.js:2297
[  780485ms] [LOG] Detected Host: sjm.localhost:3000 http://sjm.localhost:3000/dashboardportal/sales @ http://sjm.localhost:3000/_next/static/chunks/217dd_next_dist_9c560571._.js:2297
[  780491ms] [LOG] Detected Host: sjm.localhost:3000 http://sjm.localhost:3000/dashboardportal/sales @ http://sjm.localhost:3000/_next/static/chunks/217dd_next_dist_9c560571._.js:2297
[  780514ms] [LOG] Detected Host: sjm.localhost:3000 http://sjm.localhost:3000/dashboardportal/sales @ http://sjm.localhost:3000/_next/static/chunks/217dd_next_dist_9c560571._.js:2297
[  780519ms] [LOG] Detected Host: sjm.localhost:3000 http://sjm.localhost:3000/dashboardportal/sales @ http://sjm.localhost:3000/_next/static/chunks/217dd_next_dist_9c560571._.js:2297
[  780543ms] [LOG] Detected Host: sjm.localhost:3000 http://sjm.localhost:3000/dashboardportal/sales @ http://sjm.localhost:3000/_next/static/chunks/217dd_next_dist_9c560571._.js:2297
[  780546ms] [LOG] Detected Host: sjm.localhost:3000 http://sjm.localhost:3000/dashboardportal/sales @ http://sjm.localhost:3000/_next/static/chunks/217dd_next_dist_9c560571._.js:2297
[  780560ms] [LOG] Detected Host: sjm.localhost:3000 http://sjm.localhost:3000/dashboardportal/sales @ http://sjm.localhost:3000/_next/static/chunks/217dd_next_dist_9c560571._.js:2297
[  780563ms] [LOG] Detected Host: sjm.localhost:3000 http://sjm.localhost:3000/dashboardportal/sales @ http://sjm.localhost:3000/_next/static/chunks/217dd_next_dist_9c560571._.js:2297
[  781022ms] [LOG] [Fast Refresh] rebuilding @ http://sjm.localhost:3000/_next/static/chunks/217dd_next_dist_9c560571._.js:2297
[  782923ms] [LOG] [Fast Refresh] done in 2018ms @ http://sjm.localhost:3000/_next/static/chunks/217dd_next_dist_9c560571._.js:2297
[  783132ms] [INFO] %cDownload the React DevTools for a better development experience: https://react.dev/link/react-devtools font-weight:bold @ http://sjm.localhost:3000/_next/static/chunks/217dd_next_dist_9c560571._.js:2297
[  783171ms] [LOG] [HMR] connected @ http://sjm.localhost:3000/_next/static/chunks/217dd_next_dist_9c560571._.js:2297
[  783346ms] [LOG] Detected Host: sjm.localhost:3000 http://sjm.localhost:3000/dashboardportal/sales/custMaster @ http://sjm.localhost:3000/_next/static/chunks/217dd_next_dist_9c560571._.js:2297
[  783347ms] [LOG] Detected Host: sjm.localhost:3000 http://sjm.localhost:3000/dashboardportal/sales/custMaster @ http://sjm.localhost:3000/_next/static/chunks/217dd_next_dist_9c560571._.js:2297
[  783375ms] [LOG] Detected Host: sjm.localhost:3000 http://sjm.localhost:3000/dashboardportal/sales/custMaster @ http://sjm.localhost:3000/_next/static/chunks/217dd_next_dist_9c560571._.js:2297
[  783376ms] [LOG] Detected Host: sjm.localhost:3000 http://sjm.localhost:3000/dashboardportal/sales/custMaster @ http://sjm.localhost:3000/_next/static/chunks/217dd_next_dist_9c560571._.js:2297
[  783402ms] [LOG] Detected Host: sjm.localhost:3000 http://sjm.localhost:3000/dashboardportal/sales/custMaster @ http://sjm.localhost:3000/_next/static/chunks/217dd_next_dist_9c560571._.js:2297
[  783402ms] [LOG] Detected Host: sjm.localhost:3000 http://sjm.localhost:3000/dashboardportal/sales/custMaster @ http://sjm.localhost:3000/_next/static/chunks/217dd_next_dist_9c560571._.js:2297
[  783426ms] [LOG] Detected Host: sjm.localhost:3000 http://sjm.localhost:3000/dashboardportal/sales/custMaster @ http://sjm.localhost:3000/_next/static/chunks/217dd_next_dist_9c560571._.js:2297
[  783427ms] [LOG] Detected Host: sjm.localhost:3000 http://sjm.localhost:3000/dashboardportal/sales/custMaster @ http://sjm.localhost:3000/_next/static/chunks/217dd_next_dist_9c560571._.js:2297
[  783455ms] [LOG] Detected Host: sjm.localhost:3000 http://sjm.localhost:3000/dashboardportal/sales/custMaster @ http://sjm.localhost:3000/_next/static/chunks/217dd_next_dist_9c560571._.js:2297
[  783456ms] [LOG] Detected Host: sjm.localhost:3000 http://sjm.localhost:3000/dashboardportal/sales/custMaster @ http://sjm.localhost:3000/_next/static/chunks/217dd_next_dist_9c560571._.js:2297
[  783480ms] [LOG] Detected Host: sjm.localhost:3000 http://sjm.localhost:3000/dashboardportal/sales/custMaster @ http://sjm.localhost:3000/_next/static/chunks/217dd_next_dist_9c560571._.js:2297
[  783480ms] [LOG] Detected Host: sjm.localhost:3000 http://sjm.localhost:3000/dashboardportal/sales/custMaster @ http://sjm.localhost:3000/_next/static/chunks/217dd_next_dist_9c560571._.js:2297
[  783524ms] [LOG] Detected Host: sjm.localhost:3000 http://sjm.localhost:3000/dashboardportal/sales/custMaster @ http://sjm.localhost:3000/_next/static/chunks/217dd_next_dist_9c560571._.js:2297
[  783525ms] [LOG] Detected Host: sjm.localhost:3000 http://sjm.localhost:3000/dashboardportal/sales/custMaster @ http://sjm.localhost:3000/_next/static/chunks/217dd_next_dist_9c560571._.js:2297
[  783571ms] [LOG] Detected Host: sjm.localhost:3000 http://sjm.localhost:3000/dashboardportal/sales/custMaster @ http://sjm.localhost:3000/_next/static/chunks/217dd_next_dist_9c560571._.js:2297
[  783577ms] [LOG] Detected Host: sjm.localhost:3000 http://sjm.localhost:3000/dashboardportal/sales/custMaster @ http://sjm.localhost:3000/_next/static/chunks/217dd_next_dist_9c560571._.js:2297
[  783684ms] [LOG] Detected Host: sjm.localhost:3000 http://sjm.localhost:3000/dashboardportal/sales/custMaster @ http://sjm.localhost:3000/_next/static/chunks/217dd_next_dist_9c560571._.js:2297
[  783689ms] [LOG] Detected Host: sjm.localhost:3000 http://sjm.localhost:3000/dashboardportal/sales/custMaster @ http://sjm.localhost:3000/_next/static/chunks/217dd_next_dist_9c560571._.js:2297
[  783810ms] [LOG] Detected Host: sjm.localhost:3000 http://sjm.localhost:3000/dashboardportal/sales/custMaster @ http://sjm.localhost:3000/_next/static/chunks/217dd_next_dist_9c560571._.js:2297
[  783814ms] [LOG] Detected Host: sjm.localhost:3000 http://sjm.localhost:3000/dashboardportal/sales/custMaster @ http://sjm.localhost:3000/_next/static/chunks/217dd_next_dist_9c560571._.js:2297
[  783963ms] [LOG] Detected Host: sjm.localhost:3000 http://sjm.localhost:3000/dashboardportal/sales/custMaster @ http://sjm.localhost:3000/_next/static/chunks/217dd_next_dist_9c560571._.js:2297
[  783967ms] [LOG] Detected Host: sjm.localhost:3000 http://sjm.localhost:3000/dashboardportal/sales/custMaster @ http://sjm.localhost:3000/_next/static/chunks/217dd_next_dist_9c560571._.js:2297
[  784098ms] [LOG] Detected Host: sjm.localhost:3000 http://sjm.localhost:3000/dashboardportal/sales/custMaster @ http://sjm.localhost:3000/_next/static/chunks/217dd_next_dist_9c560571._.js:2297
[  784099ms] [LOG] Detected Host: sjm.localhost:3000 http://sjm.localhost:3000/dashboardportal/sales/custMaster @ http://sjm.localhost:3000/_next/static/chunks/217dd_next_dist_9c560571._.js:2297
[  784270ms] [LOG] [Fast Refresh] rebuilding @ http://sjm.localhost:3000/_next/static/chunks/217dd_next_dist_9c560571._.js:2297
[  786663ms] [LOG] [Fast Refresh] done in 2501ms @ http://sjm.localhost:3000/_next/static/chunks/217dd_next_dist_9c560571._.js:2297
[  786908ms] [INFO] %cDownload the React DevTools for a better development experience: https://react.dev/link/react-devtools font-weight:bold @ http://sjm.localhost:3000/_next/static/chunks/217dd_next_dist_9c560571._.js:2297
[  786946ms] [LOG] [HMR] connected @ http://sjm.localhost:3000/_next/static/chunks/217dd_next_dist_9c560571._.js:2297
[  787175ms] [LOG] Detected Host: sjm.localhost:3000 http://sjm.localhost:3000/dashboardportal/sales/deliveryOrder @ http://sjm.localhost:3000/_next/static/chunks/217dd_next_dist_9c560571._.js:2297
[  787176ms] [LOG] Detected Host: sjm.localhost:3000 http://sjm.localhost:3000/dashboardportal/sales/deliveryOrder @ http://sjm.localhost:3000/_next/static/chunks/217dd_next_dist_9c560571._.js:2297
[  787205ms] [LOG] Detected Host: sjm.localhost:3000 http://sjm.localhost:3000/dashboardportal/sales/deliveryOrder @ http://sjm.localhost:3000/_next/static/chunks/217dd_next_dist_9c560571._.js:2297
[  787206ms] [LOG] Detected Host: sjm.localhost:3000 http://sjm.localhost:3000/dashboardportal/sales/deliveryOrder @ http://sjm.localhost:3000/_next/static/chunks/217dd_next_dist_9c560571._.js:2297
[  787227ms] [LOG] Detected Host: sjm.localhost:3000 http://sjm.localhost:3000/dashboardportal/sales/deliveryOrder @ http://sjm.localhost:3000/_next/static/chunks/217dd_next_dist_9c560571._.js:2297
[  787227ms] [LOG] Detected Host: sjm.localhost:3000 http://sjm.localhost:3000/dashboardportal/sales/deliveryOrder @ http://sjm.localhost:3000/_next/static/chunks/217dd_next_dist_9c560571._.js:2297
[  787254ms] [LOG] Detected Host: sjm.localhost:3000 http://sjm.localhost:3000/dashboardportal/sales/deliveryOrder @ http://sjm.localhost:3000/_next/static/chunks/217dd_next_dist_9c560571._.js:2297
[  787255ms] [LOG] Detected Host: sjm.localhost:3000 http://sjm.localhost:3000/dashboardportal/sales/deliveryOrder @ http://sjm.localhost:3000/_next/static/chunks/217dd_next_dist_9c560571._.js:2297
[  787278ms] [LOG] Detected Host: sjm.localhost:3000 http://sjm.localhost:3000/dashboardportal/sales/deliveryOrder @ http://sjm.localhost:3000/_next/static/chunks/217dd_next_dist_9c560571._.js:2297
[  787279ms] [LOG] Detected Host: sjm.localhost:3000 http://sjm.localhost:3000/dashboardportal/sales/deliveryOrder @ http://sjm.localhost:3000/_next/static/chunks/217dd_next_dist_9c560571._.js:2297
[  787302ms] [LOG] Detected Host: sjm.localhost:3000 http://sjm.localhost:3000/dashboardportal/sales/deliveryOrder @ http://sjm.localhost:3000/_next/static/chunks/217dd_next_dist_9c560571._.js:2297
[  787303ms] [LOG] Detected Host: sjm.localhost:3000 http://sjm.localhost:3000/dashboardportal/sales/deliveryOrder @ http://sjm.localhost:3000/_next/static/chunks/217dd_next_dist_9c560571._.js:2297
[  787327ms] [LOG] Detected Host: sjm.localhost:3000 http://sjm.localhost:3000/dashboardportal/sales/deliveryOrder @ http://sjm.localhost:3000/_next/static/chunks/217dd_next_dist_9c560571._.js:2297
[  787327ms] [LOG] Detected Host: sjm.localhost:3000 http://sjm.localhost:3000/dashboardportal/sales/deliveryOrder @ http://sjm.localhost:3000/_next/static/chunks/217dd_next_dist_9c560571._.js:2297
[  787378ms] [LOG] Detected Host: sjm.localhost:3000 http://sjm.localhost:3000/dashboardportal/sales/deliveryOrder @ http://sjm.localhost:3000/_next/static/chunks/217dd_next_dist_9c560571._.js:2297
[  787379ms] [LOG] Detected Host: sjm.localhost:3000 http://sjm.localhost:3000/dashboardportal/sales/deliveryOrder @ http://sjm.localhost:3000/_next/static/chunks/217dd_next_dist_9c560571._.js:2297
[  787423ms] [LOG] Detected Host: sjm.localhost:3000 http://sjm.localhost:3000/dashboardportal/sales/deliveryOrder @ http://sjm.localhost:3000/_next/static/chunks/217dd_next_dist_9c560571._.js:2297
[  787430ms] [LOG] Detected Host: sjm.localhost:3000 http://sjm.localhost:3000/dashboardportal/sales/deliveryOrder @ http://sjm.localhost:3000/_next/static/chunks/217dd_next_dist_9c560571._.js:2297
[  787525ms] [LOG] Detected Host: sjm.localhost:3000 http://sjm.localhost:3000/dashboardportal/sales/deliveryOrder @ http://sjm.localhost:3000/_next/static/chunks/217dd_next_dist_9c560571._.js:2297
[  787530ms] [LOG] Detected Host: sjm.localhost:3000 http://sjm.localhost:3000/dashboardportal/sales/deliveryOrder @ http://sjm.localhost:3000/_next/static/chunks/217dd_next_dist_9c560571._.js:2297
[  787647ms] [LOG] Detected Host: sjm.localhost:3000 http://sjm.localhost:3000/dashboardportal/sales/deliveryOrder @ http://sjm.localhost:3000/_next/static/chunks/217dd_next_dist_9c560571._.js:2297
[  787652ms] [LOG] Detected Host: sjm.localhost:3000 http://sjm.localhost:3000/dashboardportal/sales/deliveryOrder @ http://sjm.localhost:3000/_next/static/chunks/217dd_next_dist_9c560571._.js:2297
[  787818ms] [LOG] Detected Host: sjm.localhost:3000 http://sjm.localhost:3000/dashboardportal/sales/deliveryOrder @ http://sjm.localhost:3000/_next/static/chunks/217dd_next_dist_9c560571._.js:2297
[  787819ms] [LOG] Detected Host: sjm.localhost:3000 http://sjm.localhost:3000/dashboardportal/sales/deliveryOrder @ http://sjm.localhost:3000/_next/static/chunks/217dd_next_dist_9c560571._.js:2297
[  787916ms] [LOG] Detected Host: sjm.localhost:3000 http://sjm.localhost:3000/dashboardportal/sales/deliveryOrder @ http://sjm.localhost:3000/_next/static/chunks/217dd_next_dist_9c560571._.js:2297
[  787917ms] [LOG] Detected Host: sjm.localhost:3000 http://sjm.localhost:3000/dashboardportal/sales/deliveryOrder @ http://sjm.localhost:3000/_next/static/chunks/217dd_next_dist_9c560571._.js:2297
[  787970ms] [LOG] [Fast Refresh] rebuilding @ http://sjm.localhost:3000/_next/static/chunks/217dd_next_dist_9c560571._.js:2297
[  788190ms] [LOG] [Fast Refresh] done in 844ms @ http://sjm.localhost:3000/_next/static/chunks/217dd_next_dist_9c560571._.js:2297
[  788213ms] [ERROR] Failed to load resource: the server responded with a status of 404 (Not Found) @ http://sjm.localhost:3000/dashboardportal/sales/Orders:0
[  788381ms] [INFO] %cDownload the React DevTools for a better development experience: https://react.dev/link/react-devtools font-weight:bold @ http://sjm.localhost:3000/_next/static/chunks/217dd_next_dist_9c560571._.js:2297
[  788406ms] [LOG] [HMR] connected @ http://sjm.localhost:3000/_next/static/chunks/217dd_next_dist_9c560571._.js:2297
[  788583ms] [LOG] [Fast Refresh] rebuilding @ http://sjm.localhost:3000/_next/static/chunks/217dd_next_dist_9c560571._.js:2297
[  788665ms] [LOG] [Fast Refresh] done in 185ms @ http://sjm.localhost:3000/_next/static/chunks/217dd_next_dist_9c560571._.js:2297
[  788767ms] [LOG] [Fast Refresh] rebuilding @ http://sjm.localhost:3000/_next/static/chunks/217dd_next_dist_9c560571._.js:2297
[  791875ms] [INFO] %cDownload the React DevTools for a better development experience: https://react.dev/link/react-devtools font-weight:bold @ http://sjm.localhost:3000/_next/static/chunks/217dd_next_dist_9c560571._.js:2297
[  791911ms] [LOG] [HMR] connected @ http://sjm.localhost:3000/_next/static/chunks/217dd_next_dist_9c560571._.js:2297
[  792085ms] [LOG] Detected Host: sjm.localhost:3000 http://sjm.localhost:3000/dashboardportal/sales/quotation @ http://sjm.localhost:3000/_next/static/chunks/217dd_next_dist_9c560571._.js:2297
[  792085ms] [LOG] Detected Host: sjm.localhost:3000 http://sjm.localhost:3000/dashboardportal/sales/quotation @ http://sjm.localhost:3000/_next/static/chunks/217dd_next_dist_9c560571._.js:2297
[  792110ms] [LOG] Detected Host: sjm.localhost:3000 http://sjm.localhost:3000/dashboardportal/sales/quotation @ http://sjm.localhost:3000/_next/static/chunks/217dd_next_dist_9c560571._.js:2297
[  792110ms] [LOG] Detected Host: sjm.localhost:3000 http://sjm.localhost:3000/dashboardportal/sales/quotation @ http://sjm.localhost:3000/_next/static/chunks/217dd_next_dist_9c560571._.js:2297
[  792132ms] [LOG] Detected Host: sjm.localhost:3000 http://sjm.localhost:3000/dashboardportal/sales/quotation @ http://sjm.localhost:3000/_next/static/chunks/217dd_next_dist_9c560571._.js:2297
[  792133ms] [LOG] Detected Host: sjm.localhost:3000 http://sjm.localhost:3000/dashboardportal/sales/quotation @ http://sjm.localhost:3000/_next/static/chunks/217dd_next_dist_9c560571._.js:2297
[  792153ms] [LOG] Detected Host: sjm.localhost:3000 http://sjm.localhost:3000/dashboardportal/sales/quotation @ http://sjm.localhost:3000/_next/static/chunks/217dd_next_dist_9c560571._.js:2297
[  792154ms] [LOG] Detected Host: sjm.localhost:3000 http://sjm.localhost:3000/dashboardportal/sales/quotation @ http://sjm.localhost:3000/_next/static/chunks/217dd_next_dist_9c560571._.js:2297
[  792183ms] [LOG] Detected Host: sjm.localhost:3000 http://sjm.localhost:3000/dashboardportal/sales/quotation @ http://sjm.localhost:3000/_next/static/chunks/217dd_next_dist_9c560571._.js:2297
[  792184ms] [LOG] Detected Host: sjm.localhost:3000 http://sjm.localhost:3000/dashboardportal/sales/quotation @ http://sjm.localhost:3000/_next/static/chunks/217dd_next_dist_9c560571._.js:2297
[  792203ms] [LOG] Detected Host: sjm.localhost:3000 http://sjm.localhost:3000/dashboardportal/sales/quotation @ http://sjm.localhost:3000/_next/static/chunks/217dd_next_dist_9c560571._.js:2297
[  792204ms] [LOG] Detected Host: sjm.localhost:3000 http://sjm.localhost:3000/dashboardportal/sales/quotation @ http://sjm.localhost:3000/_next/static/chunks/217dd_next_dist_9c560571._.js:2297
[  792230ms] [LOG] Detected Host: sjm.localhost:3000 http://sjm.localhost:3000/dashboardportal/sales/quotation @ http://sjm.localhost:3000/_next/static/chunks/217dd_next_dist_9c560571._.js:2297
[  792230ms] [LOG] Detected Host: sjm.localhost:3000 http://sjm.localhost:3000/dashboardportal/sales/quotation @ http://sjm.localhost:3000/_next/static/chunks/217dd_next_dist_9c560571._.js:2297
[  792299ms] [LOG] Detected Host: sjm.localhost:3000 http://sjm.localhost:3000/dashboardportal/sales/quotation @ http://sjm.localhost:3000/_next/static/chunks/217dd_next_dist_9c560571._.js:2297
[  792306ms] [LOG] Detected Host: sjm.localhost:3000 http://sjm.localhost:3000/dashboardportal/sales/quotation @ http://sjm.localhost:3000/_next/static/chunks/217dd_next_dist_9c560571._.js:2297
[  792401ms] [LOG] Detected Host: sjm.localhost:3000 http://sjm.localhost:3000/dashboardportal/sales/quotation @ http://sjm.localhost:3000/_next/static/chunks/217dd_next_dist_9c560571._.js:2297
[  792406ms] [LOG] Detected Host: sjm.localhost:3000 http://sjm.localhost:3000/dashboardportal/sales/quotation @ http://sjm.localhost:3000/_next/static/chunks/217dd_next_dist_9c560571._.js:2297
[  792535ms] [LOG] Detected Host: sjm.localhost:3000 http://sjm.localhost:3000/dashboardportal/sales/quotation @ http://sjm.localhost:3000/_next/static/chunks/217dd_next_dist_9c560571._.js:2297
[  792541ms] [LOG] Detected Host: sjm.localhost:3000 http://sjm.localhost:3000/dashboardportal/sales/quotation @ http://sjm.localhost:3000/_next/static/chunks/217dd_next_dist_9c560571._.js:2297
[  792749ms] [LOG] Detected Host: sjm.localhost:3000 http://sjm.localhost:3000/dashboardportal/sales/quotation @ http://sjm.localhost:3000/_next/static/chunks/217dd_next_dist_9c560571._.js:2297
[  792753ms] [LOG] Detected Host: sjm.localhost:3000 http://sjm.localhost:3000/dashboardportal/sales/quotation @ http://sjm.localhost:3000/_next/static/chunks/217dd_next_dist_9c560571._.js:2297
[  792868ms] [LOG] Detected Host: sjm.localhost:3000 http://sjm.localhost:3000/dashboardportal/sales/quotation @ http://sjm.localhost:3000/_next/static/chunks/217dd_next_dist_9c560571._.js:2297
[  792869ms] [LOG] Detected Host: sjm.localhost:3000 http://sjm.localhost:3000/dashboardportal/sales/quotation @ http://sjm.localhost:3000/_next/static/chunks/217dd_next_dist_9c560571._.js:2297
[  792911ms] [LOG] [Fast Refresh] rebuilding @ http://sjm.localhost:3000/_next/static/chunks/217dd_next_dist_9c560571._.js:2297
[  793012ms] [LOG] [Fast Refresh] done in 754ms @ http://sjm.localhost:3000/_next/static/chunks/217dd_next_dist_9c560571._.js:2297
[  793130ms] [LOG] [Fast Refresh] rebuilding @ http://sjm.localhost:3000/_next/static/chunks/217dd_next_dist_9c560571._.js:2297
[  794989ms] [LOG] [Fast Refresh] done in 1967ms @ http://sjm.localhost:3000/_next/static/chunks/217dd_next_dist_9c560571._.js:2297
[  795241ms] [INFO] %cDownload the React DevTools for a better development experience: https://react.dev/link/react-devtools font-weight:bold @ http://sjm.localhost:3000/_next/static/chunks/217dd_next_dist_9c560571._.js:2297
[  795276ms] [LOG] [HMR] connected @ http://sjm.localhost:3000/_next/static/chunks/217dd_next_dist_9c560571._.js:2297
[  795456ms] [LOG] Detected Host: sjm.localhost:3000 http://sjm.localhost:3000/dashboardportal/sales/salesInvoice @ http://sjm.localhost:3000/_next/static/chunks/217dd_next_dist_9c560571._.js:2297
[  795457ms] [LOG] Detected Host: sjm.localhost:3000 http://sjm.localhost:3000/dashboardportal/sales/salesInvoice @ http://sjm.localhost:3000/_next/static/chunks/217dd_next_dist_9c560571._.js:2297
[  795485ms] [LOG] Detected Host: sjm.localhost:3000 http://sjm.localhost:3000/dashboardportal/sales/salesInvoice @ http://sjm.localhost:3000/_next/static/chunks/217dd_next_dist_9c560571._.js:2297
[  795486ms] [LOG] Detected Host: sjm.localhost:3000 http://sjm.localhost:3000/dashboardportal/sales/salesInvoice @ http://sjm.localhost:3000/_next/static/chunks/217dd_next_dist_9c560571._.js:2297
[  795509ms] [LOG] Detected Host: sjm.localhost:3000 http://sjm.localhost:3000/dashboardportal/sales/salesInvoice @ http://sjm.localhost:3000/_next/static/chunks/217dd_next_dist_9c560571._.js:2297
[  795510ms] [LOG] Detected Host: sjm.localhost:3000 http://sjm.localhost:3000/dashboardportal/sales/salesInvoice @ http://sjm.localhost:3000/_next/static/chunks/217dd_next_dist_9c560571._.js:2297
[  795535ms] [LOG] Detected Host: sjm.localhost:3000 http://sjm.localhost:3000/dashboardportal/sales/salesInvoice @ http://sjm.localhost:3000/_next/static/chunks/217dd_next_dist_9c560571._.js:2297
[  795536ms] [LOG] Detected Host: sjm.localhost:3000 http://sjm.localhost:3000/dashboardportal/sales/salesInvoice @ http://sjm.localhost:3000/_next/static/chunks/217dd_next_dist_9c560571._.js:2297
[  795573ms] [LOG] Detected Host: sjm.localhost:3000 http://sjm.localhost:3000/dashboardportal/sales/salesInvoice @ http://sjm.localhost:3000/_next/static/chunks/217dd_next_dist_9c560571._.js:2297
[  795574ms] [LOG] Detected Host: sjm.localhost:3000 http://sjm.localhost:3000/dashboardportal/sales/salesInvoice @ http://sjm.localhost:3000/_next/static/chunks/217dd_next_dist_9c560571._.js:2297
[  795601ms] [LOG] Detected Host: sjm.localhost:3000 http://sjm.localhost:3000/dashboardportal/sales/salesInvoice @ http://sjm.localhost:3000/_next/static/chunks/217dd_next_dist_9c560571._.js:2297
[  795601ms] [LOG] Detected Host: sjm.localhost:3000 http://sjm.localhost:3000/dashboardportal/sales/salesInvoice @ http://sjm.localhost:3000/_next/static/chunks/217dd_next_dist_9c560571._.js:2297
[  795631ms] [LOG] Detected Host: sjm.localhost:3000 http://sjm.localhost:3000/dashboardportal/sales/salesInvoice @ http://sjm.localhost:3000/_next/static/chunks/217dd_next_dist_9c560571._.js:2297
[  795632ms] [LOG] Detected Host: sjm.localhost:3000 http://sjm.localhost:3000/dashboardportal/sales/salesInvoice @ http://sjm.localhost:3000/_next/static/chunks/217dd_next_dist_9c560571._.js:2297
[  795703ms] [LOG] Detected Host: sjm.localhost:3000 http://sjm.localhost:3000/dashboardportal/sales/salesInvoice @ http://sjm.localhost:3000/_next/static/chunks/217dd_next_dist_9c560571._.js:2297
[  795709ms] [LOG] Detected Host: sjm.localhost:3000 http://sjm.localhost:3000/dashboardportal/sales/salesInvoice @ http://sjm.localhost:3000/_next/static/chunks/217dd_next_dist_9c560571._.js:2297
[  795793ms] [LOG] Detected Host: sjm.localhost:3000 http://sjm.localhost:3000/dashboardportal/sales/salesInvoice @ http://sjm.localhost:3000/_next/static/chunks/217dd_next_dist_9c560571._.js:2297
[  795797ms] [LOG] Detected Host: sjm.localhost:3000 http://sjm.localhost:3000/dashboardportal/sales/salesInvoice @ http://sjm.localhost:3000/_next/static/chunks/217dd_next_dist_9c560571._.js:2297
[  795921ms] [LOG] Detected Host: sjm.localhost:3000 http://sjm.localhost:3000/dashboardportal/sales/salesInvoice @ http://sjm.localhost:3000/_next/static/chunks/217dd_next_dist_9c560571._.js:2297
[  795927ms] [LOG] Detected Host: sjm.localhost:3000 http://sjm.localhost:3000/dashboardportal/sales/salesInvoice @ http://sjm.localhost:3000/_next/static/chunks/217dd_next_dist_9c560571._.js:2297
[  796214ms] [LOG] Detected Host: sjm.localhost:3000 http://sjm.localhost:3000/dashboardportal/sales/salesInvoice @ http://sjm.localhost:3000/_next/static/chunks/217dd_next_dist_9c560571._.js:2297
[  796219ms] [LOG] Detected Host: sjm.localhost:3000 http://sjm.localhost:3000/dashboardportal/sales/salesInvoice @ http://sjm.localhost:3000/_next/static/chunks/217dd_next_dist_9c560571._.js:2297
[  796356ms] [LOG] Detected Host: sjm.localhost:3000 http://sjm.localhost:3000/dashboardportal/sales/salesInvoice @ http://sjm.localhost:3000/_next/static/chunks/217dd_next_dist_9c560571._.js:2297
[  796360ms] [LOG] Detected Host: sjm.localhost:3000 http://sjm.localhost:3000/dashboardportal/sales/salesInvoice @ http://sjm.localhost:3000/_next/static/chunks/217dd_next_dist_9c560571._.js:2297
[  796503ms] [LOG] [Fast Refresh] rebuilding @ http://sjm.localhost:3000/_next/static/chunks/217dd_next_dist_9c560571._.js:2297
[  796508ms] [LOG] [Fast Refresh] done in 833ms @ http://sjm.localhost:3000/_next/static/chunks/217dd_next_dist_9c560571._.js:2297
[  796827ms] [LOG] [Fast Refresh] rebuilding @ http://sjm.localhost:3000/_next/static/chunks/217dd_next_dist_9c560571._.js:2297
[  798743ms] [LOG] [Fast Refresh] done in 2027ms @ http://sjm.localhost:3000/_next/static/chunks/217dd_next_dist_9c560571._.js:2297
[  799008ms] [INFO] %cDownload the React DevTools for a better development experience: https://react.dev/link/react-devtools font-weight:bold @ http://sjm.localhost:3000/_next/static/chunks/217dd_next_dist_9c560571._.js:2297
[  799049ms] [LOG] [HMR] connected @ http://sjm.localhost:3000/_next/static/chunks/217dd_next_dist_9c560571._.js:2297
[  799265ms] [LOG] Detected Host: sjm.localhost:3000 http://sjm.localhost:3000/dashboardportal/sales/salesOrder @ http://sjm.localhost:3000/_next/static/chunks/217dd_next_dist_9c560571._.js:2297
[  799265ms] [LOG] Detected Host: sjm.localhost:3000 http://sjm.localhost:3000/dashboardportal/sales/salesOrder @ http://sjm.localhost:3000/_next/static/chunks/217dd_next_dist_9c560571._.js:2297
[  799290ms] [LOG] Detected Host: sjm.localhost:3000 http://sjm.localhost:3000/dashboardportal/sales/salesOrder @ http://sjm.localhost:3000/_next/static/chunks/217dd_next_dist_9c560571._.js:2297
[  799291ms] [LOG] Detected Host: sjm.localhost:3000 http://sjm.localhost:3000/dashboardportal/sales/salesOrder @ http://sjm.localhost:3000/_next/static/chunks/217dd_next_dist_9c560571._.js:2297
[  799316ms] [LOG] Detected Host: sjm.localhost:3000 http://sjm.localhost:3000/dashboardportal/sales/salesOrder @ http://sjm.localhost:3000/_next/static/chunks/217dd_next_dist_9c560571._.js:2297
[  799316ms] [LOG] Detected Host: sjm.localhost:3000 http://sjm.localhost:3000/dashboardportal/sales/salesOrder @ http://sjm.localhost:3000/_next/static/chunks/217dd_next_dist_9c560571._.js:2297
[  799339ms] [LOG] Detected Host: sjm.localhost:3000 http://sjm.localhost:3000/dashboardportal/sales/salesOrder @ http://sjm.localhost:3000/_next/static/chunks/217dd_next_dist_9c560571._.js:2297
[  799340ms] [LOG] Detected Host: sjm.localhost:3000 http://sjm.localhost:3000/dashboardportal/sales/salesOrder @ http://sjm.localhost:3000/_next/static/chunks/217dd_next_dist_9c560571._.js:2297
[  799363ms] [LOG] Detected Host: sjm.localhost:3000 http://sjm.localhost:3000/dashboardportal/sales/salesOrder @ http://sjm.localhost:3000/_next/static/chunks/217dd_next_dist_9c560571._.js:2297
[  799364ms] [LOG] Detected Host: sjm.localhost:3000 http://sjm.localhost:3000/dashboardportal/sales/salesOrder @ http://sjm.localhost:3000/_next/static/chunks/217dd_next_dist_9c560571._.js:2297
[  799386ms] [LOG] Detected Host: sjm.localhost:3000 http://sjm.localhost:3000/dashboardportal/sales/salesOrder @ http://sjm.localhost:3000/_next/static/chunks/217dd_next_dist_9c560571._.js:2297
[  799387ms] [LOG] Detected Host: sjm.localhost:3000 http://sjm.localhost:3000/dashboardportal/sales/salesOrder @ http://sjm.localhost:3000/_next/static/chunks/217dd_next_dist_9c560571._.js:2297
[  799414ms] [LOG] Detected Host: sjm.localhost:3000 http://sjm.localhost:3000/dashboardportal/sales/salesOrder @ http://sjm.localhost:3000/_next/static/chunks/217dd_next_dist_9c560571._.js:2297
[  799414ms] [LOG] Detected Host: sjm.localhost:3000 http://sjm.localhost:3000/dashboardportal/sales/salesOrder @ http://sjm.localhost:3000/_next/static/chunks/217dd_next_dist_9c560571._.js:2297
[  799437ms] [LOG] Detected Host: sjm.localhost:3000 http://sjm.localhost:3000/dashboardportal/sales/salesOrder @ http://sjm.localhost:3000/_next/static/chunks/217dd_next_dist_9c560571._.js:2297
[  799437ms] [LOG] Detected Host: sjm.localhost:3000 http://sjm.localhost:3000/dashboardportal/sales/salesOrder @ http://sjm.localhost:3000/_next/static/chunks/217dd_next_dist_9c560571._.js:2297
[  799509ms] [LOG] Detected Host: sjm.localhost:3000 http://sjm.localhost:3000/dashboardportal/sales/salesOrder @ http://sjm.localhost:3000/_next/static/chunks/217dd_next_dist_9c560571._.js:2297
[  799515ms] [LOG] Detected Host: sjm.localhost:3000 http://sjm.localhost:3000/dashboardportal/sales/salesOrder @ http://sjm.localhost:3000/_next/static/chunks/217dd_next_dist_9c560571._.js:2297
[  799598ms] [LOG] Detected Host: sjm.localhost:3000 http://sjm.localhost:3000/dashboardportal/sales/salesOrder @ http://sjm.localhost:3000/_next/static/chunks/217dd_next_dist_9c560571._.js:2297
[  799602ms] [LOG] Detected Host: sjm.localhost:3000 http://sjm.localhost:3000/dashboardportal/sales/salesOrder @ http://sjm.localhost:3000/_next/static/chunks/217dd_next_dist_9c560571._.js:2297
[  799694ms] [LOG] Detected Host: sjm.localhost:3000 http://sjm.localhost:3000/dashboardportal/sales/salesOrder @ http://sjm.localhost:3000/_next/static/chunks/217dd_next_dist_9c560571._.js:2297
[  799699ms] [LOG] Detected Host: sjm.localhost:3000 http://sjm.localhost:3000/dashboardportal/sales/salesOrder @ http://sjm.localhost:3000/_next/static/chunks/217dd_next_dist_9c560571._.js:2297
[  799909ms] [LOG] Detected Host: sjm.localhost:3000 http://sjm.localhost:3000/dashboardportal/sales/salesOrder @ http://sjm.localhost:3000/_next/static/chunks/217dd_next_dist_9c560571._.js:2297
[  799910ms] [LOG] Detected Host: sjm.localhost:3000 http://sjm.localhost:3000/dashboardportal/sales/salesOrder @ http://sjm.localhost:3000/_next/static/chunks/217dd_next_dist_9c560571._.js:2297
[  800008ms] [LOG] Detected Host: sjm.localhost:3000 http://sjm.localhost:3000/dashboardportal/sales/salesOrder @ http://sjm.localhost:3000/_next/static/chunks/217dd_next_dist_9c560571._.js:2297
[  800009ms] [LOG] Detected Host: sjm.localhost:3000 http://sjm.localhost:3000/dashboardportal/sales/salesOrder @ http://sjm.localhost:3000/_next/static/chunks/217dd_next_dist_9c560571._.js:2297
[  838754ms] [LOG] [Fast Refresh] rebuilding @ http://sjm.localhost:3000/_next/static/chunks/217dd_next_dist_9c560571._.js:2297
[  840159ms] [LOG] [Fast Refresh] done in 1510ms @ http://sjm.localhost:3000/_next/static/chunks/217dd_next_dist_9c560571._.js:2297
[  955447ms] [LOG] [HMR] connected @ http://sjm.localhost:3000/_next/static/chunks/217dd_next_dist_9c560571._.js:2297
[  955652ms] [LOG] [Fast Refresh] rebuilding @ http://sjm.localhost:3000/_next/static/chunks/217dd_next_dist_9c560571._.js:2297
[  955926ms] [LOG] [Fast Refresh] done in 386ms @ http://sjm.localhost:3000/_next/static/chunks/217dd_next_dist_9c560571._.js:2297
[  956186ms] [LOG] [Fast Refresh] rebuilding @ http://sjm.localhost:3000/_next/static/chunks/217dd_next_dist_9c560571._.js:2297
[  956220ms] [LOG] [Fast Refresh] done in 139ms @ http://sjm.localhost:3000/_next/static/chunks/217dd_next_dist_9c560571._.js:2297
[  956663ms] [LOG] [Fast Refresh] rebuilding @ http://sjm.localhost:3000/_next/static/chunks/217dd_next_dist_9c560571._.js:2297
[  956718ms] [LOG] [Fast Refresh] done in 160ms @ http://sjm.localhost:3000/_next/static/chunks/217dd_next_dist_9c560571._.js:2297
[  957533ms] [LOG] Detected Host: sjm.localhost:3000 http://sjm.localhost:3000/dashboardportal/sales/salesOrder @ http://sjm.localhost:3000/_next/static/chunks/217dd_next_dist_9c560571._.js:2297
[  957537ms] [LOG] Detected Host: sjm.localhost:3000 http://sjm.localhost:3000/dashboardportal/sales/salesOrder @ http://sjm.localhost:3000/_next/static/chunks/217dd_next_dist_9c560571._.js:2297
[  968735ms] [LOG] Detected Host: sjm.localhost:3000 http://sjm.localhost:3000/dashboardportal/sales/salesOrder @ http://sjm.localhost:3000/_next/static/chunks/217dd_next_dist_9c560571._.js:2297
[  968737ms] [LOG] Detected Host: sjm.localhost:3000 http://sjm.localhost:3000/dashboardportal/sales/salesOrder @ http://sjm.localhost:3000/_next/static/chunks/217dd_next_dist_9c560571._.js:2297
[  969163ms] [LOG] Detected Host: sjm.localhost:3000 http://sjm.localhost:3000/dashboardportal/sales/salesOrder @ http://sjm.localhost:3000/_next/static/chunks/217dd_next_dist_9c560571._.js:2297
[  969165ms] [LOG] Detected Host: sjm.localhost:3000 http://sjm.localhost:3000/dashboardportal/sales/salesOrder @ http://sjm.localhost:3000/_next/static/chunks/217dd_next_dist_9c560571._.js:2297
[  973573ms] [LOG] Detected Host: sjm.localhost:3000 http://sjm.localhost:3000/dashboardportal/sales/salesOrder @ http://sjm.localhost:3000/_next/static/chunks/217dd_next_dist_9c560571._.js:2297
[  973577ms] [LOG] Detected Host: sjm.localhost:3000 http://sjm.localhost:3000/dashboardportal/sales/salesOrder @ http://sjm.localhost:3000/_next/static/chunks/217dd_next_dist_9c560571._.js:2297
[  976729ms] [LOG] Detected Host: sjm.localhost:3000 http://sjm.localhost:3000/dashboardportal/sales/salesOrder @ http://sjm.localhost:3000/_next/static/chunks/217dd_next_dist_9c560571._.js:2297
[  976731ms] [LOG] Detected Host: sjm.localhost:3000 http://sjm.localhost:3000/dashboardportal/sales/salesOrder @ http://sjm.localhost:3000/_next/static/chunks/217dd_next_dist_9c560571._.js:2297
[  978379ms] [LOG] Detected Host: sjm.localhost:3000 http://sjm.localhost:3000/dashboardportal/sales/salesOrder @ http://sjm.localhost:3000/_next/static/chunks/217dd_next_dist_9c560571._.js:2297
[  978383ms] [LOG] Detected Host: sjm.localhost:3000 http://sjm.localhost:3000/dashboardportal/sales/salesOrder @ http://sjm.localhost:3000/_next/static/chunks/217dd_next_dist_9c560571._.js:2297
[  982020ms] [LOG] Detected Host: sjm.localhost:3000 http://sjm.localhost:3000/dashboardportal/sales/salesOrder @ http://sjm.localhost:3000/_next/static/chunks/217dd_next_dist_9c560571._.js:2297
[  982022ms] [LOG] Detected Host: sjm.localhost:3000 http://sjm.localhost:3000/dashboardportal/sales/salesOrder @ http://sjm.localhost:3000/_next/static/chunks/217dd_next_dist_9c560571._.js:2297
[ 1000289ms] [LOG] Detected Host: sjm.localhost:3000 http://sjm.localhost:3000/dashboardportal/sales/salesOrder @ http://sjm.localhost:3000/_next/static/chunks/217dd_next_dist_9c560571._.js:2297
[ 1000290ms] [LOG] Detected Host: sjm.localhost:3000 http://sjm.localhost:3000/dashboardportal/sales/salesOrder @ http://sjm.localhost:3000/_next/static/chunks/217dd_next_dist_9c560571._.js:2297
[ 1027767ms] [LOG] Detected Host: sjm.localhost:3000 http://sjm.localhost:3000/dashboardportal/sales/salesOrder @ http://sjm.localhost:3000/_next/static/chunks/217dd_next_dist_9c560571._.js:2297
[ 1027769ms] [LOG] Detected Host: sjm.localhost:3000 http://sjm.localhost:3000/dashboardportal/sales/salesOrder @ http://sjm.localhost:3000/_next/static/chunks/217dd_next_dist_9c560571._.js:2297
[ 1031539ms] [LOG] [Fast Refresh] rebuilding @ http://sjm.localhost:3000/_next/static/chunks/217dd_next_dist_9c560571._.js:2297
[ 1031584ms] [LOG] [Fast Refresh] done in 155ms @ http://sjm.localhost:3000/_next/static/chunks/217dd_next_dist_9c560571._.js:2297
[ 1031634ms] [LOG] Detected Host: sjm.localhost:3000 http://sjm.localhost:3000/dashboardportal/sales/salesOrder @ http://sjm.localhost:3000/_next/static/chunks/217dd_next_dist_9c560571._.js:2297
[ 1031637ms] [LOG] Detected Host: sjm.localhost:3000 http://sjm.localhost:3000/dashboardportal/sales/salesOrder @ http://sjm.localhost:3000/_next/static/chunks/217dd_next_dist_9c560571._.js:2297
[ 1035517ms] [LOG] Subdomain: sjm @ http://sjm.localhost:3000/_next/static/chunks/217dd_next_dist_9c560571._.js:2297
[ 1035517ms] [LOG] API_URL for all http://192.168.0.133:8000/api @ http://sjm.localhost:3000/_next/static/chunks/217dd_next_dist_9c560571._.js:2297
[ 1035517ms] [LOG] API Request Data: {username: njmadmin@vowerp.co.in, password: 123456, logintype: admin, rememberMe: false} path http://192.168.0.133:8000/api/authRoutes/loginconsole @ http://sjm.localhost:3000/_next/static/chunks/217dd_next_dist_9c560571._.js:2297
[ 1036181ms] [LOG] API Response: {data: Object, status: 200, statusText: OK, headers: AxiosHeaders, config: Object} @ http://sjm.localhost:3000/_next/static/chunks/217dd_next_dist_9c560571._.js:2297
[ 1036181ms] [LOG] Cookies after login:  @ http://sjm.localhost:3000/_next/static/chunks/217dd_next_dist_9c560571._.js:2297
[ 1036181ms] [LOG] Login successful @ http://sjm.localhost:3000/_next/static/chunks/217dd_next_dist_9c560571._.js:2297
[ 1036313ms] [LOG] [Fast Refresh] rebuilding @ http://sjm.localhost:3000/_next/static/chunks/217dd_next_dist_9c560571._.js:2297
[ 1036356ms] [LOG] [Fast Refresh] done in 152ms @ http://sjm.localhost:3000/_next/static/chunks/217dd_next_dist_9c560571._.js:2297
[ 1036588ms] [INFO] %cDownload the React DevTools for a better development experience: https://react.dev/link/react-devtools font-weight:bold @ http://sjm.localhost:3000/_next/static/chunks/217dd_next_dist_9c560571._.js:2297
[ 1036640ms] [LOG] [HMR] connected @ http://sjm.localhost:3000/_next/static/chunks/217dd_next_dist_9c560571._.js:2297
[ 1036725ms] [LOG] [] @ http://sjm.localhost:3000/_next/static/chunks/217dd_next_dist_9c560571._.js:2297
[ 1036725ms] [LOG] [] @ http://sjm.localhost:3000/_next/static/chunks/217dd_next_dist_9c560571._.js:2297
[ 1036924ms] [LOG] [Object, Object, Object, Object] @ http://sjm.localhost:3000/_next/static/chunks/217dd_next_dist_9c560571._.js:2297
[ 1036925ms] [LOG] [Object, Object, Object, Object] @ http://sjm.localhost:3000/_next/static/chunks/217dd_next_dist_9c560571._.js:2297
[ 1236263ms] [LOG] [Fast Refresh] rebuilding @ http://sjm.localhost:3000/_next/static/chunks/217dd_next_dist_9c560571._.js:2297
[ 1236506ms] [LOG] [Fast Refresh] done in 355ms @ http://sjm.localhost:3000/_next/static/chunks/217dd_next_dist_9c560571._.js:2297
[ 1236680ms] [LOG] [Fast Refresh] rebuilding @ http://sjm.localhost:3000/_next/static/chunks/217dd_next_dist_9c560571._.js:2297
[ 1236690ms] [LOG] [Fast Refresh] done in 114ms @ http://sjm.localhost:3000/_next/static/chunks/217dd_next_dist_9c560571._.js:2297
[ 1254604ms] [LOG] [Fast Refresh] rebuilding @ http://sjm.localhost:3000/_next/static/chunks/217dd_next_dist_9c560571._.js:2297
[ 1254678ms] [LOG] [Fast Refresh] done in 179ms @ http://sjm.localhost:3000/_next/static/chunks/217dd_next_dist_9c560571._.js:2297
[ 1293181ms] [LOG] [Fast Refresh] rebuilding @ http://sjm.localhost:3000/_next/static/chunks/217dd_next_dist_9c560571._.js:2297
[ 1293886ms] [LOG] [Fast Refresh] done in 811ms @ http://sjm.localhost:3000/_next/static/chunks/217dd_next_dist_9c560571._.js:2297
[ 1294057ms] [LOG] [Fast Refresh] rebuilding @ http://sjm.localhost:3000/_next/static/chunks/217dd_next_dist_9c560571._.js:2297
[ 1294071ms] [LOG] [Fast Refresh] done in 118ms @ http://sjm.localhost:3000/_next/static/chunks/217dd_next_dist_9c560571._.js:2297
[ 1294265ms] [LOG] [Fast Refresh] rebuilding @ http://sjm.localhost:3000/_next/static/chunks/217dd_next_dist_9c560571._.js:2297
[ 1294315ms] [LOG] [Fast Refresh] done in 161ms @ http://sjm.localhost:3000/_next/static/chunks/217dd_next_dist_9c560571._.js:2297
